"group_night";"cond";"IdLabel";"group";"sex";"phase";"n_detections";"n_chases";"n_feedings";"prop_chases";"n_chased";"weight";"glicko_rating";"glicko_rank";"prop_chased"
-2;"train";"Ind19";"mixed4";"f";"2";398;0;335;0;0;10.33;1855.84888074887;4;0
-2;"train";"Ind20";"mixed4";"f";"2";736;3;279;0.00407608695652174;2;10.47;1785.90858935726;6;0.00271739130434783
-2;"train";"Ind21";"mixed4";"m";"2";74;0;1;0;0;8.7;2093.50682339093;2;0
-2;"train";"Ind22";"mixed4";"m";"2";1;0;0;0;0;8.89;2672.21544625536;1;0
-2;"train";"Ind23";"mixed4";"f";"1";1;0;0;0;0;9.95;1851.76346357324;5;0
-2;"train";"Ind23";"mixed4";"f";"2";496;2;311;0.00403225806451613;3;9.95;1851.76346357324;5;0.00604838709677419
-2;"train";"Ind24";"mixed4";"m";"1";1;0;0;0;0;9.32;1922.08783787267;3;0
-2;"train";"Ind24";"mixed4";"m";"2";209;0;170;0;0;9.32;1922.08783787267;3;0
-1;"train";"Ind10";"mixed2";"f";"1";374;2;190;0.0053475935828877;0;9.69;1802.00629065308;5;0
-1;"train";"Ind10";"mixed2";"f";"2";586;2;389;0.00341296928327645;0;9.69;1802.00629065308;5;0
-1;"train";"Ind11";"mixed2";"f";"1";259;0;233;0;0;9.64;2256.45302967819;2;0
-1;"train";"Ind11";"mixed2";"f";"2";423;0;364;0;0;9.64;2256.45302967819;2;0
-1;"train";"Ind12";"mixed2";"f";"1";402;0;147;0;2;9.88;1775.29570607386;6;0.00497512437810945
-1;"train";"Ind12";"mixed2";"f";"2";623;0;457;0;1;9.88;1775.29570607386;6;0.00160513643659711
-1;"train";"Ind19";"mixed4";"f";"1";384;0;291;0;0;10.33;1855.84888074887;4;0
-1;"train";"Ind19";"mixed4";"f";"2";810;0;665;0;0;10.33;1855.84888074887;4;0
-1;"train";"Ind20";"mixed4";"f";"1";326;0;151;0;0;10.47;1785.90858935726;6;0
-1;"train";"Ind20";"mixed4";"f";"2";993;0;674;0;2;10.47;1785.90858935726;6;0.00201409869083585
-1;"train";"Ind21";"mixed4";"m";"2";490;3;64;0.00612244897959184;1;8.7;2093.50682339093;2;0.00204081632653061
-1;"train";"Ind22";"mixed4";"m";"2";359;0;228;0;0;8.89;2672.21544625536;1;0
-1;"train";"Ind23";"mixed4";"f";"1";271;0;159;0;0;9.95;1851.76346357324;5;0
-1;"train";"Ind23";"mixed4";"f";"2";975;1;614;0.00102564102564103;0;9.95;1851.76346357324;5;0
-1;"train";"Ind24";"mixed4";"m";"1";54;0;31;0;0;9.32;1922.08783787267;3;0
-1;"train";"Ind24";"mixed4";"m";"2";561;1;513;0.0017825311942959;2;9.32;1922.08783787267;3;0.0035650623885918
-1;"train";"Ind25";"6m";"m";"1";245;0;207;0;0;9.87;2214.24441062051;3;0
-1;"train";"Ind25";"6m";"m";"2";439;0;366;0;0;9.87;2214.24441062051;3;0
-1;"train";"Ind26";"6m";"m";"2";121;0;65;0;0;9.85;2620.61200120589;1;0
-1;"train";"Ind27";"6m";"m";"2";351;0;65;0;0;9.02;1676.60040124505;6;0
-1;"train";"Ind28";"6m";"m";"1";303;0;253;0;0;9.72;1737.70825906718;5;0
-1;"train";"Ind28";"6m";"m";"2";312;0;282;0;0;9.72;1737.70825906718;5;0
-1;"train";"Ind30";"6m";"m";"2";140;0;38;0;0;8.75;1940.09572092232;4;0
-1;"train";"Ind31";"6f";"f";"1";851;1;477;0.00117508813160987;0;10.09;2121.65028123233;4;0
-1;"train";"Ind31";"6f";"f";"2";591;1;396;0.00169204737732657;0;10.09;2121.65028123233;4;0
-1;"train";"Ind32";"6f";"f";"1";405;0;285;0;1;9.41;2313.75449249427;2;0.00246913580246914
-1;"train";"Ind32";"6f";"f";"2";614;0;382;0;1;9.41;2313.75449249427;2;0.00162866449511401
-1;"train";"Ind8";"mixed2";"m";"1";264;0;55;0;0;9.85;2681.62512514229;1;0
-1;"train";"Ind8";"mixed2";"m";"2";565;0;320;0;1;9.85;2681.62512514229;1;0.00176991150442478
-1;"train";"Ind9";"mixed2";"m";"1";206;0;136;0;0;10.24;1808.895470971;4;0
-1;"train";"Ind9";"mixed2";"m";"2";430;0;311;0;0;10.24;1808.895470971;4;0
0;"train";"Ind1";"mixed1";"m";"1";392;0;292;0;0;9.99;2543.16597429174;2;0
0;"train";"Ind1";"mixed1";"m";"2";611;0;432;0;0;9.99;2543.16597429174;2;0
0;"train";"Ind10";"mixed2";"f";"1";719;0;357;0;0;9.69;1802.00629065308;5;0
0;"train";"Ind10";"mixed2";"f";"2";371;0;254;0;0;9.69;1802.00629065308;5;0
0;"train";"Ind11";"mixed2";"f";"1";539;0;290;0;0;9.64;2256.45302967819;2;0
0;"train";"Ind11";"mixed2";"f";"2";330;0;279;0;0;9.64;2256.45302967819;2;0
0;"train";"Ind12";"mixed2";"f";"1";702;0;267;0;0;9.88;1775.29570607386;6;0
0;"train";"Ind12";"mixed2";"f";"2";585;0;352;0;0;9.88;1775.29570607386;6;0
0;"train";"Ind13";"mixed3";"m";"1";134;0;84;0;0;10.44;1838.67318109454;5;0
0;"train";"Ind13";"mixed3";"m";"2";453;0;377;0;0;10.44;1838.67318109454;5;0
0;"train";"Ind14";"mixed3";"m";"1";352;0;179;0;0;9.88;2642.01193897293;1;0
0;"train";"Ind14";"mixed3";"m";"2";477;0;360;0;0;9.88;2642.01193897293;1;0
0;"train";"Ind15";"mixed3";"f";"1";624;0;425;0;0;10.37;1830.38182208263;6;0
0;"train";"Ind15";"mixed3";"f";"2";557;0;499;0;5;10.37;1830.38182208263;6;0.00897666068222621
0;"train";"Ind16";"mixed3";"m";"1";403;0;120;0;0;9.91;2113.56964502888;3;0
0;"train";"Ind16";"mixed3";"m";"2";562;0;407;0;0;9.91;2113.56964502888;3;0
0;"train";"Ind17";"mixed3";"f";"1";9;0;0;0;0;10.16;1863.29677899266;4;0
0;"train";"Ind17";"mixed3";"f";"2";728;5;346;0.00686813186813187;1;10.16;1863.29677899266;4;0.00137362637362637
0;"train";"Ind18";"mixed3";"f";"1";423;0;216;0;0;9.55;2172.14532641083;2;0
0;"train";"Ind18";"mixed3";"f";"2";757;4;474;0.00528401585204756;3;9.55;2172.14532641083;2;0.00396301188903567
0;"train";"Ind19";"mixed4";"f";"1";633;0;520;0;1;10.33;1855.84888074887;4;0.00157977883096367
0;"train";"Ind19";"mixed4";"f";"2";612;0;523;0;0;10.33;1855.84888074887;4;0
0;"train";"Ind2";"mixed1";"m";"1";423;0;282;0;1;9.28;2498.2665797935;3;0.00236406619385343
0;"train";"Ind2";"mixed1";"m";"2";549;0;372;0;0;9.28;2498.2665797935;3;0
0;"train";"Ind20";"mixed4";"f";"1";524;1;359;0.00190839694656489;2;10.47;1785.90858935726;6;0.00381679389312977
0;"train";"Ind20";"mixed4";"f";"2";590;0;462;0;5;10.47;1785.90858935726;6;0.00847457627118644
0;"train";"Ind21";"mixed4";"m";"1";429;1;338;0.00233100233100233;0;8.7;2093.50682339093;2;0
0;"train";"Ind21";"mixed4";"m";"2";344;2;264;0.00581395348837209;0;8.7;2093.50682339093;2;0
0;"train";"Ind22";"mixed4";"m";"1";515;1;302;0.00194174757281553;1;8.89;2672.21544625536;1;0.00194174757281553
0;"train";"Ind22";"mixed4";"m";"2";485;1;347;0.00206185567010309;1;8.89;2672.21544625536;1;0.00206185567010309
0;"train";"Ind23";"mixed4";"f";"1";547;1;395;0.00182815356489945;0;9.95;1851.76346357324;5;0
0;"train";"Ind23";"mixed4";"f";"2";689;0;501;0;1;9.95;1851.76346357324;5;0.00145137880986938
0;"train";"Ind24";"mixed4";"m";"1";170;0;148;0;0;9.32;1922.08783787267;3;0
0;"train";"Ind24";"mixed4";"m";"2";511;4;462;0.00782778864970646;0;9.32;1922.08783787267;3;0
0;"train";"Ind25";"6m";"m";"1";364;4;277;0.010989010989011;0;9.87;2214.24441062051;3;0
0;"train";"Ind25";"6m";"m";"2";493;0;333;0;0;9.87;2214.24441062051;3;0
0;"train";"Ind26";"6m";"m";"1";460;0;316;0;0;9.85;2620.61200120589;1;0
0;"train";"Ind26";"6m";"m";"2";502;0;370;0;1;9.85;2620.61200120589;1;0.00199203187250996
0;"train";"Ind27";"6m";"m";"1";675;1;374;0.00148148148148148;1;9.02;1676.60040124505;6;0.00148148148148148
0;"train";"Ind27";"6m";"m";"2";754;1;456;0.0013262599469496;0;9.02;1676.60040124505;6;0
0;"train";"Ind28";"6m";"m";"1";369;0;314;0;0;9.72;1737.70825906718;5;0
0;"train";"Ind28";"6m";"m";"2";373;0;330;0;0;9.72;1737.70825906718;5;0
0;"train";"Ind29";"6m";"m";"1";542;0;351;0;1;10;2511.52966838891;2;0.0018450184501845
0;"train";"Ind29";"6m";"m";"2";538;0;387;0;0;10;2511.52966838891;2;0
0;"train";"Ind3";"mixed1";"f";"1";715;1;519;0.0013986013986014;0;9.36;1761.04654471119;6;0
0;"train";"Ind3";"mixed1";"f";"2";568;0;429;0;0;9.36;1761.04654471119;6;0
0;"train";"Ind30";"6m";"m";"1";537;0;389;0;3;8.75;1940.09572092232;4;0.00558659217877095
0;"train";"Ind30";"6m";"m";"2";388;0;254;0;0;8.75;1940.09572092232;4;0
0;"train";"Ind31";"6f";"f";"1";632;2;379;0.00316455696202532;0;10.09;2121.65028123233;4;0
0;"train";"Ind31";"6f";"f";"2";579;1;428;0.00172711571675302;0;10.09;2121.65028123233;4;0
0;"train";"Ind32";"6f";"f";"1";722;1;512;0.00138504155124654;2;9.41;2313.75449249427;2;0.00277008310249307
0;"train";"Ind32";"6f";"f";"2";651;1;465;0.00153609831029186;0;9.41;2313.75449249427;2;0
0;"train";"Ind33";"6f";"f";"1";5;0;0;0;0;10.28;1601.19025386996;6;0
0;"train";"Ind33";"6f";"f";"2";545;0;405;0;1;10.28;1601.19025386996;6;0.0018348623853211
0;"train";"Ind34";"6f";"f";"1";483;1;371;0.0020703933747412;0;10.72;1718.12642462743;5;0
0;"train";"Ind34";"6f";"f";"2";409;0;341;0;2;10.72;1718.12642462743;5;0.00488997555012225
0;"train";"Ind35";"6f";"f";"1";516;2;375;0.00387596899224806;3;10.02;2439.38924649633;1;0.00581395348837209
0;"train";"Ind35";"6f";"f";"2";531;1;416;0.00188323917137476;0;10.02;2439.38924649633;1;0
0;"train";"Ind4";"mixed1";"m";"1";612;0;494;0;0;10.17;2572.74418674679;1;0
0;"train";"Ind4";"mixed1";"m";"2";466;0;415;0;0;10.17;2572.74418674679;1;0
0;"train";"Ind5";"mixed1";"f";"1";496;0;363;0;0;9.78;2297.31474182599;4;0
0;"train";"Ind5";"mixed1";"f";"2";741;0;470;0;0;9.78;2297.31474182599;4;0
0;"train";"Ind6";"mixed1";"f";"1";1;0;0;0;0;9.47;1798.44369158866;5;0
0;"train";"Ind6";"mixed1";"f";"2";647;0;322;0;0;9.47;1798.44369158866;5;0
0;"train";"Ind7";"mixed2";"m";"1";552;1;217;0.00181159420289855;0;9.12;2046.62688341225;3;0
0;"train";"Ind7";"mixed2";"m";"2";965;0;595;0;0;9.12;2046.62688341225;3;0
0;"train";"Ind8";"mixed2";"m";"1";848;0;440;0;1;9.85;2681.62512514229;1;0.00117924528301887
0;"train";"Ind8";"mixed2";"m";"2";639;0;504;0;1;9.85;2681.62512514229;1;0.00156494522691706
0;"train";"Ind9";"mixed2";"m";"1";808;0;402;0;0;10.24;1808.895470971;4;0
0;"train";"Ind9";"mixed2";"m";"2";861;1;474;0.00116144018583043;0;10.24;1808.895470971;4;0
1;"test";"Ind1";"mixed1";"m";"1";2243;5;233;0.00222915737851092;0;9.99;2543.16597429174;2;0
1;"test";"Ind1";"mixed1";"m";"2";2985;2;232;0.000670016750418761;1;9.99;2543.16597429174;2;0.00033500837520938
1;"test";"Ind10";"mixed2";"f";"1";1393;0;249;0;0;9.69;1802.00629065308;5;0
1;"test";"Ind10";"mixed2";"f";"2";1608;0;197;0;0;9.69;1802.00629065308;5;0
1;"test";"Ind11";"mixed2";"f";"1";996;0;182;0;0;9.64;2256.45302967819;2;0
1;"test";"Ind11";"mixed2";"f";"2";2357;0;296;0;1;9.64;2256.45302967819;2;0.000424268137462877
1;"test";"Ind12";"mixed2";"f";"1";1740;0;177;0;0;9.88;1775.29570607386;6;0
1;"test";"Ind12";"mixed2";"f";"2";1937;0;195;0;0;9.88;1775.29570607386;6;0
1;"test";"Ind13";"mixed3";"m";"1";1190;1;189;0.000840336134453782;0;10.44;1838.67318109454;5;0
1;"test";"Ind13";"mixed3";"m";"2";2374;3;275;0.0012636899747262;0;10.44;1838.67318109454;5;0
1;"test";"Ind14";"mixed3";"m";"1";1622;0;215;0;0;9.88;2642.01193897293;1;0
1;"test";"Ind14";"mixed3";"m";"2";2637;1;331;0.000379218809252939;1;9.88;2642.01193897293;1;0.000379218809252939
1;"test";"Ind15";"mixed3";"f";"1";1425;0;301;0;1;10.37;1830.38182208263;6;0.000701754385964912
1;"test";"Ind15";"mixed3";"f";"2";1626;0;203;0;1;10.37;1830.38182208263;6;0.000615006150061501
1;"test";"Ind16";"mixed3";"m";"1";1350;0;219;0;0;9.91;2113.56964502888;3;0
1;"test";"Ind16";"mixed3";"m";"2";1696;0;224;0;0;9.91;2113.56964502888;3;0
1;"test";"Ind17";"mixed3";"f";"1";821;0;121;0;0;10.16;1863.29677899266;4;0
1;"test";"Ind17";"mixed3";"f";"2";2796;0;277;0;0;10.16;1863.29677899266;4;0
1;"test";"Ind18";"mixed3";"f";"1";1638;0;235;0;0;9.55;2172.14532641083;2;0
1;"test";"Ind18";"mixed3";"f";"2";2153;0;199;0;2;9.55;2172.14532641083;2;0.000928936367858802
1;"test";"Ind19";"mixed4";"f";"1";2077;0;284;0;4;10.33;1855.84888074887;4;0.00192585459797785
1;"test";"Ind19";"mixed4";"f";"2";2868;2;305;0.000697350069735007;3;10.33;1855.84888074887;4;0.00104602510460251
1;"test";"Ind2";"mixed1";"m";"1";1998;0;177;0;4;9.28;2498.2665797935;3;0.002002002002002
1;"test";"Ind2";"mixed1";"m";"2";3198;1;200;0.000312695434646654;1;9.28;2498.2665797935;3;0.000312695434646654
1;"test";"Ind20";"mixed4";"f";"1";2899;1;316;0.00034494653328734;11;10.47;1785.90858935726;6;0.00379441186616075
1;"test";"Ind20";"mixed4";"f";"2";3570;0;403;0;3;10.47;1785.90858935726;6;0.000840336134453782
1;"test";"Ind21";"mixed4";"m";"1";1369;9;141;0.00657414170927684;10;8.7;2093.50682339093;2;0.00730460189919649
1;"test";"Ind21";"mixed4";"m";"2";1731;4;132;0.00231080300404391;10;8.7;2093.50682339093;2;0.00577700751010976
1;"test";"Ind22";"mixed4";"m";"1";2691;26;407;0.00966183574879227;2;8.89;2672.21544625536;1;0.000743218134522482
1;"test";"Ind22";"mixed4";"m";"2";2646;17;291;0.00642479213907785;1;8.89;2672.21544625536;1;0.000377928949357521
1;"test";"Ind23";"mixed4";"f";"1";1650;0;174;0;3;9.95;1851.76346357324;5;0.00181818181818182
1;"test";"Ind23";"mixed4";"f";"2";2528;1;219;0.000395569620253165;2;9.95;1851.76346357324;5;0.000791139240506329
1;"test";"Ind24";"mixed4";"m";"1";1107;1;92;0.000903342366757001;7;9.32;1922.08783787267;3;0.00632339656729901
1;"test";"Ind24";"mixed4";"m";"2";2352;0;229;0;5;9.32;1922.08783787267;3;0.00212585034013605
1;"test";"Ind25";"6m";"m";"1";700;0;115;0;1;9.87;2214.24441062051;3;0.00142857142857143
1;"test";"Ind25";"6m";"m";"2";1162;1;211;0.000860585197934596;1;9.87;2214.24441062051;3;0.000860585197934596
1;"test";"Ind26";"6m";"m";"1";1747;7;318;0.00400686891814539;0;9.85;2620.61200120589;1;0
1;"test";"Ind27";"6m";"m";"1";1211;0;182;0;5;9.02;1676.60040124505;6;0.00412881915772089
1;"test";"Ind27";"6m";"m";"2";938;0;224;0;1;9.02;1676.60040124505;6;0.00106609808102345
1;"test";"Ind28";"6m";"m";"1";508;0;101;0;1;9.72;1737.70825906718;5;0.00196850393700787
1;"test";"Ind28";"6m";"m";"2";537;0;113;0;2;9.72;1737.70825906718;5;0.0037243947858473
1;"test";"Ind29";"6m";"m";"1";1197;4;309;0.00334168755221387;2;10;2511.52966838891;2;0.00167084377610693
1;"test";"Ind29";"6m";"m";"2";1730;4;549;0.0023121387283237;0;10;2511.52966838891;2;0
1;"test";"Ind3";"mixed1";"f";"1";952;1;90;0.00105042016806723;1;9.36;1761.04654471119;6;0.00105042016806723
1;"test";"Ind3";"mixed1";"f";"2";2401;1;337;0.00041649312786339;5;9.36;1761.04654471119;6;0.00208246563931695
1;"test";"Ind30";"6m";"m";"1";1028;0;160;0;2;8.75;1940.09572092232;4;0.00194552529182879
1;"test";"Ind30";"6m";"m";"2";652;0;158;0;1;8.75;1940.09572092232;4;0.00153374233128834
1;"test";"Ind31";"6f";"f";"1";2517;12;471;0.00476758045292014;3;10.09;2121.65028123233;4;0.00119189511323004
1;"test";"Ind31";"6f";"f";"2";2030;4;258;0.00197044334975369;1;10.09;2121.65028123233;4;0.000492610837438424
1;"test";"Ind32";"6f";"f";"1";1726;4;171;0.00231749710312862;0;9.41;2313.75449249427;2;0
1;"test";"Ind32";"6f";"f";"2";1526;0;151;0;0;9.41;2313.75449249427;2;0
1;"test";"Ind33";"6f";"f";"1";1371;0;161;0;7;10.28;1601.19025386996;6;0.00510576221735959
1;"test";"Ind33";"6f";"f";"2";2553;0;361;0;5;10.28;1601.19025386996;6;0.00195848021934978
1;"test";"Ind34";"6f";"f";"1";813;0;113;0;3;10.72;1718.12642462743;5;0.003690036900369
1;"test";"Ind34";"6f";"f";"2";1839;0;261;0;1;10.72;1718.12642462743;5;0.000543773790103317
1;"test";"Ind35";"6f";"f";"1";2797;3;446;0.00107257776188774;5;10.02;2439.38924649633;1;0.00178762960314623
1;"test";"Ind35";"6f";"f";"2";2528;0;327;0;1;10.02;2439.38924649633;1;0.000395569620253165
1;"test";"Ind36";"6f";"f";"1";426;3;14;0.00704225352112676;4;11.01;2305.73634035046;3;0.00938967136150235
1;"test";"Ind36";"6f";"f";"2";1764;4;176;0.00226757369614512;0;11.01;2305.73634035046;3;0
1;"test";"Ind4";"mixed1";"m";"1";1475;1;277;0.000677966101694915;2;10.17;2572.74418674679;1;0.00135593220338983
1;"test";"Ind4";"mixed1";"m";"2";2331;1;148;0.000429000429000429;0;10.17;2572.74418674679;1;0
1;"test";"Ind5";"mixed1";"f";"1";2326;1;334;0.000429922613929493;1;9.78;2297.31474182599;4;0.000429922613929493
1;"test";"Ind5";"mixed1";"f";"2";2785;3;366;0.00107719928186715;1;9.78;2297.31474182599;4;0.000359066427289048
1;"test";"Ind6";"mixed1";"f";"1";2170;0;329;0;0;9.47;1798.44369158866;5;0
1;"test";"Ind6";"mixed1";"f";"2";2252;0;303;0;0;9.47;1798.44369158866;5;0
1;"test";"Ind7";"mixed2";"m";"1";712;0;78;0;1;9.12;2046.62688341225;3;0.00140449438202247
1;"test";"Ind7";"mixed2";"m";"2";2683;0;271;0;7;9.12;2046.62688341225;3;0.00260901975400671
1;"test";"Ind8";"mixed2";"m";"1";1697;3;306;0.00176782557454331;0;9.85;2681.62512514229;1;0
1;"test";"Ind8";"mixed2";"m";"2";3152;9;357;0.00285532994923858;0;9.85;2681.62512514229;1;0
1;"test";"Ind9";"mixed2";"m";"1";1376;0;211;0;2;10.24;1808.895470971;4;0.00145348837209302
1;"test";"Ind9";"mixed2";"m";"2";2013;1;233;0.000496770988574267;2;10.24;1808.895470971;4;0.000993541977148535
2;"test";"Ind1";"mixed1";"m";"1";2222;6;237;0.0027002700270027;0;9.99;2543.16597429174;2;0
2;"test";"Ind1";"mixed1";"m";"2";3086;3;219;0.000972132209980557;0;9.99;2543.16597429174;2;0
2;"test";"Ind10";"mixed2";"f";"1";1500;0;188;0;7;9.69;1802.00629065308;5;0.00466666666666667
2;"test";"Ind10";"mixed2";"f";"2";2201;0;216;0;5;9.69;1802.00629065308;5;0.00227169468423444
2;"test";"Ind11";"mixed2";"f";"1";2715;0;417;0;5;9.64;2256.45302967819;2;0.00184162062615101
2;"test";"Ind11";"mixed2";"f";"2";3152;1;340;0.000317258883248731;7;9.64;2256.45302967819;2;0.00222081218274112
2;"test";"Ind12";"mixed2";"f";"1";1516;0;172;0;8;9.88;1775.29570607386;6;0.00527704485488127
2;"test";"Ind12";"mixed2";"f";"2";2491;0;238;0;7;9.88;1775.29570607386;6;0.00281011641910879
2;"test";"Ind13";"mixed3";"m";"1";1529;0;194;0;0;10.44;1838.67318109454;5;0
2;"test";"Ind13";"mixed3";"m";"2";2615;0;272;0;0;10.44;1838.67318109454;5;0
2;"test";"Ind14";"mixed3";"m";"1";2010;0;255;0;0;9.88;2642.01193897293;1;0
2;"test";"Ind14";"mixed3";"m";"2";2704;0;379;0;0;9.88;2642.01193897293;1;0
2;"test";"Ind15";"mixed3";"f";"1";2425;1;332;0.000412371134020619;0;10.37;1830.38182208263;6;0
2;"test";"Ind15";"mixed3";"f";"2";2004;0;226;0;0;10.37;1830.38182208263;6;0
2;"test";"Ind16";"mixed3";"m";"1";1252;0;174;0;0;9.91;2113.56964502888;3;0
2;"test";"Ind16";"mixed3";"m";"2";1556;0;175;0;0;9.91;2113.56964502888;3;0
2;"test";"Ind17";"mixed3";"f";"1";2475;0;336;0;0;10.16;1863.29677899266;4;0
2;"test";"Ind17";"mixed3";"f";"2";2580;0;282;0;0;10.16;1863.29677899266;4;0
2;"test";"Ind18";"mixed3";"f";"1";1951;0;214;0;1;9.55;2172.14532641083;2;0.000512557662737058
2;"test";"Ind18";"mixed3";"f";"2";2983;0;264;0;0;9.55;2172.14532641083;2;0
2;"test";"Ind19";"mixed4";"f";"1";1908;0;237;0;6;10.33;1855.84888074887;4;0.00314465408805031
2;"test";"Ind19";"mixed4";"f";"2";2770;1;315;0.00036101083032491;6;10.33;1855.84888074887;4;0.00216606498194946
2;"test";"Ind2";"mixed1";"m";"1";3338;6;313;0.00179748352306771;2;9.28;2498.2665797935;3;0.000599161174355902
2;"test";"Ind2";"mixed1";"m";"2";3625;1;225;0.000275862068965517;0;9.28;2498.2665797935;3;0
2;"test";"Ind20";"mixed4";"f";"1";2363;0;346;0;18;10.47;1785.90858935726;6;0.00761743546339399
2;"test";"Ind20";"mixed4";"f";"2";3502;0;442;0;8;10.47;1785.90858935726;6;0.00228440890919475
2;"test";"Ind21";"mixed4";"m";"1";516;1;68;0.00193798449612403;6;8.7;2093.50682339093;2;0.0116279069767442
2;"test";"Ind21";"mixed4";"m";"2";1155;2;72;0.00173160173160173;3;8.7;2093.50682339093;2;0.0025974025974026
2;"test";"Ind22";"mixed4";"m";"1";2575;39;452;0.0151456310679612;0;8.89;2672.21544625536;1;0
2;"test";"Ind22";"mixed4";"m";"2";2542;21;265;0.00826121164437451;0;8.89;2672.21544625536;1;0
2;"test";"Ind23";"mixed4";"f";"1";1728;0;251;0;6;9.95;1851.76346357324;5;0.00347222222222222
2;"test";"Ind23";"mixed4";"f";"2";2239;1;249;0.000446627958910228;5;9.95;1851.76346357324;5;0.00223313979455114
2;"test";"Ind24";"mixed4";"m";"1";970;0;113;0;4;9.32;1922.08783787267;3;0.00412371134020619
2;"test";"Ind24";"mixed4";"m";"2";2347;0;241;0;3;9.32;1922.08783787267;3;0.00127822752449936
2;"test";"Ind25";"6m";"m";"1";1006;0;323;0;3;9.87;2214.24441062051;3;0.00298210735586481
2;"test";"Ind25";"6m";"m";"2";1505;0;183;0;3;9.87;2214.24441062051;3;0.00199335548172757
2;"test";"Ind26";"6m";"m";"1";1505;8;327;0.0053156146179402;2;9.85;2620.61200120589;1;0.00132890365448505
2;"test";"Ind26";"6m";"m";"2";982;0;108;0;0;9.85;2620.61200120589;1;0
2;"test";"Ind27";"6m";"m";"1";588;0;145;0;3;9.02;1676.60040124505;6;0.00510204081632653
2;"test";"Ind27";"6m";"m";"2";1283;0;135;0;1;9.02;1676.60040124505;6;0.000779423226812159
2;"test";"Ind28";"6m";"m";"1";715;0;169;0;5;9.72;1737.70825906718;5;0.00699300699300699
2;"test";"Ind28";"6m";"m";"2";944;0;151;0;3;9.72;1737.70825906718;5;0.00317796610169492
2;"test";"Ind29";"6m";"m";"1";1426;7;527;0.00490883590462833;2;10;2511.52966838891;2;0.00140252454417952
2;"test";"Ind29";"6m";"m";"2";1161;3;256;0.00258397932816537;0;10;2511.52966838891;2;0
2;"test";"Ind3";"mixed1";"f";"1";751;0;89;0;3;9.36;1761.04654471119;6;0.00399467376830892
2;"test";"Ind3";"mixed1";"f";"2";2136;0;336;0;3;9.36;1761.04654471119;6;0.00140449438202247
2;"test";"Ind30";"6m";"m";"1";78;0;7;0;0;8.75;1940.09572092232;4;0
2;"test";"Ind30";"6m";"m";"2";1468;4;141;0.00272479564032698;0;8.75;1940.09572092232;4;0
2;"test";"Ind31";"6f";"f";"1";3402;13;550;0.00382128159905938;0;10.09;2121.65028123233;4;0
2;"test";"Ind31";"6f";"f";"2";1454;0;160;0;2;10.09;2121.65028123233;4;0.00137551581843191
2;"test";"Ind32";"6f";"f";"1";2057;0;239;0;0;9.41;2313.75449249427;2;0
2;"test";"Ind32";"6f";"f";"2";1002;0;91;0;0;9.41;2313.75449249427;2;0
2;"test";"Ind33";"6f";"f";"1";2247;0;272;0;6;10.28;1601.19025386996;6;0.00267022696929239
2;"test";"Ind33";"6f";"f";"2";1767;0;202;0;0;10.28;1601.19025386996;6;0
2;"test";"Ind34";"6f";"f";"1";1328;0;131;0;2;10.72;1718.12642462743;5;0.00150602409638554
2;"test";"Ind34";"6f";"f";"2";1275;0;139;0;0;10.72;1718.12642462743;5;0
2;"test";"Ind35";"6f";"f";"1";2284;0;246;0;4;10.02;2439.38924649633;1;0.00175131348511384
2;"test";"Ind35";"6f";"f";"2";3013;1;296;0.000331895121141719;0;10.02;2439.38924649633;1;0
2;"test";"Ind36";"6f";"f";"1";4218;2;551;0.000474158368895211;3;11.01;2305.73634035046;3;0.000711237553342817
2;"test";"Ind36";"6f";"f";"2";1696;1;176;0.000589622641509434;0;11.01;2305.73634035046;3;0
2;"test";"Ind4";"mixed1";"m";"1";2413;5;267;0.00207210940737671;1;10.17;2572.74418674679;1;0.000414421881475342
2;"test";"Ind4";"mixed1";"m";"2";454;0;47;0;0;10.17;2572.74418674679;1;0
2;"test";"Ind5";"mixed1";"f";"1";1978;1;345;0.000505561172901921;4;9.78;2297.31474182599;4;0.00202224469160768
2;"test";"Ind5";"mixed1";"f";"2";2550;2;445;0.000784313725490196;1;9.78;2297.31474182599;4;0.000392156862745098
2;"test";"Ind6";"mixed1";"f";"1";928;0;222;0;8;9.47;1798.44369158866;5;0.00862068965517241
2;"test";"Ind6";"mixed1";"f";"2";1845;0;294;0;2;9.47;1798.44369158866;5;0.0010840108401084
2;"test";"Ind7";"mixed2";"m";"1";1091;0;123;0;0;9.12;2046.62688341225;3;0
2;"test";"Ind7";"mixed2";"m";"2";2601;1;204;0.000384467512495194;6;9.12;2046.62688341225;3;0.00230680507497117
2;"test";"Ind8";"mixed2";"m";"1";2816;18;401;0.00639204545454545;1;9.85;2681.62512514229;1;0.000355113636363636
2;"test";"Ind8";"mixed2";"m";"2";3614;30;393;0.00830105146651909;0;9.85;2681.62512514229;1;0
2;"test";"Ind9";"mixed2";"m";"1";1105;4;185;0.00361990950226244;1;10.24;1808.895470971;4;0.000904977375565611
2;"test";"Ind9";"mixed2";"m";"2";1546;1;155;0.000646830530401035;8;10.24;1808.895470971;4;0.00517464424320828
3;"test";"Ind1";"mixed1";"m";"1";94;0;3;0;0;9.99;2543.16597429174;2;0
3;"test";"Ind1";"mixed1";"m";"2";2725;6;231;0.00220183486238532;0;9.99;2543.16597429174;2;0
3;"test";"Ind10";"mixed2";"f";"1";1653;0;254;0;5;9.69;1802.00629065308;5;0.00302480338777979
3;"test";"Ind10";"mixed2";"f";"2";2639;0;278;0;2;9.69;1802.00629065308;5;0.000757862826828344
3;"test";"Ind11";"mixed2";"f";"1";2407;1;344;0.000415454923140839;5;9.64;2256.45302967819;2;0.0020772746157042
3;"test";"Ind11";"mixed2";"f";"2";3514;0;324;0;4;9.64;2256.45302967819;2;0.00113830392714855
3;"test";"Ind12";"mixed2";"f";"1";1750;0;220;0;10;9.88;1775.29570607386;6;0.00571428571428571
3;"test";"Ind12";"mixed2";"f";"2";2475;0;225;0;3;9.88;1775.29570607386;6;0.00121212121212121
3;"test";"Ind13";"mixed3";"m";"1";3443;0;364;0;4;10.44;1838.67318109454;5;0.001161777519605
3;"test";"Ind13";"mixed3";"m";"2";2644;1;216;0.00037821482602118;15;10.44;1838.67318109454;5;0.0056732223903177
3;"test";"Ind14";"mixed3";"m";"1";2547;17;386;0.00667451904201021;0;9.88;2642.01193897293;1;0
3;"test";"Ind14";"mixed3";"m";"2";2966;25;281;0.00842886041807148;0;9.88;2642.01193897293;1;0
3;"test";"Ind15";"mixed3";"f";"1";2530;0;300;0;8;10.37;1830.38182208263;6;0.00316205533596838
3;"test";"Ind15";"mixed3";"f";"2";2694;0;240;0;17;10.37;1830.38182208263;6;0.00631031922791388
3;"test";"Ind16";"mixed3";"m";"1";1090;3;116;0.00275229357798165;1;9.91;2113.56964502888;3;0.000917431192660551
3;"test";"Ind16";"mixed3";"m";"2";2242;19;475;0.00847457627118644;0;9.91;2113.56964502888;3;0
3;"test";"Ind17";"mixed3";"f";"1";1722;0;181;0;3;10.16;1863.29677899266;4;0.00174216027874564
3;"test";"Ind17";"mixed3";"f";"2";1700;0;195;0;4;10.16;1863.29677899266;4;0.00235294117647059
3;"test";"Ind18";"mixed3";"f";"1";2336;0;225;0;4;9.55;2172.14532641083;2;0.00171232876712329
3;"test";"Ind18";"mixed3";"f";"2";2612;1;141;0.000382848392036753;10;9.55;2172.14532641083;2;0.00382848392036753
3;"test";"Ind19";"mixed4";"f";"1";1807;1;281;0.000553403431101273;12;10.33;1855.84888074887;4;0.00664084117321527
3;"test";"Ind19";"mixed4";"f";"2";2535;0;312;0;5;10.33;1855.84888074887;4;0.0019723865877712
3;"test";"Ind2";"mixed1";"m";"1";295;0;21;0;2;9.28;2498.2665797935;3;0.00677966101694915
3;"test";"Ind2";"mixed1";"m";"2";2475;0;173;0;3;9.28;2498.2665797935;3;0.00121212121212121
3;"test";"Ind20";"mixed4";"f";"1";2615;0;387;0;10;10.47;1785.90858935726;6;0.00382409177820268
3;"test";"Ind20";"mixed4";"f";"2";3599;0;429;0;7;10.47;1785.90858935726;6;0.00194498471797722
3;"test";"Ind21";"mixed4";"m";"1";355;1;40;0.0028169014084507;4;8.7;2093.50682339093;2;0.0112676056338028
3;"test";"Ind21";"mixed4";"m";"2";1474;1;96;0.00067842605156038;10;8.7;2093.50682339093;2;0.0067842605156038
3;"test";"Ind22";"mixed4";"m";"1";2311;42;445;0.0181739506707053;1;8.89;2672.21544625536;1;0.00043271311120727
3;"test";"Ind22";"mixed4";"m";"2";2448;29;278;0.0118464052287582;0;8.89;2672.21544625536;1;0
3;"test";"Ind23";"mixed4";"f";"1";1265;0;202;0;11;9.95;1851.76346357324;5;0.00869565217391304
3;"test";"Ind23";"mixed4";"f";"2";1970;0;223;0;0;9.95;1851.76346357324;5;0
3;"test";"Ind24";"mixed4";"m";"1";866;0;127;0;6;9.32;1922.08783787267;3;0.0069284064665127
3;"test";"Ind24";"mixed4";"m";"2";2024;0;226;0;8;9.32;1922.08783787267;3;0.00395256916996047
3;"test";"Ind25";"6m";"m";"1";730;0;178;0;7;9.87;2214.24441062051;3;0.00958904109589041
3;"test";"Ind25";"6m";"m";"2";3353;12;325;0.00357888458097226;0;9.87;2214.24441062051;3;0
3;"test";"Ind26";"6m";"m";"1";1420;22;395;0.0154929577464789;0;9.85;2620.61200120589;1;0
3;"test";"Ind26";"6m";"m";"2";143;0;13;0;0;9.85;2620.61200120589;1;0
3;"test";"Ind27";"6m";"m";"1";373;0;62;0;5;9.02;1676.60040124505;6;0.0134048257372654
3;"test";"Ind27";"6m";"m";"2";1061;0;196;0;7;9.02;1676.60040124505;6;0.00659754948162111
3;"test";"Ind28";"6m";"m";"1";635;1;165;0.0015748031496063;7;9.72;1737.70825906718;5;0.0110236220472441
3;"test";"Ind28";"6m";"m";"2";1218;0;217;0;8;9.72;1737.70825906718;5;0.00656814449917898
3;"test";"Ind29";"6m";"m";"1";1002;3;259;0.0029940119760479;3;10;2511.52966838891;2;0.0029940119760479
3;"test";"Ind29";"6m";"m";"2";1353;1;468;0.00073909830007391;0;10;2511.52966838891;2;0
3;"test";"Ind3";"mixed1";"f";"1";642;0;184;0;1;9.36;1761.04654471119;6;0.00155763239875389
3;"test";"Ind3";"mixed1";"f";"2";1535;0;255;0;2;9.36;1761.04654471119;6;0.00130293159609121
3;"test";"Ind30";"6m";"m";"1";660;0;137;0;4;8.75;1940.09572092232;4;0.00606060606060606
3;"test";"Ind30";"6m";"m";"2";1588;3;159;0.00188916876574307;1;8.75;1940.09572092232;4;0.000629722921914358
3;"test";"Ind31";"6f";"f";"1";2697;14;363;0.00519095291064145;6;10.09;2121.65028123233;4;0.00222469410456062
3;"test";"Ind31";"6f";"f";"2";3453;9;365;0.00260642919200695;1;10.09;2121.65028123233;4;0.000289603243556328
3;"test";"Ind32";"6f";"f";"1";1633;9;180;0.00551132884262094;2;9.41;2313.75449249427;2;0.00122473974280465
3;"test";"Ind32";"6f";"f";"2";1509;0;130;0;3;9.41;2313.75449249427;2;0.00198807157057654
3;"test";"Ind33";"6f";"f";"1";1076;2;99;0.00185873605947955;4;10.28;1601.19025386996;6;0.00371747211895911
3;"test";"Ind33";"6f";"f";"2";2758;0;264;0;1;10.28;1601.19025386996;6;0.000362581580855693
3;"test";"Ind34";"6f";"f";"1";708;0;71;0;4;10.72;1718.12642462743;5;0.00564971751412429
3;"test";"Ind34";"6f";"f";"2";2364;0;243;0;5;10.72;1718.12642462743;5;0.00211505922165821
3;"test";"Ind35";"6f";"f";"1";2610;4;219;0.00153256704980843;20;10.02;2439.38924649633;1;0.00766283524904215
3;"test";"Ind35";"6f";"f";"2";4924;8;549;0.0016246953696182;6;10.02;2439.38924649633;1;0.00121852152721365
3;"test";"Ind36";"6f";"f";"1";3868;16;377;0.00413650465356774;9;11.01;2305.73634035046;3;0.00232678386763185
3;"test";"Ind36";"6f";"f";"2";3333;0;305;0;1;11.01;2305.73634035046;3;0.0003000300030003
3;"test";"Ind4";"mixed1";"m";"1";3344;10;518;0.00299043062200957;0;10.17;2572.74418674679;1;0
3;"test";"Ind4";"mixed1";"m";"2";2145;4;177;0.00186480186480186;0;10.17;2572.74418674679;1;0
3;"test";"Ind5";"mixed1";"f";"1";750;0;160;0;4;9.78;2297.31474182599;4;0.00533333333333333
3;"test";"Ind5";"mixed1";"f";"2";2261;1;312;0.000442282176028306;1;9.78;2297.31474182599;4;0.000442282176028306
3;"test";"Ind6";"mixed1";"f";"1";651;0;192;0;3;9.47;1798.44369158866;5;0.00460829493087558
3;"test";"Ind6";"mixed1";"f";"2";2678;0;342;0;5;9.47;1798.44369158866;5;0.00186706497386109
3;"test";"Ind7";"mixed2";"m";"1";1113;0;141;0;0;9.12;2046.62688341225;3;0
3;"test";"Ind7";"mixed2";"m";"2";2702;2;237;0.00074019245003701;7;9.12;2046.62688341225;3;0.00259067357512953
3;"test";"Ind8";"mixed2";"m";"1";2487;20;473;0.00804181745074387;0;9.85;2681.62512514229;1;0
3;"test";"Ind8";"mixed2";"m";"2";3523;17;343;0.00482543286971331;0;9.85;2681.62512514229;1;0
3;"test";"Ind9";"mixed2";"m";"1";362;0;32;0;1;10.24;1808.895470971;4;0.00276243093922652
3;"test";"Ind9";"mixed2";"m";"2";2214;0;197;0;3;10.24;1808.895470971;4;0.0013550135501355
4;"test";"Ind1";"mixed1";"m";"1";100;1;15;0.01;1;9.99;2543.16597429174;2;0.01
4;"test";"Ind10";"mixed2";"f";"1";1100;0;166;0;1;9.69;1802.00629065308;5;0.000909090909090909
4;"test";"Ind10";"mixed2";"f";"2";2645;0;295;0;1;9.69;1802.00629065308;5;0.000378071833648393
4;"test";"Ind11";"mixed2";"f";"1";2588;0;419;0;12;9.64;2256.45302967819;2;0.00463678516228748
4;"test";"Ind11";"mixed2";"f";"2";3148;1;276;0.000317662007623888;2;9.64;2256.45302967819;2;0.000635324015247776
4;"test";"Ind12";"mixed2";"f";"1";1111;0;159;0;6;9.88;1775.29570607386;6;0.0054005400540054
4;"test";"Ind12";"mixed2";"f";"2";2199;0;183;0;2;9.88;1775.29570607386;6;0.000909504320145521
4;"test";"Ind13";"mixed3";"m";"1";2627;0;343;0;29;10.44;1838.67318109454;5;0.0110392082223068
4;"test";"Ind13";"mixed3";"m";"2";3570;0;321;0;3;10.44;1838.67318109454;5;0.000840336134453782
4;"test";"Ind14";"mixed3";"m";"1";2546;37;386;0.0145326001571092;0;9.88;2642.01193897293;1;0
4;"test";"Ind14";"mixed3";"m";"2";2751;5;223;0.00181752090149037;0;9.88;2642.01193897293;1;0
4;"test";"Ind15";"mixed3";"f";"1";1757;0;230;0;14;10.37;1830.38182208263;6;0.00796812749003984
4;"test";"Ind15";"mixed3";"f";"2";3822;0;334;0;4;10.37;1830.38182208263;6;0.0010465724751439
4;"test";"Ind16";"mixed3";"m";"1";844;19;215;0.0225118483412322;0;9.91;2113.56964502888;3;0
4;"test";"Ind16";"mixed3";"m";"2";2135;2;191;0.000936768149882904;1;9.91;2113.56964502888;3;0.000468384074941452
4;"test";"Ind17";"mixed3";"f";"1";789;0;106;0;8;10.16;1863.29677899266;4;0.0101394169835234
4;"test";"Ind17";"mixed3";"f";"2";3023;0;257;0;0;10.16;1863.29677899266;4;0
4;"test";"Ind18";"mixed3";"f";"1";1562;0;146;0;5;9.55;2172.14532641083;2;0.00320102432778489
4;"test";"Ind18";"mixed3";"f";"2";3698;1;294;0.000270416441319632;0;9.55;2172.14532641083;2;0
4;"test";"Ind19";"mixed4";"f";"1";1884;0;326;0;3;10.33;1855.84888074887;4;0.00159235668789809
4;"test";"Ind19";"mixed4";"f";"2";2363;0;308;0;1;10.33;1855.84888074887;4;0.000423190859077444
4;"test";"Ind2";"mixed1";"m";"1";43;0;6;0;0;9.28;2498.2665797935;3;0
4;"test";"Ind20";"mixed4";"f";"1";2388;0;364;0;10;10.47;1785.90858935726;6;0.00418760469011725
4;"test";"Ind20";"mixed4";"f";"2";3591;0;426;0;3;10.47;1785.90858935726;6;0.000835421888053467
4;"test";"Ind21";"mixed4";"m";"1";397;0;43;0;5;8.7;2093.50682339093;2;0.0125944584382872
4;"test";"Ind21";"mixed4";"m";"2";1775;7;150;0.00394366197183099;6;8.7;2093.50682339093;2;0.00338028169014085
4;"test";"Ind22";"mixed4";"m";"1";2193;21;449;0.00957592339261286;0;8.89;2672.21544625536;1;0
4;"test";"Ind22";"mixed4";"m";"2";1853;8;194;0.00431732325957906;1;8.89;2672.21544625536;1;0.000539665407447383
4;"test";"Ind23";"mixed4";"f";"1";1214;1;189;0.000823723228995058;3;9.95;1851.76346357324;5;0.00247116968698517
4;"test";"Ind23";"mixed4";"f";"2";2177;0;260;0;4;9.95;1851.76346357324;5;0.00183739090491502
4;"test";"Ind24";"mixed4";"m";"1";618;0;70;0;1;9.32;1922.08783787267;3;0.00161812297734628
4;"test";"Ind24";"mixed4";"m";"2";2262;1;247;0.000442086648983201;1;9.32;1922.08783787267;3;0.000442086648983201
4;"test";"Ind25";"6m";"m";"1";370;0;120;0;1;9.87;2214.24441062051;3;0.0027027027027027
4;"test";"Ind25";"6m";"m";"2";1354;0;179;0;9;9.87;2214.24441062051;3;0.00664697193500739
4;"test";"Ind26";"6m";"m";"1";234;0;44;0;0;9.85;2620.61200120589;1;0
4;"test";"Ind26";"6m";"m";"2";1924;15;427;0.0077962577962578;0;9.85;2620.61200120589;1;0
4;"test";"Ind27";"6m";"m";"1";208;0;61;0;2;9.02;1676.60040124505;6;0.00961538461538462
4;"test";"Ind27";"6m";"m";"2";958;0;177;0;7;9.02;1676.60040124505;6;0.00730688935281837
4;"test";"Ind28";"6m";"m";"1";489;0;168;0;5;9.72;1737.70825906718;5;0.0102249488752556
4;"test";"Ind28";"6m";"m";"2";1235;0;255;0;6;9.72;1737.70825906718;5;0.0048582995951417
4;"test";"Ind29";"6m";"m";"1";1064;8;473;0.0075187969924812;0;10;2511.52966838891;2;0
4;"test";"Ind29";"6m";"m";"2";1452;7;339;0.00482093663911846;0;10;2511.52966838891;2;0
4;"test";"Ind3";"mixed1";"f";"1";543;0;144;0;6;9.36;1761.04654471119;6;0.0110497237569061
4;"test";"Ind30";"6m";"m";"1";134;0;0;0;0;8.75;1940.09572092232;4;0
4;"test";"Ind30";"6m";"m";"2";803;0;89;0;0;8.75;1940.09572092232;4;0
4;"test";"Ind31";"6f";"f";"1";3308;18;356;0.00544135429262394;11;10.09;2121.65028123233;4;0.00332527206771463
4;"test";"Ind31";"6f";"f";"2";1425;1;143;0.000701754385964912;0;10.09;2121.65028123233;4;0
4;"test";"Ind32";"6f";"f";"1";3473;27;421;0.0077742585660812;3;9.41;2313.75449249427;2;0.000863806507342355
4;"test";"Ind32";"6f";"f";"2";1872;6;142;0.00320512820512821;1;9.41;2313.75449249427;2;0.000534188034188034
4;"test";"Ind33";"6f";"f";"1";1656;1;156;0.000603864734299517;8;10.28;1601.19025386996;6;0.00483091787439614
4;"test";"Ind33";"6f";"f";"2";1149;0;126;0;7;10.28;1601.19025386996;6;0.00609225413402959
4;"test";"Ind34";"6f";"f";"1";941;0;76;0;9;10.72;1718.12642462743;5;0.00956429330499469
4;"test";"Ind34";"6f";"f";"2";1324;0;171;0;5;10.72;1718.12642462743;5;0.00377643504531722
4;"test";"Ind35";"6f";"f";"1";4222;8;438;0.00189483657034581;20;10.02;2439.38924649633;1;0.00473709142586452
4;"test";"Ind35";"6f";"f";"2";2688;2;256;0.000744047619047619;0;10.02;2439.38924649633;1;0
4;"test";"Ind36";"6f";"f";"1";3305;4;345;0.00121028744326778;7;11.01;2305.73634035046;3;0.00211800302571861
4;"test";"Ind36";"6f";"f";"2";3135;5;469;0.00159489633173844;1;11.01;2305.73634035046;3;0.000318979266347687
4;"test";"Ind4";"mixed1";"m";"1";1392;9;480;0.00646551724137931;0;10.17;2572.74418674679;1;0
4;"test";"Ind5";"mixed1";"f";"1";1077;3;287;0.00278551532033426;1;9.78;2297.31474182599;4;0.000928505106778087
4;"test";"Ind6";"mixed1";"f";"1";516;1;178;0.00193798449612403;6;9.47;1798.44369158866;5;0.0116279069767442
4;"test";"Ind7";"mixed2";"m";"1";1206;0;180;0;5;9.12;2046.62688341225;3;0.00414593698175788
4;"test";"Ind7";"mixed2";"m";"2";3359;2;338;0.000595415302173266;3;9.12;2046.62688341225;3;0.000893122953259899
4;"test";"Ind8";"mixed2";"m";"1";2583;38;466;0.0147115756871854;0;9.85;2681.62512514229;1;0
4;"test";"Ind8";"mixed2";"m";"2";3335;11;316;0.00329835082458771;0;9.85;2681.62512514229;1;0
4;"test";"Ind9";"mixed2";"m";"1";516;0;63;0;14;10.24;1808.895470971;4;0.0271317829457364
4;"test";"Ind9";"mixed2";"m";"2";2270;0;194;0;6;10.24;1808.895470971;4;0.0026431718061674
5;"test";"Ind1";"mixed1";"m";"1";63;0;3;0;0;9.99;2543.16597429174;2;0
5;"test";"Ind1";"mixed1";"m";"2";1039;1;113;0.000962463907603465;0;9.99;2543.16597429174;2;0
5;"test";"Ind10";"mixed2";"f";"1";1053;0;158;0;3;9.69;1802.00629065308;5;0.00284900284900285
5;"test";"Ind10";"mixed2";"f";"2";2852;0;306;0;3;9.69;1802.00629065308;5;0.00105189340813464
5;"test";"Ind11";"mixed2";"f";"1";3136;1;441;0.000318877551020408;11;9.64;2256.45302967819;2;0.00350765306122449
5;"test";"Ind11";"mixed2";"f";"2";3666;1;311;0.000272776868521549;1;9.64;2256.45302967819;2;0.000272776868521549
5;"test";"Ind12";"mixed2";"f";"1";1030;0;149;0;1;9.88;1775.29570607386;6;0.000970873786407767
5;"test";"Ind12";"mixed2";"f";"2";1724;0;155;0;1;9.88;1775.29570607386;6;0.000580046403712297
5;"test";"Ind13";"mixed3";"m";"1";3033;16;307;0.00527530497856907;5;10.44;1838.67318109454;5;0.00164853280580284
5;"test";"Ind13";"mixed3";"m";"2";2786;1;283;0.000358937544867193;3;10.44;1838.67318109454;5;0.00107681263460158
5;"test";"Ind14";"mixed3";"m";"1";3726;15;499;0.00402576489533011;1;9.88;2642.01193897293;1;0.000268384326355341
5;"test";"Ind14";"mixed3";"m";"2";3164;0;260;0;0;9.88;2642.01193897293;1;0
5;"test";"Ind15";"mixed3";"f";"1";2538;0;253;0;11;10.37;1830.38182208263;6;0.00433412135539795
5;"test";"Ind15";"mixed3";"f";"2";3298;0;270;0;3;10.37;1830.38182208263;6;0.000909642207398423
5;"test";"Ind16";"mixed3";"m";"1";1454;0;156;0;8;9.91;2113.56964502888;3;0.00550206327372765
5;"test";"Ind16";"mixed3";"m";"2";2349;7;270;0.00297999148573861;1;9.91;2113.56964502888;3;0.00042571306939123
5;"test";"Ind17";"mixed3";"f";"1";1324;0;100;0;3;10.16;1863.29677899266;4;0.00226586102719033
5;"test";"Ind17";"mixed3";"f";"2";2730;0;210;0;0;10.16;1863.29677899266;4;0
5;"test";"Ind18";"mixed3";"f";"1";2694;1;230;0.000371195248700817;4;9.55;2172.14532641083;2;0.00148478099480327
5;"test";"Ind18";"mixed3";"f";"2";4002;0;310;0;1;9.55;2172.14532641083;2;0.000249875062468766
5;"test";"Ind19";"mixed4";"f";"1";2162;0;375;0;7;10.33;1855.84888074887;4;0.0032377428307123
5;"test";"Ind19";"mixed4";"f";"2";2291;0;294;0;5;10.33;1855.84888074887;4;0.00218245307725884
5;"test";"Ind2";"mixed1";"m";"1";9;0;0;0;0;9.28;2498.2665797935;3;0
5;"test";"Ind2";"mixed1";"m";"2";1678;1;132;0.000595947556615018;1;9.28;2498.2665797935;3;0.000595947556615018
5;"test";"Ind20";"mixed4";"f";"1";2370;0;334;0;4;10.47;1785.90858935726;6;0.00168776371308017
5;"test";"Ind20";"mixed4";"f";"2";3201;2;419;0.000624804748516089;2;10.47;1785.90858935726;6;0.000624804748516089
5;"test";"Ind21";"mixed4";"m";"1";325;0;41;0;6;8.7;2093.50682339093;2;0.0184615384615385
5;"test";"Ind21";"mixed4";"m";"2";3023;10;234;0.00330797221303341;8;8.7;2093.50682339093;2;0.00264637777042673
5;"test";"Ind22";"mixed4";"m";"1";2445;24;470;0.0098159509202454;0;8.89;2672.21544625536;1;0
5;"test";"Ind22";"mixed4";"m";"2";1980;13;208;0.00656565656565657;4;8.89;2672.21544625536;1;0.00202020202020202
5;"test";"Ind23";"mixed4";"f";"1";1314;0;175;0;4;9.95;1851.76346357324;5;0.0030441400304414
5;"test";"Ind23";"mixed4";"f";"2";1796;0;208;0;3;9.95;1851.76346357324;5;0.00167037861915367
5;"test";"Ind24";"mixed4";"m";"1";667;0;75;0;3;9.32;1922.08783787267;3;0.00449775112443778
5;"test";"Ind24";"mixed4";"m";"2";1763;0;211;0;3;9.32;1922.08783787267;3;0.00170164492342598
5;"test";"Ind25";"6m";"m";"1";2565;2;473;0.000779727095516569;0;9.87;2214.24441062051;3;0
5;"test";"Ind25";"6m";"m";"2";838;0;49;0;1;9.87;2214.24441062051;3;0.00119331742243437
5;"test";"Ind26";"6m";"m";"1";564;2;187;0.00354609929078014;0;9.85;2620.61200120589;1;0
5;"test";"Ind26";"6m";"m";"2";2404;5;386;0.00207986688851913;1;9.85;2620.61200120589;1;0.000415973377703827
5;"test";"Ind27";"6m";"m";"1";257;0;46;0;0;9.02;1676.60040124505;6;0
5;"test";"Ind27";"6m";"m";"2";950;0;119;0;1;9.02;1676.60040124505;6;0.00105263157894737
5;"test";"Ind28";"6m";"m";"1";691;0;151;0;5;9.72;1737.70825906718;5;0.00723589001447178
5;"test";"Ind28";"6m";"m";"2";1354;1;224;0.000738552437223043;4;9.72;1737.70825906718;5;0.00295420974889217
5;"test";"Ind29";"6m";"m";"1";1513;3;449;0.00198281559814937;0;10;2511.52966838891;2;0
5;"test";"Ind29";"6m";"m";"2";1280;1;265;0.00078125;0;10;2511.52966838891;2;0
5;"test";"Ind3";"mixed1";"f";"1";639;0;147;0;3;9.36;1761.04654471119;6;0.00469483568075117
5;"test";"Ind3";"mixed1";"f";"2";2336;0;361;0;5;9.36;1761.04654471119;6;0.00214041095890411
5;"test";"Ind30";"6m";"m";"1";569;0;127;0;2;8.75;1940.09572092232;4;0.00351493848857645
5;"test";"Ind30";"6m";"m";"2";1412;0;186;0;0;8.75;1940.09572092232;4;0
5;"test";"Ind31";"6f";"f";"1";864;2;199;0.00231481481481481;1;10.09;2121.65028123233;4;0.00115740740740741
5;"test";"Ind31";"6f";"f";"2";3772;9;415;0.00238600212089077;0;10.09;2121.65028123233;4;0
5;"test";"Ind32";"6f";"f";"1";166;0;3;0;2;9.41;2313.75449249427;2;0.0120481927710843
5;"test";"Ind32";"6f";"f";"2";4328;4;386;0.000924214417744917;1;9.41;2313.75449249427;2;0.000231053604436229
5;"test";"Ind33";"6f";"f";"1";423;0;66;0;2;10.28;1601.19025386996;6;0.00472813238770686
5;"test";"Ind33";"6f";"f";"2";1316;0;140;0;6;10.28;1601.19025386996;6;0.00455927051671732
5;"test";"Ind34";"6f";"f";"1";205;0;33;0;1;10.72;1718.12642462743;5;0.0048780487804878
5;"test";"Ind34";"6f";"f";"2";1291;0;125;0;4;10.72;1718.12642462743;5;0.00309837335398916
5;"test";"Ind35";"6f";"f";"1";357;0;36;0;0;10.02;2439.38924649633;1;0
5;"test";"Ind35";"6f";"f";"2";3929;1;414;0.000254517688979384;6;10.02;2439.38924649633;1;0.0015271061338763
5;"test";"Ind36";"6f";"f";"1";1382;5;513;0.00361794500723589;1;11.01;2305.73634035046;3;0.000723589001447178
5;"test";"Ind36";"6f";"f";"2";3236;3;577;0.000927070457354759;0;11.01;2305.73634035046;3;0
5;"test";"Ind4";"mixed1";"m";"1";1410;9;551;0.00638297872340425;0;10.17;2572.74418674679;1;0
5;"test";"Ind4";"mixed1";"m";"2";1363;3;198;0.00220102714600147;0;10.17;2572.74418674679;1;0
5;"test";"Ind5";"mixed1";"f";"1";1101;1;293;0.000908265213442325;2;9.78;2297.31474182599;4;0.00181653042688465
5;"test";"Ind5";"mixed1";"f";"2";2730;3;450;0.0010989010989011;0;9.78;2297.31474182599;4;0
5;"test";"Ind6";"mixed1";"f";"1";816;0;209;0;5;9.47;1798.44369158866;5;0.00612745098039216
5;"test";"Ind6";"mixed1";"f";"2";2145;0;267;0;2;9.47;1798.44369158866;5;0.000932400932400932
5;"test";"Ind7";"mixed2";"m";"1";1425;1;199;0.000701754385964912;5;9.12;2046.62688341225;3;0.00350877192982456
5;"test";"Ind7";"mixed2";"m";"2";3420;0;371;0;5;9.12;2046.62688341225;3;0.00146198830409357
5;"test";"Ind8";"mixed2";"m";"1";2963;22;472;0.00742490718866014;0;9.85;2681.62512514229;1;0
5;"test";"Ind8";"mixed2";"m";"2";3226;15;277;0.004649721016739;0;9.85;2681.62512514229;1;0
5;"test";"Ind9";"mixed2";"m";"1";535;0;53;0;4;10.24;1808.895470971;4;0.00747663551401869
5;"test";"Ind9";"mixed2";"m";"2";2195;0;192;0;6;10.24;1808.895470971;4;0.00273348519362187
6;"test";"Ind1";"mixed1";"m";"1";65;0;7;0;0;9.99;2543.16597429174;2;0
6;"test";"Ind1";"mixed1";"m";"2";2452;6;281;0.00244698205546493;0;9.99;2543.16597429174;2;0
6;"test";"Ind10";"mixed2";"f";"1";1378;0;211;0;5;9.69;1802.00629065308;5;0.00362844702467344
6;"test";"Ind10";"mixed2";"f";"2";3083;1;294;0.000324359390204346;1;9.69;1802.00629065308;5;0.000324359390204346
6;"test";"Ind11";"mixed2";"f";"1";2895;12;520;0.00414507772020725;5;9.64;2256.45302967819;2;0.00172711571675302
6;"test";"Ind11";"mixed2";"f";"2";4254;1;380;0.000235072872590503;2;9.64;2256.45302967819;2;0.000470145745181006
6;"test";"Ind12";"mixed2";"f";"1";732;0;108;0;4;9.88;1775.29570607386;6;0.00546448087431694
6;"test";"Ind12";"mixed2";"f";"2";2143;0;186;0;6;9.88;1775.29570607386;6;0.00279981334577695
6;"test";"Ind13";"mixed3";"m";"1";3395;0;391;0;6;10.44;1838.67318109454;5;0.00176730486008837
6;"test";"Ind13";"mixed3";"m";"2";2360;0;250;0;5;10.44;1838.67318109454;5;0.00211864406779661
6;"test";"Ind14";"mixed3";"m";"1";3179;9;448;0.00283107895564643;0;9.88;2642.01193897293;1;0
6;"test";"Ind14";"mixed3";"m";"2";1786;2;160;0.00111982082866741;2;9.88;2642.01193897293;1;0.00111982082866741
6;"test";"Ind15";"mixed3";"f";"1";2271;0;250;0;3;10.37;1830.38182208263;6;0.00132100396301189
6;"test";"Ind15";"mixed3";"f";"2";2667;0;243;0;4;10.37;1830.38182208263;6;0.00149981252343457
6;"test";"Ind16";"mixed3";"m";"1";736;2;41;0.00271739130434783;2;9.91;2113.56964502888;3;0.00271739130434783
6;"test";"Ind16";"mixed3";"m";"2";3512;15;478;0.00427107061503417;0;9.91;2113.56964502888;3;0
6;"test";"Ind17";"mixed3";"f";"1";1592;0;165;0;0;10.16;1863.29677899266;4;0
6;"test";"Ind17";"mixed3";"f";"2";2144;0;220;0;1;10.16;1863.29677899266;4;0.000466417910447761
6;"test";"Ind18";"mixed3";"f";"1";2623;0;256;0;0;9.55;2172.14532641083;2;0
6;"test";"Ind18";"mixed3";"f";"2";2840;0;215;0;5;9.55;2172.14532641083;2;0.00176056338028169
6;"test";"Ind19";"mixed4";"f";"1";2010;0;295;0;8;10.33;1855.84888074887;4;0.00398009950248756
6;"test";"Ind19";"mixed4";"f";"2";2300;0;300;0;6;10.33;1855.84888074887;4;0.00260869565217391
6;"test";"Ind2";"mixed1";"m";"1";17;0;3;0;0;9.28;2498.2665797935;3;0
6;"test";"Ind2";"mixed1";"m";"2";1803;4;241;0.00221852468108708;0;9.28;2498.2665797935;3;0
6;"test";"Ind20";"mixed4";"f";"1";2577;0;449;0;14;10.47;1785.90858935726;6;0.00543267365153279
6;"test";"Ind20";"mixed4";"f";"2";3177;0;441;0;2;10.47;1785.90858935726;6;0.000629524708844822
6;"test";"Ind21";"mixed4";"m";"1";232;1;29;0.00431034482758621;1;8.7;2093.50682339093;2;0.00431034482758621
6;"test";"Ind21";"mixed4";"m";"2";2582;1;222;0.000387296669248644;1;8.7;2093.50682339093;2;0.000387296669248644
6;"test";"Ind22";"mixed4";"m";"1";2545;28;451;0.0110019646365422;0;8.89;2672.21544625536;1;0
6;"test";"Ind22";"mixed4";"m";"2";1529;13;188;0.00850228907782865;0;8.89;2672.21544625536;1;0
6;"test";"Ind23";"mixed4";"f";"1";1641;0;267;0;5;9.95;1851.76346357324;5;0.00304692260816575
6;"test";"Ind23";"mixed4";"f";"2";1749;1;234;0.000571755288736421;3;9.95;1851.76346357324;5;0.00171526586620926
6;"test";"Ind24";"mixed4";"m";"1";294;0;29;0;1;9.32;1922.08783787267;3;0.00340136054421769
6;"test";"Ind24";"mixed4";"m";"2";1612;0;174;0;3;9.32;1922.08783787267;3;0.00186104218362283
6;"test";"Ind25";"6m";"m";"1";1044;2;312;0.00191570881226054;2;9.87;2214.24441062051;3;0.00191570881226054
6;"test";"Ind25";"6m";"m";"2";1024;2;138;0.001953125;2;9.87;2214.24441062051;3;0.001953125
6;"test";"Ind26";"6m";"m";"1";126;0;2;0;0;9.85;2620.61200120589;1;0
6;"test";"Ind26";"6m";"m";"2";1453;4;497;0.00275292498279422;0;9.85;2620.61200120589;1;0
6;"test";"Ind27";"6m";"m";"1";389;0;78;0;3;9.02;1676.60040124505;6;0.0077120822622108
6;"test";"Ind27";"6m";"m";"2";881;0;134;0;1;9.02;1676.60040124505;6;0.00113507377979569
6;"test";"Ind28";"6m";"m";"1";803;0;251;0;6;9.72;1737.70825906718;5;0.0074719800747198
6;"test";"Ind28";"6m";"m";"2";773;1;110;0.00129366106080207;6;9.72;1737.70825906718;5;0.00776196636481242
6;"test";"Ind29";"6m";"m";"1";1196;10;455;0.00836120401337793;0;10;2511.52966838891;2;0
6;"test";"Ind29";"6m";"m";"2";816;1;181;0.00122549019607843;0;10;2511.52966838891;2;0
6;"test";"Ind3";"mixed1";"f";"1";452;0;88;0;2;9.36;1761.04654471119;6;0.00442477876106195
6;"test";"Ind3";"mixed1";"f";"2";1565;0;236;0;7;9.36;1761.04654471119;6;0.00447284345047923
6;"test";"Ind30";"6m";"m";"1";331;0;47;0;1;8.75;1940.09572092232;4;0.00302114803625378
6;"test";"Ind30";"6m";"m";"2";2105;3;311;0.00142517814726841;2;8.75;1940.09572092232;4;0.000950118764845606
6;"test";"Ind31";"6f";"f";"1";1619;0;212;0;18;10.09;2121.65028123233;4;0.0111179740580605
6;"test";"Ind31";"6f";"f";"2";1638;0;204;0;2;10.09;2121.65028123233;4;0.00122100122100122
6;"test";"Ind32";"6f";"f";"1";2765;6;526;0.00216998191681736;0;9.41;2313.75449249427;2;0
6;"test";"Ind32";"6f";"f";"2";2745;6;271;0.00218579234972678;0;9.41;2313.75449249427;2;0
6;"test";"Ind33";"6f";"f";"1";506;0;42;0;0;10.28;1601.19025386996;6;0
6;"test";"Ind33";"6f";"f";"2";724;0;84;0;3;10.28;1601.19025386996;6;0.00414364640883978
6;"test";"Ind34";"6f";"f";"1";255;0;35;0;4;10.72;1718.12642462743;5;0.0156862745098039
6;"test";"Ind34";"6f";"f";"2";1065;0;149;0;5;10.72;1718.12642462743;5;0.00469483568075117
6;"test";"Ind35";"6f";"f";"1";2071;20;554;0.00965717044905843;0;10.02;2439.38924649633;1;0
6;"test";"Ind35";"6f";"f";"2";1858;3;249;0.00161463939720129;0;10.02;2439.38924649633;1;0
6;"test";"Ind36";"6f";"f";"1";442;0;31;0;4;11.01;2305.73634035046;3;0.00904977375565611
6;"test";"Ind36";"6f";"f";"2";2841;3;546;0.00105596620908131;2;11.01;2305.73634035046;3;0.000703977472720873
6;"test";"Ind4";"mixed1";"m";"1";1299;4;544;0.00307929176289453;0;10.17;2572.74418674679;1;0
6;"test";"Ind4";"mixed1";"m";"2";1274;2;187;0.00156985871271586;0;10.17;2572.74418674679;1;0
6;"test";"Ind5";"mixed1";"f";"1";927;1;209;0.00107874865156419;0;9.78;2297.31474182599;4;0
6;"test";"Ind5";"mixed1";"f";"2";1925;0;306;0;1;9.78;2297.31474182599;4;0.000519480519480519
6;"test";"Ind6";"mixed1";"f";"1";570;0;157;0;3;9.47;1798.44369158866;5;0.00526315789473684
6;"test";"Ind6";"mixed1";"f";"2";1417;0;196;0;4;9.47;1798.44369158866;5;0.00282286520818631
6;"test";"Ind7";"mixed2";"m";"1";1123;1;130;0.000890471950133571;12;9.12;2046.62688341225;3;0.0106856634016028
6;"test";"Ind7";"mixed2";"m";"2";3756;1;341;0.000266240681576145;4;9.12;2046.62688341225;3;0.00106496272630458
6;"test";"Ind8";"mixed2";"m";"1";2342;24;440;0.0102476515798463;1;9.85;2681.62512514229;1;0.000426985482493595
6;"test";"Ind8";"mixed2";"m";"2";2930;13;264;0.00443686006825939;0;9.85;2681.62512514229;1;0
6;"test";"Ind9";"mixed2";"m";"1";445;0;51;0;10;10.24;1808.895470971;4;0.0224719101123595
6;"test";"Ind9";"mixed2";"m";"2";2217;0;165;0;3;10.24;1808.895470971;4;0.0013531799729364
7;"test";"Ind1";"mixed1";"m";"1";28;0;7;0;0;9.99;2543.16597429174;2;0
7;"test";"Ind1";"mixed1";"m";"2";1708;2;279;0.00117096018735363;0;9.99;2543.16597429174;2;0
7;"test";"Ind10";"mixed2";"f";"1";1109;0;191;0;5;9.69;1802.00629065308;5;0.00450856627592426
7;"test";"Ind10";"mixed2";"f";"2";3375;0;404;0;3;9.69;1802.00629065308;5;0.000888888888888889
7;"test";"Ind11";"mixed2";"f";"1";2563;2;467;0.000780335544284042;4;9.64;2256.45302967819;2;0.00156067108856808
7;"test";"Ind11";"mixed2";"f";"2";2900;1;327;0.000344827586206897;3;9.64;2256.45302967819;2;0.00103448275862069
7;"test";"Ind12";"mixed2";"f";"1";867;0;163;0;2;9.88;1775.29570607386;6;0.00230680507497117
7;"test";"Ind12";"mixed2";"f";"2";1468;0;142;0;2;9.88;1775.29570607386;6;0.00136239782016349
7;"test";"Ind13";"mixed3";"m";"1";1840;0;324;0;5;10.44;1838.67318109454;5;0.00271739130434783
7;"test";"Ind13";"mixed3";"m";"2";2642;0;221;0;3;10.44;1838.67318109454;5;0.00113550340651022
7;"test";"Ind14";"mixed3";"m";"1";615;0;75;0;0;9.88;2642.01193897293;1;0
7;"test";"Ind14";"mixed3";"m";"2";2209;0;173;0;2;9.88;2642.01193897293;1;0.000905387052965143
7;"test";"Ind15";"mixed3";"f";"1";2053;1;290;0.000487092060399416;7;10.37;1830.38182208263;6;0.00340964442279591
7;"test";"Ind15";"mixed3";"f";"2";3702;0;336;0;1;10.37;1830.38182208263;6;0.000270124257158293
7;"test";"Ind16";"mixed3";"m";"1";2275;12;502;0.00527472527472527;0;9.91;2113.56964502888;3;0
7;"test";"Ind16";"mixed3";"m";"2";2736;7;307;0.00255847953216374;0;9.91;2113.56964502888;3;0
7;"test";"Ind17";"mixed3";"f";"1";870;0;96;0;1;10.16;1863.29677899266;4;0.00114942528735632
7;"test";"Ind17";"mixed3";"f";"2";3598;0;341;0;1;10.16;1863.29677899266;4;0.000277932184546971
7;"test";"Ind18";"mixed3";"f";"1";1600;0;159;0;0;9.55;2172.14532641083;2;0
7;"test";"Ind18";"mixed3";"f";"2";3721;0;233;0;0;9.55;2172.14532641083;2;0
7;"test";"Ind19";"mixed4";"f";"1";2179;0;363;0;5;10.33;1855.84888074887;4;0.00229463056447912
7;"test";"Ind19";"mixed4";"f";"2";2237;0;245;0;2;10.33;1855.84888074887;4;0.000894054537326777
7;"test";"Ind2";"mixed1";"m";"1";28;0;0;0;0;9.28;2498.2665797935;3;0
7;"test";"Ind2";"mixed1";"m";"2";1190;1;248;0.000840336134453782;0;9.28;2498.2665797935;3;0
7;"test";"Ind20";"mixed4";"f";"1";2562;0;427;0;6;10.47;1785.90858935726;6;0.00234192037470726
7;"test";"Ind20";"mixed4";"f";"2";3317;0;459;0;4;10.47;1785.90858935726;6;0.00120590895387398
7;"test";"Ind21";"mixed4";"m";"1";133;0;6;0;6;8.7;2093.50682339093;2;0.0451127819548872
7;"test";"Ind21";"mixed4";"m";"2";2457;4;190;0.00162800162800163;4;8.7;2093.50682339093;2;0.00162800162800163
7;"test";"Ind22";"mixed4";"m";"1";2360;20;452;0.00847457627118644;0;8.89;2672.21544625536;1;0
7;"test";"Ind22";"mixed4";"m";"2";1546;8;215;0.00517464424320828;1;8.89;2672.21544625536;1;0.000646830530401035
7;"test";"Ind23";"mixed4";"f";"1";1573;0;206;0;2;9.95;1851.76346357324;5;0.00127145581691036
7;"test";"Ind23";"mixed4";"f";"2";1835;0;260;0;0;9.95;1851.76346357324;5;0
7;"test";"Ind24";"mixed4";"m";"1";592;0;77;0;1;9.32;1922.08783787267;3;0.00168918918918919
7;"test";"Ind24";"mixed4";"m";"2";1828;0;198;0;1;9.32;1922.08783787267;3;0.000547045951859956
7;"test";"Ind25";"6m";"m";"1";592;0;178;0;6;9.87;2214.24441062051;3;0.0101351351351351
7;"test";"Ind25";"6m";"m";"2";1764;1;211;0.000566893424036281;1;9.87;2214.24441062051;3;0.000566893424036281
7;"test";"Ind26";"6m";"m";"1";1319;14;559;0.0106141015921152;0;9.85;2620.61200120589;1;0
7;"test";"Ind26";"6m";"m";"2";1786;3;239;0.00167973124300112;0;9.85;2620.61200120589;1;0
7;"test";"Ind27";"6m";"m";"1";364;0;69;0;2;9.02;1676.60040124505;6;0.00549450549450549
7;"test";"Ind27";"6m";"m";"2";627;0;83;0;2;9.02;1676.60040124505;6;0.00318979266347687
7;"test";"Ind28";"6m";"m";"1";448;0;85;0;5;9.72;1737.70825906718;5;0.0111607142857143
7;"test";"Ind28";"6m";"m";"2";581;0;70;0;5;9.72;1737.70825906718;5;0.00860585197934595
7;"test";"Ind29";"6m";"m";"1";966;1;240;0.0010351966873706;0;10;2511.52966838891;2;0
7;"test";"Ind29";"6m";"m";"2";1467;3;311;0.00204498977505112;0;10;2511.52966838891;2;0
7;"test";"Ind3";"mixed1";"f";"1";662;0;146;0;3;9.36;1761.04654471119;6;0.00453172205438067
7;"test";"Ind3";"mixed1";"f";"2";1420;0;204;0;9;9.36;1761.04654471119;6;0.00633802816901408
7;"test";"Ind30";"6m";"m";"1";345;0;82;0;2;8.75;1940.09572092232;4;0.00579710144927536
7;"test";"Ind30";"6m";"m";"2";2376;2;353;0.000841750841750842;1;8.75;1940.09572092232;4;0.000420875420875421
7;"test";"Ind31";"6f";"f";"1";2728;13;641;0.00476539589442815;3;10.09;2121.65028123233;4;0.00109970674486804
7;"test";"Ind31";"6f";"f";"2";1335;1;186;0.000749063670411985;1;10.09;2121.65028123233;4;0.000749063670411985
7;"test";"Ind32";"6f";"f";"1";1134;1;19;0.000881834215167548;3;9.41;2313.75449249427;2;0.00264550264550265
7;"test";"Ind32";"6f";"f";"2";2755;4;244;0.0014519056261343;1;9.41;2313.75449249427;2;0.000362976406533575
7;"test";"Ind33";"6f";"f";"1";981;0;140;0;13;10.28;1601.19025386996;6;0.0132517838939857
7;"test";"Ind33";"6f";"f";"2";626;0;74;0;2;10.28;1601.19025386996;6;0.00319488817891374
7;"test";"Ind34";"6f";"f";"1";442;0;69;0;2;10.72;1718.12642462743;5;0.00452488687782805
7;"test";"Ind34";"6f";"f";"2";883;0;107;0;3;10.72;1718.12642462743;5;0.00339750849377123
7;"test";"Ind35";"6f";"f";"1";1303;0;105;0;4;10.02;2439.38924649633;1;0.00306983883346124
7;"test";"Ind35";"6f";"f";"2";2311;0;274;0;0;10.02;2439.38924649633;1;0
7;"test";"Ind36";"6f";"f";"1";3102;13;778;0.00419084461637653;2;11.01;2305.73634035046;3;0.000644745325596389
7;"test";"Ind36";"6f";"f";"2";1889;2;242;0.00105876124933827;0;11.01;2305.73634035046;3;0
7;"test";"Ind4";"mixed1";"m";"1";1283;4;560;0.00311769290724864;0;10.17;2572.74418674679;1;0
7;"test";"Ind4";"mixed1";"m";"2";1170;3;190;0.00256410256410256;0;10.17;2572.74418674679;1;0
7;"test";"Ind5";"mixed1";"f";"1";1036;2;269;0.00193050193050193;1;9.78;2297.31474182599;4;0.000965250965250965
7;"test";"Ind5";"mixed1";"f";"2";1575;6;275;0.00380952380952381;0;9.78;2297.31474182599;4;0
7;"test";"Ind6";"mixed1";"f";"1";675;0;192;0;2;9.47;1798.44369158866;5;0.00296296296296296
7;"test";"Ind6";"mixed1";"f";"2";1023;0;169;0;3;9.47;1798.44369158866;5;0.00293255131964809
7;"test";"Ind7";"mixed2";"m";"1";1226;0;172;0;3;9.12;2046.62688341225;3;0.00244698205546493
7;"test";"Ind7";"mixed2";"m";"2";3426;0;344;0;2;9.12;2046.62688341225;3;0.000583771161704612
7;"test";"Ind8";"mixed2";"m";"1";2041;19;401;0.00930916217540421;0;9.85;2681.62512514229;1;0
7;"test";"Ind8";"mixed2";"m";"2";2244;10;224;0.00445632798573975;0;9.85;2681.62512514229;1;0
7;"test";"Ind9";"mixed2";"m";"1";558;0;62;0;7;10.24;1808.895470971;4;0.0125448028673835
7;"test";"Ind9";"mixed2";"m";"2";1765;1;153;0.00056657223796034;2;10.24;1808.895470971;4;0.00113314447592068
8;"test";"Ind10";"mixed2";"f";"1";1334;0;218;0;16;9.69;1802.00629065308;5;0.0119940029985007
8;"test";"Ind10";"mixed2";"f";"2";2834;1;347;0.000352858151023289;1;9.69;1802.00629065308;5;0.000352858151023289
8;"test";"Ind11";"mixed2";"f";"1";2483;12;448;0.00483286347160693;3;9.64;2256.45302967819;2;0.00120821586790173
8;"test";"Ind11";"mixed2";"f";"2";2917;3;343;0.00102845389098389;7;9.64;2256.45302967819;2;0.00239972574562907
8;"test";"Ind12";"mixed2";"f";"1";1241;0;174;0;8;9.88;1775.29570607386;6;0.0064464141821112
8;"test";"Ind12";"mixed2";"f";"2";1846;0;162;0;3;9.88;1775.29570607386;6;0.00162513542795233
8;"test";"Ind13";"mixed3";"m";"1";2887;1;313;0.000346380325597506;19;10.44;1838.67318109454;5;0.00658122618635262
8;"test";"Ind13";"mixed3";"m";"2";3534;2;323;0.000565930956423316;3;10.44;1838.67318109454;5;0.000848896434634975
8;"test";"Ind14";"mixed3";"m";"1";3231;34;576;0.0105230578768183;0;9.88;2642.01193897293;1;0
8;"test";"Ind14";"mixed3";"m";"2";2823;7;307;0.00247963159759122;1;9.88;2642.01193897293;1;0.000354233085370174
8;"test";"Ind15";"mixed3";"f";"1";2383;0;265;0;11;10.37;1830.38182208263;6;0.00461603021401595
8;"test";"Ind15";"mixed3";"f";"2";3730;0;326;0;3;10.37;1830.38182208263;6;0.000804289544235925
8;"test";"Ind16";"mixed3";"m";"1";554;1;51;0.00180505415162455;2;9.91;2113.56964502888;3;0.0036101083032491
8;"test";"Ind16";"mixed3";"m";"2";1038;0;105;0;0;9.91;2113.56964502888;3;0
8;"test";"Ind17";"mixed3";"f";"1";1636;0;182;0;4;10.16;1863.29677899266;4;0.00244498777506112
8;"test";"Ind17";"mixed3";"f";"2";3141;0;271;0;2;10.16;1863.29677899266;4;0.000636739891754218
8;"test";"Ind18";"mixed3";"f";"1";2280;1;180;0.00043859649122807;1;9.55;2172.14532641083;2;0.00043859649122807
8;"test";"Ind18";"mixed3";"f";"2";3697;1;272;0.000270489586150933;1;9.55;2172.14532641083;2;0.000270489586150933
8;"test";"Ind19";"mixed4";"f";"1";2134;1;322;0.000468603561387067;9;10.33;1855.84888074887;4;0.0042174320524836
8;"test";"Ind19";"mixed4";"f";"2";2459;0;298;0;3;10.33;1855.84888074887;4;0.00122000813338756
8;"test";"Ind20";"mixed4";"f";"1";2763;0;446;0;17;10.47;1785.90858935726;6;0.00615273253709736
8;"test";"Ind20";"mixed4";"f";"2";3642;1;410;0.000274574409665019;7;10.47;1785.90858935726;6;0.00192202086765513
8;"test";"Ind21";"mixed4";"m";"1";210;1;18;0.00476190476190476;3;8.7;2093.50682339093;2;0.0142857142857143
8;"test";"Ind21";"mixed4";"m";"2";2535;5;232;0.0019723865877712;7;8.7;2093.50682339093;2;0.00276134122287968
8;"test";"Ind22";"mixed4";"m";"1";2365;31;434;0.013107822410148;0;8.89;2672.21544625536;1;0
8;"test";"Ind22";"mixed4";"m";"2";1807;16;214;0.00885445489762036;0;8.89;2672.21544625536;1;0
8;"test";"Ind23";"mixed4";"f";"1";1370;0;190;0;4;9.95;1851.76346357324;5;0.00291970802919708
8;"test";"Ind23";"mixed4";"f";"2";2130;0;253;0;2;9.95;1851.76346357324;5;0.000938967136150235
8;"test";"Ind24";"mixed4";"m";"1";754;0;91;0;0;9.32;1922.08783787267;3;0
8;"test";"Ind24";"mixed4";"m";"2";1864;0;187;0;3;9.32;1922.08783787267;3;0.00160944206008584
8;"test";"Ind25";"6m";"m";"1";184;0;53;0;2;9.87;2214.24441062051;3;0.0108695652173913
8;"test";"Ind25";"6m";"m";"2";4619;13;437;0.00281446200476294;0;9.87;2214.24441062051;3;0
8;"test";"Ind26";"6m";"m";"1";1075;2;419;0.00186046511627907;0;9.85;2620.61200120589;1;0
8;"test";"Ind26";"6m";"m";"2";927;0;198;0;0;9.85;2620.61200120589;1;0
8;"test";"Ind27";"6m";"m";"1";165;0;52;0;0;9.02;1676.60040124505;6;0
8;"test";"Ind27";"6m";"m";"2";960;0;144;0;8;9.02;1676.60040124505;6;0.00833333333333333
8;"test";"Ind28";"6m";"m";"1";193;0;54;0;4;9.72;1737.70825906718;5;0.0207253886010363
8;"test";"Ind28";"6m";"m";"2";281;0;31;0;4;9.72;1737.70825906718;5;0.0142348754448399
8;"test";"Ind29";"6m";"m";"1";1054;3;474;0.00284629981024668;0;10;2511.52966838891;2;0
8;"test";"Ind29";"6m";"m";"2";844;1;251;0.00118483412322275;0;10;2511.52966838891;2;0
8;"test";"Ind30";"6m";"m";"1";171;1;20;0.00584795321637427;0;8.75;1940.09572092232;4;0
8;"test";"Ind30";"6m";"m";"2";1832;2;334;0.00109170305676856;4;8.75;1940.09572092232;4;0.00218340611353712
8;"test";"Ind7";"mixed2";"m";"1";1354;1;185;0.000738552437223043;10;9.12;2046.62688341225;3;0.00738552437223043
8;"test";"Ind7";"mixed2";"m";"2";3255;5;292;0.00153609831029186;4;9.12;2046.62688341225;3;0.00122887864823349
8;"test";"Ind8";"mixed2";"m";"1";2111;29;400;0.0137375651350071;1;9.85;2681.62512514229;1;0.000473709142586452
8;"test";"Ind8";"mixed2";"m";"2";2452;15;244;0.00611745513866232;0;9.85;2681.62512514229;1;0
8;"test";"Ind9";"mixed2";"m";"1";458;1;50;0.00218340611353712;5;10.24;1808.895470971;4;0.0109170305676856
8;"test";"Ind9";"mixed2";"m";"2";2272;0;191;0;9;10.24;1808.895470971;4;0.0039612676056338
9;"test";"Ind10";"mixed2";"f";"1";1265;0;235;0;5;9.69;1802.00629065308;5;0.00395256916996047
9;"test";"Ind10";"mixed2";"f";"2";2312;0;314;0;2;9.69;1802.00629065308;5;0.000865051903114187
9;"test";"Ind11";"mixed2";"f";"1";2604;7;446;0.00268817204301075;10;9.64;2256.45302967819;2;0.00384024577572965
9;"test";"Ind11";"mixed2";"f";"2";2929;2;359;0.000682826903379993;3;9.64;2256.45302967819;2;0.00102424035506999
9;"test";"Ind12";"mixed2";"f";"1";1345;0;187;0;10;9.88;1775.29570607386;6;0.00743494423791822
9;"test";"Ind12";"mixed2";"f";"2";2366;0;210;0;1;9.88;1775.29570607386;6;0.000422654268808115
9;"test";"Ind13";"mixed3";"m";"1";2354;0;305;0;9;10.44;1838.67318109454;5;0.0038232795242141
9;"test";"Ind14";"mixed3";"m";"1";2451;18;468;0.00734394124847001;0;9.88;2642.01193897293;1;0
9;"test";"Ind15";"mixed3";"f";"1";1577;1;224;0.000634115409004439;8;10.37;1830.38182208263;6;0.00507292327203551
9;"test";"Ind16";"mixed3";"m";"1";245;0;7;0;0;9.91;2113.56964502888;3;0
9;"test";"Ind17";"mixed3";"f";"1";667;0;61;0;0;10.16;1863.29677899266;4;0
9;"test";"Ind18";"mixed3";"f";"1";1261;0;133;0;2;9.55;2172.14532641083;2;0.00158604282315623
9;"test";"Ind19";"mixed4";"f";"1";2039;0;340;0;4;10.33;1855.84888074887;4;0.00196174595389897
9;"test";"Ind19";"mixed4";"f";"2";2318;0;278;0;1;10.33;1855.84888074887;4;0.000431406384814495
9;"test";"Ind20";"mixed4";"f";"1";2413;0;392;0;12;10.47;1785.90858935726;6;0.0049730625777041
9;"test";"Ind20";"mixed4";"f";"2";3255;0;452;0;6;10.47;1785.90858935726;6;0.00184331797235023
9;"test";"Ind21";"mixed4";"m";"1";124;0;14;0;2;8.7;2093.50682339093;2;0.0161290322580645
9;"test";"Ind21";"mixed4";"m";"2";2426;1;201;0.000412201154163232;3;8.7;2093.50682339093;2;0.00123660346248969
9;"test";"Ind22";"mixed4";"m";"1";1985;26;445;0.0130982367758186;0;8.89;2672.21544625536;1;0
9;"test";"Ind22";"mixed4";"m";"2";2009;13;261;0.00647088103534097;0;8.89;2672.21544625536;1;0
9;"test";"Ind23";"mixed4";"f";"1";1675;0;257;0;5;9.95;1851.76346357324;5;0.00298507462686567
9;"test";"Ind23";"mixed4";"f";"2";1940;0;207;0;2;9.95;1851.76346357324;5;0.00103092783505155
9;"test";"Ind24";"mixed4";"m";"1";344;0;37;0;3;9.32;1922.08783787267;3;0.00872093023255814
9;"test";"Ind24";"mixed4";"m";"2";1739;0;179;0;2;9.32;1922.08783787267;3;0.00115008625646924
9;"test";"Ind7";"mixed2";"m";"1";931;0;115;0;3;9.12;2046.62688341225;3;0.00322234156820623
9;"test";"Ind7";"mixed2";"m";"2";3300;2;303;0.000606060606060606;2;9.12;2046.62688341225;3;0.000606060606060606
9;"test";"Ind8";"mixed2";"m";"1";2153;37;392;0.0171853228053878;0;9.85;2681.62512514229;1;0
9;"test";"Ind8";"mixed2";"m";"2";2171;10;241;0.00460617227084293;0;9.85;2681.62512514229;1;0
9;"test";"Ind9";"mixed2";"m";"1";676;0;77;0;16;10.24;1808.895470971;4;0.0236686390532544
9;"test";"Ind9";"mixed2";"m";"2";1759;0;157;0;6;10.24;1808.895470971;4;0.00341102899374645
