"IdLabel";"weight";"cond";"day";"cohort_day";"cohort";"cage";"prob_cond";"successes";"failures";"sampling";"group";"prob_cen";"predicted_failures";"predicted_sampling";"slope"
"Ind1";8.655;"plast";2;2;1;1;0.5;543;29;0.0506993006993007;"50-30-83";-0.0447021276595745;22.5604103675544;0.0398903635296759;-2.7329199365414
"Ind1";8.604;"plast";3;3;1;1;0.5;271;35;0.11437908496732;"50-30-83";-0.0447021276595745;12.1256820828548;0.0428279130089877;-2.7329199365414
"Ind1";8.438;"plast";4;4;1;1;0.5;325;13;0.0384615384615385;"50-30-83";-0.0447021276595745;13.6047097083884;0.0401787373840871;-2.7329199365414
"Ind1";8.312;"plast";5;5;1;1;0.5;311;6;0.0189274447949527;"50-30-83";-0.0447021276595745;12.9167772354266;0.0398768391858829;-2.7329199365414
"Ind1";8.329;"plast";6;6;1;1;0.3;422;1;0.00236406619385343;"50-30-83";-0.244702127659574;28.3477049142184;0.0629462626430349;-2.7329199365414
"Ind1";8.166;"plast";7;7;1;1;0.3;385;2;0.00516795865633075;"50-30-83";-0.244702127659574;26.336574690794;0.0640268245307178;-2.7329199365414
"Ind1";7.796;"plast";8;8;1;1;0.3;252;54;0.176470588235294;"50-30-83";-0.244702127659574;21.5980409825309;0.0789407734973875;-2.7329199365414
"Ind1";7.791;"plast";9;9;1;1;0.3;313;21;0.062874251497006;"50-30-83";-0.244702127659574;23.5863105889068;0.0700750739019632;-2.7329199365414
"Ind1";8.182;"plast";10;10;1;1;0.83;172;0;0;"50-30-83";0.285297872340425;3.22452870804749;0.0184022678321486;-2.7329199365414
"Ind1";7.902;"plast";11;11;1;1;0.83;187;0;0;"50-30-83";0.285297872340425;3.61535756400618;0.018966769573077;-2.7329199365414
"Ind1";7.706;"plast";12;12;1;1;0.83;102;0;0;"50-30-83";0.285297872340425;2.01729814533653;0.0193938718011872;-2.7329199365414
"Ind10";8.024;"plast";2;2;1;1;0.5;405;92;0.185110663983903;"50-83-30";-0.0447021276595745;87.8159501354926;0.178192183332031;-3.2299163588972
"Ind10";8.009;"plast";3;3;1;1;0.5;455;10;0.021505376344086;"50-83-30";-0.0447021276595745;82.2527666111339;0.153098823724939;-3.2299163588972
"Ind10";8.006;"plast";4;4;1;1;0.5;425;16;0.036281179138322;"50-83-30";-0.0447021276595745;78.0247453981522;0.155111147338079;-3.2299163588972
"Ind10";7.841;"plast";5;5;1;1;0.5;415;25;0.0568181818181818;"50-83-30";-0.0447021276595745;78.8112917317143;0.159597994317498;-3.2299163588972
"Ind10";7.86;"plast";6;6;1;1;0.83;320;10;0.0303030303030303;"50-83-30";0.285297872340425;27.0170509501775;0.0778551107970093;-3.2299163588972
"Ind10";7.429;"plast";8;8;1;1;0.83;255;161;0.387019230769231;"50-83-30";0.285297872340425;35.4944025374337;0.122186184062049;-3.2299163588972
"Ind10";7.372;"plast";9;9;1;1;0.83;172;2;0.0114942528735632;"50-83-30";0.285297872340425;14.9305182294385;0.0798720207425563;-3.2299163588972
"Ind10";7.313;"plast";10;10;1;1;0.3;541;140;0.205580029368576;"50-83-30";-0.244702127659574;191.483167062317;0.261416474361146;-3.2299163588972
"Ind10";7.418;"plast";11;11;1;1;0.3;402;415;0.507955936352509;"50-83-30";-0.244702127659574;228.163402373615;0.362070221016009;-3.2299163588972
"Ind10";7.151;"plast";12;12;1;1;0.3;266;316;0.542955326460481;"50-83-30";-0.244702127659574;165.386215693226;0.383383171915809;-3.2299163588972
"Ind10";6.997;"plast";13;13;1;1;0.3;251;125;0.332446808510638;"50-83-30";-0.244702127659574;107.93374712579;0.300706601120914;-3.2299163588972
"Ind11";9.031;"plast";4;4;1;1;0.5;542;100;0.155763239875389;"50-83-30";-0.0447021276595745;155.72601803262;0.223190785505922;-3.11786120643802
"Ind11";8.93;"plast";5;5;1;1;0.5;596;84;0.123529411764706;"50-83-30";-0.0447021276595745;166.03037977304;0.217878950997321;-3.11786120643802
"Ind11";8.999;"plast";6;6;1;1;0.83;314;28;0.0818713450292398;"50-83-30";0.285297872340425;42.3958246443023;0.118957130562949;-3.11786120643802
"Ind11";8.713;"plast";7;7;1;1;0.83;285;75;0.208333333333333;"50-83-30";0.285297872340425;45.6619274490597;0.138092485582859;-3.11786120643802
"Ind11";8.513;"plast";9;9;1;1;0.83;260;32;0.10958904109589;"50-83-30";0.285297872340425;37.6563649684361;0.126509523733615;-3.11786120643802
"Ind11";8.648;"plast";10;10;1;1;0.3;736;257;0.258811681772407;"50-83-30";-0.244702127659574;348.469282384509;0.321327019625952;-3.11786120643802
"Ind11";8.372;"plast";11;11;1;1;0.3;503;705;0.583609271523179;"50-83-30";-0.244702127659574;430.512208503592;0.461174695501516;-3.11786120643802
"Ind11";8.067;"plast";12;12;1;1;0.3;316;256;0.447552447552448;"50-83-30";-0.244702127659574;207.3753438981;0.396226811820305;-3.11786120643802
"Ind11";7.928;"plast";13;13;1;1;0.3;374;162;0.302238805970149;"50-83-30";-0.244702127659574;195.850599728934;0.343687625883163;-3.11786120643802
"Ind12";8.462;"plast";2;2;1;1;0.5;445;102;0.186471663619744;"50-83-30";-0.0447021276595745;38.2225832895397;0.0790993314702706;-2.43696798875164
"Ind12";8.302;"plast";3;3;1;1;0.5;466;10;0.0210084033613445;"50-83-30";-0.0447021276595745;33.7324516362802;0.0675010228489858;-2.43696798875164
"Ind12";8.172;"plast";4;4;1;1;0.5;501;27;0.0511363636363636;"50-83-30";-0.0447021276595745;37.8597539479699;0.070259012053859;-2.43696798875164
"Ind12";8.251;"plast";5;5;1;1;0.5;469;20;0.0408997955010225;"50-83-30";-0.0447021276595745;34.8126344902945;0.069098375282935;-2.43696798875164
"Ind12";8.285;"plast";6;6;1;1;0.83;345;0;0;"50-83-30";0.285297872340425;12.5642112446977;0.0351383355760385;-2.43696798875164
"Ind12";8.303;"plast";7;7;1;1;0.83;298;1;0.00334448160535117;"50-83-30";0.285297872340425;10.8701902194378;0.0351933937416074;-2.43696798875164
"Ind12";8.065;"plast";9;9;1;1;0.83;270;7;0.0252707581227437;"50-83-30";0.285297872340425;10.3088654294998;0.0367768083742345;-2.43696798875164
"Ind12";8.042;"plast";10;10;1;1;0.3;838;7;0.00828402366863905;"50-83-30";-0.244702127659574;92.8977664676444;0.0997937365562186;-2.43696798875164
"Ind12";7.925;"plast";11;11;1;1;0.3;742;16;0.0211081794195251;"50-83-30";-0.244702127659574;84.1828008854975;0.101893673888237;-2.43696798875164
"Ind12";7.617;"plast";12;12;1;1;0.3;510;148;0.224924012158055;"50-83-30";-0.244702127659574;75.1142458941813;0.128375349636874;-2.43696798875164
"Ind12";7.449;"plast";13;13;1;1;0.3;312;48;0.133333333333333;"50-83-30";-0.244702127659574;41.7363632547983;0.117987200611138;-2.43696798875164
"Ind13";8.56;"plast";19;2;2;2;0.5;402;194;0.325503355704698;"50-30-83";-0.0447021276595745;142.669006334005;0.261937074948077;-3.5479412858955
"Ind13";8.199;"plast";20;3;2;2;0.5;270;162;0.375;"50-30-83";-0.0447021276595745;105.890879171823;0.281706434072371;-3.5479412858955
"Ind13";8.038;"plast";21;4;2;2;0.5;219;87;0.284313725490196;"50-30-83";-0.0447021276595745;75.8193221909614;0.257172160995104;-3.5479412858955
"Ind13";7.734;"plast";22;5;2;2;0.5;210;42;0.166666666666667;"50-30-83";-0.0447021276595745;63.7447205349906;0.232861917520863;-3.5479412858955
"Ind13";7.923;"plast";24;7;2;2;0.3;289;329;0.532362459546926;"50-30-83";-0.244702127659574;227.027029064887;0.439951817012941;-3.5479412858955
"Ind13";7.624;"plast";25;8;2;2;0.3;300;71;0.191374663072776;"50-30-83";-0.244702127659574;138.533245771038;0.315901353220018;-3.5479412858955
"Ind13";7.783;"plast";27;10;2;2;0.83;163;8;0.0467836257309941;"50-30-83";0.285297872340425;19.9580184464736;0.109085235049769;-3.5479412858955
"Ind13";7.421;"plast";28;11;2;2;0.83;178;26;0.127450980392157;"50-30-83";0.285297872340425;24.6173618845687;0.121496803904659;-3.5479412858955
"Ind13";7.095;"plast";29;12;2;2;0.83;96;10;0.0943396226415094;"50-30-83";0.285297872340425;13.1968986809052;0.120854152822317;-3.5479412858955
"Ind13";7.28;"plast";30;13;2;2;0.83;161;17;0.0955056179775281;"50-30-83";0.285297872340425;21.768976206961;0.119106517193107;-3.5479412858955
"Ind14";8.794;"plast";19;2;2;2;0.5;408;50;0.109170305676856;"50-30-83";-0.0447021276595745;24.0585027152014;0.0556834376919089;-2.29460089144316
"Ind14";8.488;"plast";21;4;2;2;0.5;279;29;0.0941558441558442;"50-30-83";-0.0447021276595745;16.6384768933551;0.0562798085966228;-2.29460089144316
"Ind14";8.339;"plast";22;5;2;2;0.5;199;12;0.0568720379146919;"50-30-83";-0.0447021276595745;11.5624715428975;0.0549123091981843;-2.29460089144316
"Ind14";8.593;"plast";23;6;2;2;0.3;775;7;0.00895140664961637;"50-30-83";-0.244702127659574;63.7966086685987;0.0760573040106367;-2.29460089144316
"Ind14";8.255;"plast";25;8;2;2;0.3;391;1;0.00255102040816327;"50-30-83";-0.244702127659574;32.981000543938;0.0777888643633221;-2.29460089144316
"Ind14";7.975;"plast";26;9;2;2;0.3;197;44;0.182572614107884;"50-30-83";-0.244702127659574;20.8271588000471;0.0956132325958733;-2.29460089144316
"Ind14";8.211;"plast";27;10;2;2;0.83;246;2;0.00806451612903226;"50-30-83";0.285297872340425;7.10501648248039;0.0280714170790534;-2.29460089144316
"Ind14";7.992;"plast";28;11;2;2;0.83;157;1;0.00632911392405063;"50-30-83";0.285297872340425;4.63195368821488;0.0286574132312342;-2.29460089144316
"Ind14";7.805;"plast";29;12;2;2;0.83;122;1;0.00813008130081301;"50-30-83";0.285297872340425;3.68066936928543;0.0292858829265985;-2.29460089144316
"Ind14";7.654;"plast";30;13;2;2;0.83;119;0;0;"50-30-83";0.285297872340425;3.62258525903902;0.0295425614407521;-2.29460089144316
"Ind15";9.01;"plast";19;2;2;2;0.5;494;1;0.00202020202020202;"50-30-83";-0.0447021276595745;12.3334181817833;0.0243582938413821;-1.37552078665305
"Ind15";8.977;"plast";20;3;2;2;0.5;466;0;0;"50-30-83";-0.0447021276595745;11.6485345026958;0.0243872505854617;-1.37552078665305
"Ind15";8.962;"plast";21;4;2;2;0.5;538;8;0.0146520146520147;"50-30-83";-0.0447021276595745;13.6685189816085;0.0247766883759126;-1.37552078665305
"Ind15";8.797;"plast";22;5;2;2;0.5;450;9;0.0196078431372549;"50-30-83";-0.0447021276595745;11.6836158684075;0.0253065421141945;-1.37552078665305
"Ind15";8.77;"plast";23;6;2;2;0.3;772;18;0.0227848101265823;"50-30-83";-0.244702127659574;27.0164249982916;0.0338121021709276;-1.37552078665305
"Ind15";8.76;"plast";24;7;2;2;0.3;784;19;0.0236612702366127;"50-30-83";-0.244702127659574;27.4899193942291;0.0338758606080407;-1.37552078665305
"Ind15";8.691;"plast";25;8;2;2;0.3;618;5;0.00802568218298555;"50-30-83";-0.244702127659574;21.4845261213642;0.0335966317303614;-1.37552078665305
"Ind15";8.68;"plast";27;10;2;2;0.83;348;1;0.00286532951289398;"50-30-83";0.285297872340425;6.10043641374421;0.0172279833245284;-1.37552078665305
"Ind15";8.522;"plast";28;11;2;2;0.83;258;0;0;"50-30-83";0.285297872340425;4.58249380305675;0.0174516348621997;-1.37552078665305
"Ind15";8.318;"plast";29;12;2;2;0.83;189;8;0.0406091370558376;"50-30-83";0.285297872340425;3.57546633658744;0.0185665723916159;-1.37552078665305
"Ind15";8.191;"plast";30;13;2;2;0.83;259;2;0.00766283524904215;"50-30-83";0.285297872340425;4.80377987724803;0.0182096703825976;-1.37552078665305
"Ind16";9.697;"plast";19;2;2;2;0.5;625;57;0.0835777126099707;"50-30-83";-0.0447021276595745;107.240001001173;0.146454715468353;-3.2808030076658
"Ind16";9.594;"plast";21;4;2;2;0.5;481;63;0.115808823529412;"50-30-83";-0.0447021276595745;86.2077231441524;0.151986158908917;-3.2808030076658
"Ind16";9.396;"plast";22;5;2;2;0.5;352;158;0.309803921568627;"50-30-83";-0.0447021276595745;82.0595118244121;0.189051292712155;-3.2808030076658
"Ind16";9.701;"plast";23;6;2;2;0.3;726;6;0.00819672131147541;"50-30-83";-0.244702127659574;177.670449847175;0.196609781671207;-3.2808030076658
"Ind16";9.48;"plast";24;7;2;2;0.3;440;651;0.596700274977085;"50-30-83";-0.244702127659574;268.716259439217;0.379159156940808;-3.2808030076658
"Ind16";9.301;"plast";25;8;2;2;0.3;455;127;0.218213058419244;"50-30-83";-0.244702127659574;145.084818120227;0.241773852194273;-3.2808030076658
"Ind16";9.013;"plast";26;9;2;2;0.3;248;251;0.503006012024048;"50-30-83";-0.244702127659574;126.864585983375;0.338427770258889;-3.2808030076658
"Ind16";9.278;"plast";27;10;2;2;0.83;346;4;0.0114285714285714;"50-30-83";0.285297872340425;25.5331112291907;0.068723649272379;-3.2808030076658
"Ind16";8.89;"plast";28;11;2;2;0.83;117;19;0.139705882352941;"50-30-83";0.285297872340425;10.2900128894373;0.0808391220635283;-3.2808030076658
"Ind16";8.806;"plast";29;12;2;2;0.83;111;10;0.0826446280991736;"50-30-83";0.285297872340425;9.2305718960661;0.076773916571282;-3.2808030076658
"Ind16";9.505;"plast";30;13;2;2;0.83;288;6;0.0204081632653061;"50-30-83";0.285297872340425;21.0190374958249;0.0680185844411248;-3.2808030076658
"Ind17";9.013;"plast";19;2;2;2;0.5;396;15;0.0364963503649635;"50-30-83";-0.0447021276595745;37.788994744548;0.0871137700641793;-1.93607167901388
"Ind17";8.941;"plast";20;3;2;2;0.5;527;25;0.0452898550724638;"50-30-83";-0.0447021276595745;51.0761062774973;0.0883553319759231;-1.93607167901388
"Ind17";8.699;"plast";22;5;2;2;0.5;397;76;0.160676532769556;"50-30-83";-0.0447021276595745;44.7339095067898;0.101268905429372;-1.93607167901388
"Ind17";9.142;"plast";23;6;2;2;0.3;880;8;0.00900900900900901;"50-30-83";-0.244702127659574;109.638286428176;0.110786221523305;-1.93607167901388
"Ind17";9.076;"plast";24;7;2;2;0.3;710;99;0.122373300370828;"50-30-83";-0.244702127659574;100.421322155226;0.123912487751638;-1.93607167901388
"Ind17";8.881;"plast";25;8;2;2;0.3;665;32;0.0459110473457676;"50-30-83";-0.244702127659574;87.9254900226731;0.11677847434814;-1.93607167901388
"Ind17";8.611;"plast";26;9;2;2;0.3;380;72;0.15929203539823;"50-30-83";-0.244702127659574;58.3470962508388;0.133107066865228;-1.93607167901388
"Ind17";8.926;"plast";27;10;2;2;0.83;344;0;0;"50-30-83";0.285297872340425;19.6198672282368;0.0539570826473071;-1.93607167901388
"Ind17";8.419;"plast";29;12;2;2;0.83;165;76;0.315352697095436;"50-30-83";0.285297872340425;14.4494738122909;0.0805211266732689;-1.93607167901388
"Ind17";8.36;"plast";30;13;2;2;0.83;243;18;0.0689655172413793;"50-30-83";0.285297872340425;15.7445251392086;0.060849693846615;-1.93607167901388
"Ind18";8.669;"plast";19;2;2;2;0.5;454;8;0.0173160173160173;"50-30-83";-0.0447021276595745;52.110793693934;0.102963213476628;-3.1563971831962
"Ind18";8.618;"plast";20;3;2;2;0.5;427;43;0.0914893617021277;"50-30-83";-0.0447021276595745;53.2402915461724;0.110861775830514;-3.1563971831962
"Ind18";8.42;"plast";21;4;2;2;0.5;435;11;0.0246636771300448;"50-30-83";-0.0447021276595745;51.3832110539921;0.105643471826761;-3.1563971831962
"Ind18";8.361;"plast";22;5;2;2;0.5;421;44;0.0946236559139785;"50-30-83";-0.0447021276595745;53.8478459577328;0.113400211069981;-3.1563971831962
"Ind18";8.613;"plast";23;6;2;2;0.3;980;138;0.123434704830054;"50-30-83";-0.244702127659574;203.759095714921;0.17212885328823;-3.1563971831962
"Ind18";8.435;"plast";24;7;2;2;0.3;679;338;0.332350049164208;"50-30-83";-0.244702127659574;187.819561962508;0.216676653601678;-3.1563971831962
"Ind18";8.255;"plast";25;8;2;2;0.3;485;171;0.260670731707317;"50-30-83";-0.244702127659574;122.811098534796;0.202054715405572;-3.1563971831962
"Ind18";8.377;"plast";27;10;2;2;0.83;333;3;0.00892857142857143;"50-30-83";0.285297872340425;16.733673073949;0.0478469028357207;-3.1563971831962
"Ind18";8.271;"plast";28;11;2;2;0.83;303;63;0.172131147540984;"50-30-83";0.285297872340425;18.4275454736286;0.0573303244638703;-3.1563971831962
"Ind18";8.269;"plast";29;12;2;2;0.83;322;6;0.0182926829268293;"50-30-83";0.285297872340425;16.5177343845059;0.0487942955619104;-3.1563971831962
"Ind18";8.263;"plast";30;13;2;2;0.83;300;2;0.00662251655629139;"50-30-83";0.285297872340425;15.2178907136327;0.0482773699144437;-3.1563971831962
"Ind19";8.998;"plast";19;2;2;2;0.5;587;226;0.277982779827798;"50-83-30";-0.0447021276595745;139.309953161461;0.191805099950891;-2.31993938026362
"Ind19";9.003;"plast";20;3;2;2;0.5;435;114;0.207650273224044;"50-83-30";-0.0447021276595745;94.0356576327932;0.177749186233613;-2.31993938026362
"Ind19";9.072;"plast";21;4;2;2;0.5;596;109;0.154609929078014;"50-83-30";-0.0447021276595745;120.102907282826;0.167717385394431;-2.31993938026362
"Ind19";8.988;"plast";22;5;2;2;0.5;499;48;0.0877513711151737;"50-83-30";-0.0447021276595745;93.8041285803334;0.158237981245135;-2.31993938026362
"Ind19";9.287;"plast";23;6;2;2;0.83;393;10;0.0248138957816377;"50-83-30";0.285297872340425;39.6874295529043;0.0917230934901745;-2.31993938026362
"Ind19";9.196;"plast";24;7;2;2;0.83;377;58;0.133333333333333;"50-83-30";0.285297872340425;43.1701900418558;0.102744533203451;-2.31993938026362
"Ind19";9.015;"plast";25;8;2;2;0.83;221;11;0.0474137931034483;"50-83-30";0.285297872340425;23.3876777338508;0.0956990874119319;-2.31993938026362
"Ind19";8.91;"plast";26;9;2;2;0.83;242;45;0.156794425087108;"50-83-30";0.285297872340425;29.20226259927;0.107677061095982;-2.31993938026362
"Ind19";9.173;"plast";27;10;2;2;0.3;636;111;0.14859437751004;"50-83-30";-0.244702127659574;171.310090336981;0.212198624032402;-2.31993938026362
"Ind19";9.009;"plast";28;11;2;2;0.3;614;69;0.101024890190337;"50-83-30";-0.244702127659574;158.449871818542;0.20512641350501;-2.31993938026362
"Ind19";9.109;"plast";30;13;2;2;0.3;511;66;0.114384748700173;"50-83-30";-0.244702127659574;132.918581309128;0.206421409736143;-2.31993938026362
"Ind2";8.408;"plast";2;2;1;1;0.5;468;78;0.142857142857143;"50-30-83";-0.0447021276595745;27.4550687250994;0.0554138416541918;-2.49372179852563
"Ind2";8.402;"plast";3;3;1;1;0.5;523;12;0.0224299065420561;"50-30-83";-0.0447021276595745;26.9167974617045;0.0489470363261252;-2.49372179852563
"Ind2";8.094;"plast";4;4;1;1;0.5;469;13;0.0269709543568465;"50-30-83";-0.0447021276595745;24.9710109259826;0.0505515715976383;-2.49372179852563
"Ind2";8.084;"plast";5;5;1;1;0.5;369;3;0.00806451612903226;"50-30-83";-0.0447021276595745;19.2911655339579;0.0496822159407869;-2.49372179852563
"Ind2";8.034;"plast";6;6;1;1;0.3;779;12;0.0151706700379267;"50-30-83";-0.244702127659574;63.8318487843499;0.0757349747478303;-2.49372179852563
"Ind2";8.011;"plast";7;7;1;1;0.3;841;159;0.159;"50-30-83";-0.244702127659574;80.8660653015661;0.0877199718541681;-2.49372179852563
"Ind2";7.768;"plast";9;9;1;1;0.3;574;15;0.0254668930390492;"50-30-83";-0.244702127659574;48.7144584375734;0.0782292072674863;-2.49372179852563
"Ind2";7.933;"plast";10;10;1;1;0.83;332;1;0.003003003003003;"50-30-83";0.285297872340425;8.74395720298272;0.0256613712969645;-2.49372179852563
"Ind2";7.821;"plast";11;11;1;1;0.83;269;9;0.0323741007194245;"50-30-83";0.285297872340425;7.39368832405563;0.0267505686142404;-2.49372179852563
"Ind2";7.581;"plast";13;13;1;1;0.83;171;1;0.00581395348837209;"50-30-83";0.285297872340425;4.70619869692063;0.0267844773367299;-2.49372179852563
"Ind20";7.868;"plast";19;2;2;2;0.5;515;19;0.0355805243445693;"50-83-30";-0.0447021276595745;55.9424310843273;0.0979826126744199;-0.888024289622761
"Ind20";7.837;"plast";20;3;2;2;0.5;610;132;0.177897574123989;"50-83-30";-0.0447021276595745;77.941494004267;0.113296689738246;-0.888024289622761
"Ind20";7.724;"plast";21;4;2;2;0.5;484;106;0.179661016949153;"50-83-30";-0.0447021276595745;62.5906267051184;0.114510977040383;-0.888024289622761
"Ind20";7.46;"plast";22;5;2;2;0.5;291;68;0.18941504178273;"50-83-30";-0.0447021276595745;38.9995228903363;0.118180543258835;-0.888024289622761
"Ind20";7.935;"plast";23;6;2;2;0.83;472;11;0.0227743271221532;"50-83-30";0.285297872340425;42.1548021863828;0.0819885412080651;-0.888024289622761
"Ind20";7.846;"plast";24;7;2;2;0.83;330;107;0.244851258581236;"50-83-30";0.285297872340425;38.4516248505918;0.104360036045937;-0.888024289622761
"Ind20";7.635;"plast";25;8;2;2;0.83;236;7;0.0288065843621399;"50-83-30";0.285297872340425;21.8077767432057;0.0845892898138902;-0.888024289622761
"Ind20";7.41;"plast";26;9;2;2;0.83;135;25;0.15625;"50-83-30";0.285297872340425;14.6743407671535;0.0980417932154593;-0.888024289622761
"Ind20";7.683;"plast";27;10;2;2;0.3;928;12;0.0127659574468085;"50-83-30";-0.244702127659574;114.865908207809;0.110144465653507;-0.888024289622761
"Ind20";7.333;"plast";28;11;2;2;0.3;257;9;0.0338345864661654;"50-83-30";-0.244702127659574;33.4933796641604;0.115298254655174;-0.888024289622761
"Ind20";7.23;"plast";29;12;2;2;0.3;343;14;0.0392156862745098;"50-83-30";-0.244702127659574;45.3613131634898;0.116801832793252;-0.888024289622761
"Ind20";7.674;"plast";30;13;2;2;0.3;1013;38;0.0361560418648906;"50-83-30";-0.244702127659574;128.5266441562;0.112591891581475;-0.888024289622761
"Ind21";8.869;"plast";19;2;2;2;0.5;564;19;0.032590051457976;"50-83-30";-0.0447021276595745;9.81866561522246;0.0171110948520563;0.139536303150305
"Ind21";9.01;"plast";20;3;2;2;0.5;670;15;0.0218978102189781;"50-83-30";-0.0447021276595745;11.3711626765841;0.0166886468043578;0.139536303150305
"Ind21";9.225;"plast";21;4;2;2;0.5;707;16;0.0221300138312586;"50-83-30";-0.0447021276595745;11.7526762502327;0.0163514886811233;0.139536303150305
"Ind21";8.849;"plast";22;5;2;2;0.5;441;0;0;"50-83-30";-0.0447021276595745;7.44269792226896;0.0165967646630274;0.139536303150305
"Ind21";9.143;"plast";23;6;2;2;0.83;481;0;0;"50-83-30";0.285297872340425;8.82945508199699;0.0180255699006891;0.139536303150305
"Ind21";9.11;"plast";24;7;2;2;0.83;385;4;0.0102827763496144;"50-83-30";0.285297872340425;7.16184604723266;0.0182624753514907;0.139536303150305
"Ind21";8.984;"plast";25;8;2;2;0.83;342;0;0;"50-83-30";0.285297872340425;6.36979927499342;0.0182845909382784;0.139536303150305
"Ind21";8.769;"plast";26;9;2;2;0.83;224;8;0.0344827586206897;"50-83-30";0.285297872340425;4.41131956270775;0.0193130514334981;0.139536303150305
"Ind21";8.949;"plast";27;10;2;2;0.3;880;1;0.00113507377979569;"50-83-30";-0.244702127659574;15.0658339267728;0.0168320958701741;0.139536303150305
"Ind21";8.691;"plast";28;11;2;2;0.3;761;3;0.00392670157068063;"50-83-30";-0.244702127659574;13.4373837461937;0.0173511558561299;0.139536303150305
"Ind21";8.438;"plast";29;12;2;2;0.3;332;0;0;"50-83-30";-0.244702127659574;6.01237302559942;0.0177874347373197;0.139536303150305
"Ind21";8.454;"plast";30;13;2;2;0.3;451;1;0.00221238938053097;"50-83-30";-0.244702127659574;8.17002005851499;0.0177930171866923;0.139536303150305
"Ind22";8.266;"plast";19;2;2;2;0.5;390;10;0.025;"50-83-30";-0.0447021276595745;32.4332590475409;0.0767772384226282;-1.29975666696022
"Ind22";7.969;"plast";20;3;2;2;0.5;184;89;0.326007326007326;"50-83-30";-0.0447021276595745;22.7138640619086;0.109880699898803;-1.29975666696022
"Ind22";8.148;"plast";23;6;2;2;0.83;220;0;0;"50-83-30";0.285297872340425;13.3094043025773;0.0570461544075455;-1.29975666696022
"Ind22";7.636;"plast";25;8;2;2;0.83;95;6;0.0594059405940594;"50-83-30";0.285297872340425;6.42457639450417;0.0633433889781796;-1.29975666696022
"Ind22";7.459;"plast";26;9;2;2;0.83;94;18;0.160714285714286;"50-83-30";0.285297872340425;7.25615657759844;0.0716613865551733;-1.29975666696022
"Ind22";7.73;"plast";27;10;2;2;0.3;371;0;0;"50-83-30";-0.244702127659574;38.981861914349;0.0950819183373846;-1.29975666696022
"Ind22";7.467;"plast";28;11;2;2;0.3;222;20;0.0826446280991736;"50-83-30";-0.244702127659574;26.0245488340507;0.104927310447255;-1.29975666696022
"Ind22";7.267;"plast";29;12;2;2;0.3;180;17;0.0862944162436548;"50-83-30";-0.244702127659574;21.574781579954;0.107031154447246;-1.29975666696022
"Ind22";7.495;"plast";30;13;2;2;0.3;242;14;0.0546875;"50-83-30";-0.244702127659574;27.4610333141967;0.101910962696327;-1.29975666696022
"Ind23";9.253;"plast";19;2;2;2;0.5;298;38;0.113095238095238;"50-83-30";-0.0447021276595745;58.0428585124941;0.163022111312639;-1.50224151812215
"Ind23";9.245;"plast";20;3;2;2;0.5;244;112;0.314606741573034;"50-83-30";-0.0447021276595745;61.5347881470404;0.20140026777385;-1.50224151812215
"Ind23";9.048;"plast";21;4;2;2;0.5;246;92;0.272189349112426;"50-83-30";-0.0447021276595745;59.3053318549916;0.194249250396843;-1.50224151812215
"Ind23";9.051;"plast";22;5;2;2;0.5;470;92;0.163701067615658;"50-83-30";-0.0447021276595745;98.5855402857569;0.173387350364574;-1.50224151812215
"Ind23";9.301;"plast";24;7;2;2;0.83;243;59;0.195364238410596;"50-83-30";0.285297872340425;38.9503767588023;0.138146212842705;-1.50224151812215
"Ind23";9.129;"plast";25;8;2;2;0.83;211;48;0.185328185328185;"50-83-30";0.285297872340425;33.8691265217515;0.138315217613777;-1.50224151812215
"Ind23";8.884;"plast";26;9;2;2;0.83;127;27;0.175324675324675;"50-83-30";0.285297872340425;20.5499005647882;0.139274242043727;-1.50224151812215
"Ind23";9.014;"plast";28;11;2;2;0.3;573;31;0.0513245033112583;"50-83-30";-0.244702127659574;128.418064746659;0.183083486441201;-1.50224151812215
"Ind23";8.834;"plast";29;12;2;2;0.3;332;12;0.0348837209302326;"50-83-30";-0.244702127659574;74.095393618755;0.182458099212808;-1.50224151812215
"Ind23";8.978;"plast";30;13;2;2;0.3;363;58;0.137767220902613;"50-83-30";-0.244702127659574;89.7415063974396;0.198217978977743;-1.50224151812215
"Ind24";8.441;"plast";19;2;2;2;0.5;365;27;0.0688775510204082;"50-83-30";-0.0447021276595745;55.001017695012;0.130954486722105;-2.13120198285208
"Ind24";8.044;"plast";21;4;2;2;0.5;275;98;0.262734584450402;"50-83-30";-0.0447021276595745;53.9915602093035;0.164112295692188;-2.13120198285208
"Ind24";8.263;"plast";23;6;2;2;0.83;293;0;0;"50-83-30";0.285297872340425;24.7687837502645;0.0779459311828766;-2.13120198285208
"Ind24";7.778;"plast";25;8;2;2;0.83;143;30;0.173410404624277;"50-83-30";0.285297872340425;15.3169747568805;0.0967487837637247;-2.13120198285208
"Ind24";7.589;"plast";26;9;2;2;0.83;118;35;0.228758169934641;"50-83-30";0.285297872340425;13.8046613018014;0.104735759459917;-2.13120198285208
"Ind24";7.883;"plast";27;10;2;2;0.3;470;6;0.0126050420168067;"50-83-30";-0.244702127659574;94.6182657823548;0.167579179627227;-2.13120198285208
"Ind24";7.588;"plast";28;11;2;2;0.3;331;206;0.383612662942272;"50-83-30";-0.244702127659574;109.06415529015;0.247836943725263;-2.13120198285208
"Ind25";8.664;"plast";36;2;3;1;0.5;565;110;0.162962962962963;"50-30-83";-0.0447021276595745;97.4924684242658;0.147160115881998;-3.24114094921713
"Ind25";8.502;"plast";37;3;3;1;0.5;388;262;0.403076923076923;"50-30-83";-0.0447021276595745;95.0650704750632;0.196795579489059;-3.24114094921713
"Ind25";8.26;"plast";38;4;3;1;0.5;393;139;0.261278195488722;"50-30-83";-0.0447021276595745;79.3167174900169;0.167931209192682;-3.24114094921713
"Ind25";8.257;"plast";39;5;3;1;0.5;528;36;0.0638297872340425;"50-30-83";-0.0447021276595745;84.1079903753111;0.137407110669705;-3.24114094921713
"Ind25";8.447;"plast";40;6;3;1;0.3;963;85;0.0811068702290076;"50-30-83";-0.244702127659574;240.719330382391;0.199979616764915;-3.24114094921713
"Ind25";8.315;"plast";41;7;3;1;0.3;730;108;0.128878281622912;"50-30-83";-0.244702127659574;194.235194672308;0.210157756155537;-3.24114094921713
"Ind25";8.216;"plast";42;8;3;1;0.3;665;350;0.344827586206897;"50-30-83";-0.244702127659574;236.879144403833;0.262650651003153;-3.24114094921713
"Ind25";8.185;"plast";43;9;3;1;0.3;590;60;0.0923076923076923;"50-30-83";-0.244702127659574;152.023510742649;0.204876946002017;-3.24114094921713
"Ind25";8.244;"plast";44;10;3;1;0.83;298;9;0.0293159609120521;"50-30-83";0.285297872340425;20.1187515976741;0.0632428974923125;-3.24114094921713
"Ind25";8.081;"plast";45;11;3;1;0.83;262;8;0.0296296296296296;"50-30-83";0.285297872340425;17.9729948673329;0.0641954588364837;-3.24114094921713
"Ind25";7.842;"plast";46;12;3;1;0.83;216;0;0;"50-30-83";0.285297872340425;14.7239039712592;0.063816118390114;-3.24114094921713
"Ind25";7.783;"plast";47;13;3;1;0.83;162;12;0.0689655172413793;"50-30-83";0.285297872340425;11.9323752478691;0.0686035318661314;-3.24114094921713
"Ind26";9.032;"plast";36;2;3;1;0.5;410;101;0.197651663405088;"50-30-83";-0.0447021276595745;48.6712478191726;0.106113579280559;-1.76577157145223
"Ind26";9.048;"plast";37;3;3;1;0.5;424;11;0.0252873563218391;"50-30-83";-0.0447021276595745;41.3738392633942;0.0889045231439777;-1.76577157145223
"Ind26";9.008;"plast";38;4;3;1;0.5;496;11;0.0216962524654832;"50-30-83";-0.0447021276595745;48.3932746189863;0.0888939611769748;-1.76577157145223
"Ind26";8.898;"plast";39;5;3;1;0.5;361;88;0.195991091314031;"50-30-83";-0.0447021276595745;43.2822705787499;0.107059531739518;-1.76577157145223
"Ind26";9.04;"plast";40;6;3;1;0.3;814;10;0.0121359223300971;"50-30-83";-0.244702127659574;103.084176337709;0.112404268874604;-1.76577157145223
"Ind26";8.925;"plast";41;7;3;1;0.3;574;37;0.060556464811784;"50-30-83";-0.244702127659574;77.1756971215047;0.118517471494493;-1.76577157145223
"Ind26";8.902;"plast";42;8;3;1;0.3;585;110;0.158273381294964;"50-30-83";-0.244702127659574;87.9562579417181;0.130701300275798;-1.76577157145223
"Ind26";8.879;"plast";43;9;3;1;0.3;578;38;0.0616883116883117;"50-30-83";-0.244702127659574;78.1102038229557;0.119050432942258;-1.76577157145223
"Ind26";9.108;"plast";45;11;3;1;0.83;164;7;0.0409356725146199;"50-30-83";0.285297872340425;10.6304502205516;0.0608739782044068;-1.76577157145223
"Ind26";9.04;"plast";46;12;3;1;0.83;277;14;0.0481099656357388;"50-30-83";0.285297872340425;18.2063750663402;0.0616733804012491;-1.76577157145223
"Ind26";8.906;"plast";47;13;3;1;0.83;247;19;0.0714285714285714;"50-30-83";0.285297872340425;16.8570326341087;0.0638869938990195;-1.76577157145223
"Ind27";8.202;"plast";36;2;3;1;0.5;414;129;0.237569060773481;"50-30-83";-0.0447021276595745;97.4122135092198;0.190476900895257;-3.82175091203955
"Ind27";8.062;"plast";37;3;3;1;0.5;246;28;0.102189781021898;"50-30-83";-0.0447021276595745;49.6742115146219;0.168003192636113;-3.82175091203955
"Ind27";8.001;"plast";38;4;3;1;0.5;414;15;0.034965034965035;"50-30-83";-0.0447021276595745;78.1355526266095;0.158768356014084;-3.82175091203955
"Ind27";7.917;"plast";39;5;3;1;0.5;369;135;0.267857142857143;"50-30-83";-0.0447021276595745;92.3871573555035;0.200237817378862;-3.82175091203955
"Ind27";8.091;"plast";40;6;3;1;0.3;525;124;0.191063174114022;"50-30-83";-0.244702127659574;190.271932825772;0.266013419643182;-3.82175091203955
"Ind27";7.832;"plast";42;8;3;1;0.3;258;263;0.504798464491363;"50-30-83";-0.244702127659574;155.230339015834;0.375650876422909;-3.82175091203955
"Ind27";7.79;"plast";43;9;3;1;0.3;530;359;0.403824521934758;"50-30-83";-0.244702127659574;265.573485880855;0.333813897262819;-3.82175091203955
"Ind27";8.253;"plast";44;10;3;1;0.83;209;3;0.0141509433962264;"50-30-83";0.285297872340425;14.7129636597;0.0657671483092084;-3.82175091203955
"Ind27";8.029;"plast";45;11;3;1;0.83;172;14;0.0752688172043011;"50-30-83";0.285297872340425;13.1774283356059;0.0711610937361317;-3.82175091203955
"Ind27";7.94;"plast";46;12;3;1;0.83;312;10;0.031055900621118;"50-30-83";0.285297872340425;23.005360039483;0.0686716177817921;-3.82175091203955
"Ind27";7.814;"plast";47;13;3;1;0.83;212;4;0.0185185185185185;"50-30-83";0.285297872340425;15.6205164942473;0.0686252572256248;-3.82175091203955
"Ind28";8.867;"plast";36;2;3;1;0.5;617;6;0.00963081861958266;"50-30-83";-0.0447021276595745;31.6105374221875;0.0487357753203012;-2.02390517698278
"Ind28";8.904;"plast";37;3;3;1;0.5;422;12;0.0276497695852535;"50-30-83";-0.0447021276595745;21.9434081577476;0.0494283905437568;-2.02390517698278
"Ind28";8.796;"plast";38;4;3;1;0.5;610;4;0.00651465798045603;"50-30-83";-0.0447021276595745;31.3674585188738;0.0489071562678148;-2.02390517698278
"Ind28";8.772;"plast";39;5;3;1;0.5;567;18;0.0307692307692308;"50-30-83";-0.0447021276595745;29.9556896811155;0.0501807591399579;-2.02390517698278
"Ind28";8.861;"plast";40;6;3;1;0.3;1008;19;0.0185004868549172;"50-30-83";-0.244702127659574;75.04098330777;0.06928729795486;-2.02390517698278
"Ind28";8.713;"plast";41;7;3;1;0.3;869;60;0.0645855758880517;"50-30-83";-0.244702127659574;68.826783694504;0.0733896545621843;-2.02390517698278
"Ind28";8.495;"plast";42;8;3;1;0.3;477;52;0.0982986767485822;"50-30-83";-0.244702127659574;40.0244241008227;0.0774130239019766;-2.02390517698278
"Ind28";8.401;"plast";43;9;3;1;0.3;885;34;0.0369967355821545;"50-30-83";-0.244702127659574;70.1806535779088;0.0734736966405534;-2.02390517698278
"Ind28";8.612;"plast";44;10;3;1;0.83;430;22;0.0486725663716814;"50-30-83";0.285297872340425;13.5821635066094;0.0306192733252383;-2.02390517698278
"Ind28";8.525;"plast";45;11;3;1;0.83;352;0;0;"50-30-83";0.285297872340425;10.6729954310552;0.0294287017933877;-2.02390517698278
"Ind29";8.116;"plast";36;2;3;1;0.5;425;89;0.173151750972763;"50-30-83";-0.0447021276595745;76.2081445540912;0.152048895019236;-3.65788836775081
"Ind29";8.109;"plast";37;3;3;1;0.5;452;87;0.161410018552876;"50-30-83";-0.0447021276595745;79.9584641845074;0.150309600406648;-3.65788836775081
"Ind29";8.029;"plast";38;4;3;1;0.5;355;19;0.0508021390374332;"50-30-83";-0.0447021276595745;55.8310590935503;0.135897853528248;-3.65788836775081
"Ind29";8.13;"plast";40;6;3;1;0.3;759;126;0.142372881355932;"50-30-83";-0.244702127659574;214.930160892153;0.220683340061334;-3.65788836775081
"Ind29";8.004;"plast";41;7;3;1;0.3;471;182;0.278713629402757;"50-30-83";-0.244702127659574;159.923335907475;0.253475068690324;-3.65788836775081
"Ind29";7.794;"plast";42;8;3;1;0.3;367;127;0.257085020242915;"50-30-83";-0.244702127659574;122.708074537523;0.250573925401185;-3.65788836775081
"Ind29";7.767;"plast";43;9;3;1;0.3;662;278;0.295744680851064;"50-30-83";-0.244702127659574;233.921836623712;0.261096255344382;-3.65788836775081
"Ind29";7.844;"plast";44;10;3;1;0.83;262;7;0.0260223048327138;"50-30-83";0.285297872340425;16.1272871349726;0.0579852746600379;-3.65788836775081
"Ind29";7.828;"plast";45;11;3;1;0.83;255;1;0.00390625;"50-30-83";0.285297872340425;15.3718517659519;0.0568544826894872;-3.65788836775081
"Ind29";7.67;"plast";46;12;3;1;0.83;255;1;0.00390625;"50-30-83";0.285297872340425;15.614156370883;0.0576989636472804;-3.65788836775081
"Ind29";7.583;"plast";47;13;3;1;0.83;269;54;0.1671826625387;"50-30-83";0.285297872340425;19.8747513210251;0.0688005830559362;-3.65788836775081
"Ind3";7.948;"plast";2;2;1;1;0.5;600;16;0.025974025974026;"50-30-83";-0.0447021276595745;39.79774499291;0.0622036343584659;-3.06654005772613
"Ind3";7.761;"plast";3;3;1;1;0.5;464;33;0.0663983903420523;"50-30-83";-0.0447021276595745;32.6685900379006;0.0657754299208002;-3.06654005772613
"Ind3";7.605;"plast";4;4;1;1;0.5;455;18;0.0380549682875264;"50-30-83";-0.0447021276595745;31.5565654422799;0.0648569306912856;-3.06654005772613
"Ind3";7.436;"plast";5;5;1;1;0.5;474;4;0.00836820083682008;"50-30-83";-0.0447021276595745;32.422817458657;0.0640232160576056;-3.06654005772613
"Ind3";7.699;"plast";6;6;1;1;0.3;762;143;0.158011049723757;"50-30-83";-0.244702127659574;100.12252440754;0.116134913046548;-3.06654005772613
"Ind3";7.47;"plast";7;7;1;1;0.3;867;148;0.145812807881773;"50-30-83";-0.244702127659574;114.543234325415;0.116697085079637;-3.06654005772613
"Ind3";7.215;"plast";8;8;1;1;0.3;603;214;0.261933904528764;"50-30-83";-0.244702127659574;94.3287838971031;0.135271605124251;-3.06654005772613
"Ind3";7.109;"plast";9;9;1;1;0.3;685;7;0.0101156069364162;"50-30-83";-0.244702127659574;80.6763796022122;0.105366159583146;-3.06654005772613
"Ind3";7.511;"plast";10;10;1;1;0.83;330;30;0.0833333333333333;"50-30-83";0.285297872340425;10.1476514058162;0.0298330779703355;-3.06654005772613
"Ind3";7.355;"plast";11;11;1;1;0.83;269;2;0.00738007380073801;"50-30-83";0.285297872340425;7.77435719824198;0.0280891527558441;-3.06654005772613
"Ind3";7.08;"plast";12;12;1;1;0.83;178;1;0.00558659217877095;"50-30-83";0.285297872340425;5.30354176283464;0.0289331112308597;-3.06654005772613
"Ind3";6.821;"plast";13;13;1;1;0.83;159;0;0;"50-30-83";0.285297872340425;4.86354751969706;0.0296804725231061;-3.06654005772613
"Ind30";8.506;"plast";36;2;3;1;0.5;418;47;0.101075268817204;"50-30-83";-0.0447021276595745;61.2620715763147;0.127825828934931;-3.27305502130937
"Ind30";8.451;"plast";37;3;3;1;0.5;324;223;0.407678244972578;"50-30-83";-0.0447021276595745;72.3938633327963;0.182631140462478;-3.27305502130937
"Ind30";8.422;"plast";38;4;3;1;0.5;449;21;0.0446808510638298;"50-30-83";-0.0447021276595745;62.3533536442501;0.121937899106123;-3.27305502130937
"Ind30";8.378;"plast";39;5;3;1;0.5;352;122;0.257383966244726;"50-30-83";-0.0447021276595745;63.1156751826856;0.152043584369367;-3.27305502130937
"Ind30";8.626;"plast";40;6;3;1;0.3;880;43;0.0465872156013001;"50-30-83";-0.244702127659574;192.714914789519;0.179651566443757;-3.27305502130937
"Ind30";8.363;"plast";41;7;3;1;0.3;477;151;0.240445859872611;"50-30-83";-0.244702127659574;133.591918206191;0.218790839221488;-3.27305502130937
"Ind30";8.408;"plast";44;10;3;1;0.83;335;17;0.0482954545454545;"50-30-83";0.285297872340425;20.1057345654509;0.0566190083921193;-3.27305502130937
"Ind30";8.253;"plast";45;11;3;1;0.83;229;1;0.00434782608695652;"50-30-83";0.285297872340425;13.3417588123243;0.055053486768892;-3.27305502130937
"Ind30";7.95;"plast";47;13;3;1;0.83;192;2;0.0103092783505155;"50-30-83";0.285297872340425;11.6125614706177;0.0570326378036034;-3.27305502130937
"Ind31";8.29;"plast";36;2;3;1;0.5;534;73;0.120263591433278;"50-83-30";-0.0447021276595745;37.4360015683365;0.0655121509068232;-2.10840836539396
"Ind31";8.15;"plast";37;3;3;1;0.5;458;26;0.0537190082644628;"50-83-30";-0.0447021276595745;30.2251471711747;0.0619082145733422;-2.10840836539396
"Ind31";7.94;"plast";38;4;3;1;0.5;515;5;0.00961538461538462;"50-83-30";-0.0447021276595745;33.1091191843487;0.0604060724872066;-2.10840836539396
"Ind31";8.243;"plast";40;6;3;1;0.83;441;2;0.00451467268623025;"50-83-30";0.285297872340425;15.3799731208471;0.0336999299414363;-2.10840836539396
"Ind31";7.936;"plast";41;7;3;1;0.83;362;0;0;"50-83-30";0.285297872340425;12.9539467385262;0.0345481007766526;-2.10840836539396
"Ind31";7.812;"plast";42;8;3;1;0.83;258;36;0.122448979591837;"50-83-30";0.285297872340425;10.65606871814;0.0396643514102777;-2.10840836539396
"Ind31";7.528;"plast";43;9;3;1;0.83;280;2;0.00709219858156028;"50-83-30";0.285297872340425;10.5378049125632;0.0362699956232358;-2.10840836539396
"Ind31";7.907;"plast";44;10;3;1;0.3;767;270;0.260366441658631;"50-83-30";-0.244702127659574;95.5137266273996;0.110738790211348;-2.10840836539396
"Ind31";7.798;"plast";45;11;3;1;0.3;483;2;0.00412371134020619;"50-83-30";-0.244702127659574;45.1058594550656;0.0854106400213185;-2.10840836539396
"Ind31";7.404;"plast";47;13;3;1;0.3;696;19;0.0265734265734266;"50-83-30";-0.244702127659574;68.9579236977756;0.0901460349144902;-2.10840836539396
"Ind32";9.244;"plast";36;2;3;1;0.5;418;28;0.062780269058296;"50-83-30";-0.0447021276595745;62.8934800210661;0.130784638665326;-3.19698421996341
"Ind32";9.229;"plast";37;3;3;1;0.5;225;25;0.1;"50-83-30";-0.0447021276595745;35.2950457172632;0.135596302342232;-3.19698421996341
"Ind32";8.836;"plast";38;4;3;1;0.5;298;89;0.229974160206718;"50-83-30";-0.0447021276595745;56.3680723103694;0.159066452976046;-3.19698421996341
"Ind32";8.995;"plast";39;5;3;1;0.5;246;7;0.0276679841897233;"50-83-30";-0.0447021276595745;36.3811767645595;0.12883711719529;-3.19698421996341
"Ind32";9.284;"plast";40;6;3;1;0.83;261;9;0.0333333333333333;"50-83-30";0.285297872340425;17.2523186327943;0.0620024254157678;-3.19698421996341
"Ind32";9.146;"plast";41;7;3;1;0.83;172;0;0;"50-83-30";0.285297872340425;11.1271561008445;0.0607619117653799;-3.19698421996341
"Ind32";9.04;"plast";42;8;3;1;0.83;188;16;0.0784313725490196;"50-83-30";0.285297872340425;13.3263450728443;0.0661927532038715;-3.19698421996341
"Ind32";8.967;"plast";43;9;3;1;0.83;216;14;0.0608695652173913;"50-83-30";0.285297872340425;15.1275222716524;0.0654509775511393;-3.19698421996341
"Ind32";8.823;"plast";44;10;3;1;0.3;566;283;0.333333333333333;"50-83-30";-0.244702127659574;190.196052523581;0.251516854509962;-3.19698421996341
"Ind32";8.658;"plast";45;11;3;1;0.3;390;49;0.111617312072893;"50-83-30";-0.244702127659574;99.5016620079827;0.203271346617736;-3.19698421996341
"Ind32";8.48;"plast";46;12;3;1;0.3;395;133;0.251893939393939;"50-83-30";-0.244702127659574;121.210794643258;0.234808717487251;-3.19698421996341
"Ind32";8.333;"plast";47;13;3;1;0.3;431;118;0.214936247723133;"50-83-30";-0.244702127659574;127.381745915444;0.228126629939535;-3.19698421996341
"Ind33";9.116;"plast";36;2;3;1;0.5;448;95;0.174953959484346;"50-83-30";-0.0447021276595745;59.095935915614;0.116537979759018;-2.03793195165076
"Ind33";9.161;"plast";37;3;3;1;0.5;562;116;0.171091445427729;"50-83-30";-0.0447021276595745;73.5040315173326;0.115662573126144;-2.03793195165076
"Ind33";9.252;"plast";38;4;3;1;0.5;636;28;0.0421686746987952;"50-83-30";-0.0447021276595745;71.4323598219495;0.100974119758853;-2.03793195165076
"Ind33";9.03;"plast";39;5;3;1;0.5;470;55;0.104761904761905;"50-83-30";-0.0447021276595745;57.5642012296773;0.109113167829628;-2.03793195165076
"Ind33";9.512;"plast";40;6;3;1;0.83;399;22;0.0522565320665083;"50-83-30";0.285297872340425;26.8095382527609;0.0629613379793451;-2.03793195165076
"Ind33";9.291;"plast";41;7;3;1;0.83;350;5;0.0140845070422535;"50-83-30";0.285297872340425;23.05599296171;0.0618030359964661;-2.03793195165076
"Ind33";9.161;"plast";43;9;3;1;0.83;344;22;0.0601092896174863;"50-83-30";0.285297872340425;24.0568035157301;0.065361659629536;-2.03793195165076
"Ind33";9.185;"plast";44;10;3;1;0.3;863;58;0.0629750271444083;"50-83-30";-0.244702127659574;135.786108135286;0.135951138115844;-2.03793195165076
"Ind33";9.046;"plast";45;11;3;1;0.3;1098;70;0.0599315068493151;"50-83-30";-0.244702127659574;174.106353834703;0.136864620878488;-2.03793195165076
"Ind33";8.997;"plast";46;12;3;1;0.3;943;26;0.0268317853457172;"50-83-30";-0.244702127659574;145.01025658308;0.133280229396447;-2.03793195165076
"Ind33";8.882;"plast";47;13;3;1;0.3;960;117;0.108635097493036;"50-83-30";-0.244702127659574;162.677276855066;0.144901193075512;-2.03793195165076
"Ind34";8.766;"plast";36;2;3;1;0.5;486;49;0.091588785046729;"50-83-30";-0.0447021276595745;77.4800776637784;0.137502780905787;-1.91528245193292
"Ind34";8.777;"plast";37;3;3;1;0.5;463;86;0.156648451730419;"50-83-30";-0.0447021276595745;79.4386273805322;0.146447217013556;-1.91528245193292
"Ind34";8.797;"plast";38;4;3;1;0.5;533;44;0.0762564991334489;"50-83-30";-0.0447021276595745;83.358783459649;0.135243928855451;-1.91528245193292
"Ind34";8.649;"plast";39;5;3;1;0.5;457;70;0.132827324478178;"50-83-30";-0.0447021276595745;77.0351632751538;0.144251106617604;-1.91528245193292
"Ind34";8.824;"plast";40;6;3;1;0.83;328;21;0.0601719197707736;"50-83-30";0.285297872340425;32.7830812290574;0.0908664594730366;-1.91528245193292
"Ind34";8.645;"plast";41;7;3;1;0.83;256;20;0.072463768115942;"50-83-30";0.285297872340425;26.3359851666034;0.0932788824317341;-1.91528245193292
"Ind34";8.305;"plast";43;9;3;1;0.83;224;81;0.265573770491803;"50-83-30";0.285297872340425;30.019140468388;0.118176687052147;-1.91528245193292
"Ind34";8.431;"plast";44;10;3;1;0.3;596;208;0.258706467661692;"50-83-30";-0.244702127659574;155.431385939108;0.206847077254907;-1.91528245193292
"Ind34";8.299;"plast";45;11;3;1;0.3;740;35;0.0451612903225806;"50-83-30";-0.244702127659574;151.319156574508;0.169769891579638;-1.91528245193292
"Ind34";8.066;"plast";46;12;3;1;0.3;717;79;0.0992462311557789;"50-83-30";-0.244702127659574;158.210481265308;0.180768494724355;-1.91528245193292
"Ind34";7.956;"plast";47;13;3;1;0.3;481;48;0.0907372400756144;"50-83-30";-0.244702127659574;106.042226297146;0.18063815777959;-1.91528245193292
"Ind35";8.762;"plast";36;2;3;1;0.5;539;55;0.0925925925925926;"50-83-30";-0.0447021276595745;79.113813975802;0.127992308515045;-3.43941488126867
"Ind35";8.907;"plast";37;3;3;1;0.5;515;24;0.0445269016697588;"50-83-30";-0.0447021276595745;70.9756135111159;0.121123834976401;-3.43941488126867
"Ind35";8.608;"plast";38;4;3;1;0.5;559;19;0.0328719723183391;"50-83-30";-0.0447021276595745;77.9397322331012;0.122365944984851;-3.43941488126867
"Ind35";8.541;"plast";39;5;3;1;0.5;511;40;0.0725952813067151;"50-83-30";-0.0447021276595745;74.7054531774836;0.127547819082446;-3.43941488126867
"Ind35";8.608;"plast";40;6;3;1;0.83;368;0;0;"50-83-30";0.285297872340425;20.3822058627554;0.0524797623451317;-3.43941488126867
"Ind35";8.465;"plast";41;7;3;1;0.83;350;7;0.0196078431372549;"50-83-30";0.285297872340425;20.0496587832832;0.0541809951918512;-3.43941488126867
"Ind35";8.35;"plast";43;9;3;1;0.83;253;44;0.148148148148148;"50-83-30";0.285297872340425;16.8719903592521;0.0625184938117964;-3.43941488126867
"Ind35";8.492;"plast";44;10;3;1;0.3;661;474;0.417621145374449;"50-83-30";-0.244702127659574;250.632569966296;0.274927178145426;-3.43941488126867
"Ind35";8.331;"plast";45;11;3;1;0.3;559;627;0.528667790893761;"50-83-30";-0.244702127659574;264.872934578033;0.321497312827365;-3.43941488126867
"Ind35";8.082;"plast";46;12;3;1;0.3;666;76;0.102425876010782;"50-83-30";-0.244702127659574;168.682741524355;0.202092044237425;-3.43941488126867
"Ind36";8.773;"plast";36;2;3;1;0.5;436;120;0.215827338129496;"50-83-30";-0.0447021276595745;67.3485732219051;0.133801061142998;-2.3776689757112
"Ind36";8.667;"plast";37;3;3;1;0.5;392;84;0.176470588235294;"50-83-30";-0.0447021276595745;58.1795877208605;0.129236396557668;-2.3776689757112
"Ind36";8.554;"plast";38;4;3;1;0.5;549;12;0.0213903743315508;"50-83-30";-0.0447021276595745;69.2400532875651;0.111995418154118;-2.3776689757112
"Ind36";8.616;"plast";39;5;3;1;0.5;547;52;0.0868113522537563;"50-83-30";-0.0447021276595745;73.53466201146;0.118502102321082;-2.3776689757112
"Ind36";8.882;"plast";40;6;3;1;0.83;361;2;0.00550964187327824;"50-83-30";0.285297872340425;24.0018751437771;0.0623422292029454;-2.3776689757112
"Ind36";8.743;"plast";41;7;3;1;0.83;348;4;0.0113636363636364;"50-83-30";0.285297872340425;23.5768861681952;0.0634508954831036;-2.3776689757112
"Ind36";8.637;"plast";42;8;3;1;0.83;196;17;0.07981220657277;"50-83-30";0.285297872340425;14.41097764904;0.0684896663190127;-2.3776689757112
"Ind36";8.607;"plast";43;9;3;1;0.83;309;90;0.225563909774436;"50-83-30";0.285297872340425;27.0731243957339;0.0805572431428783;-2.3776689757112
"Ind36";8.735;"plast";44;10;3;1;0.3;985;173;0.149395509499136;"50-83-30";-0.244702127659574;199.570408334073;0.168474923001614;-2.3776689757112
"Ind36";8.67;"plast";45;11;3;1;0.3;767;26;0.0327868852459016;"50-83-30";-0.244702127659574;137.3506599335;0.151877657659475;-2.3776689757112
"Ind36";8.321;"plast";47;13;3;1;0.3;688;103;0.130214917825537;"50-83-30";-0.244702127659574;140.808717658671;0.169892901291442;-2.3776689757112
"Ind37";8.887;"plast";53;2;4;2;0.5;468;9;0.0188679245283019;"50-30-83";-0.0447021276595745;36.7842313299076;0.0728711973291948;-0.314061456087472
"Ind37";8.802;"plast";54;3;4;2;0.5;375;2;0.00530503978779841;"50-30-83";-0.0447021276595745;29.3001285025655;0.0724712322281135;-0.314061456087472
"Ind37";8.766;"plast";55;4;4;2;0.5;388;4;0.0102040816326531;"50-30-83";-0.0447021276595745;30.5677070449136;0.073029300948039;-0.314061456087472
"Ind37";8.671;"plast";56;5;4;2;0.5;447;84;0.15819209039548;"50-30-83";-0.0447021276595745;41.7769335254617;0.0854723917189218;-0.314061456087472
"Ind37";8.925;"plast";57;6;4;2;0.3;755;7;0.00918635170603675;"50-30-83";-0.244702127659574;63.1205187304777;0.0771530810991335;-0.314061456087472
"Ind37";8.816;"plast";58;7;4;2;0.3;839;5;0.00592417061611374;"50-30-83";-0.244702127659574;70.5974745201736;0.0776139737606625;-0.314061456087472
"Ind37";8.672;"plast";59;8;4;2;0.3;458;134;0.226351351351351;"50-30-83";-0.244702127659574;50.173720821156;0.0987334030970363;-0.314061456087472
"Ind37";8.395;"plast";60;9;4;2;0.3;376;35;0.0851581508515815;"50-30-83";-0.244702127659574;35.7555753239651;0.0868368941837229;-0.314061456087472
"Ind37";8.781;"plast";61;10;4;2;0.83;96;2;0.0204081632653061;"50-30-83";0.285297872340425;7.29052568381605;0.0705827144895474;-0.314061456087472
"Ind37";8.515;"plast";62;11;4;2;0.83;123;30;0.196078431372549;"50-30-83";0.285297872340425;11.6718703824568;0.0866689558057647;-0.314061456087472
"Ind37";8.268;"plast";63;12;4;2;0.83;155;53;0.254807692307692;"50-30-83";0.285297872340425;16.2578262695642;0.0949318733263257;-0.314061456087472
"Ind37";8.326;"plast";64;13;4;2;0.83;101;17;0.144067796610169;"50-30-83";0.285297872340425;9.16999170096525;0.0832349313945252;-0.314061456087472
"Ind38";8.39;"plast";53;2;4;2;0.5;345;61;0.150246305418719;"50-30-83";-0.0447021276595745;39.1508283649007;0.101915251703458;-1.41887408380179
"Ind38";8.381;"plast";54;3;4;2;0.5;457;25;0.0518672199170125;"50-30-83";-0.0447021276595745;46.5164160751945;0.0923831171936364;-1.41887408380179
"Ind38";8.283;"plast";55;4;4;2;0.5;348;21;0.0569105691056911;"50-30-83";-0.0447021276595745;35.9225092008888;0.0935670827836047;-1.41887408380179
"Ind38";8.223;"plast";56;5;4;2;0.5;335;20;0.0563380281690141;"50-30-83";-0.0447021276595745;34.7466096267536;0.0939741128710526;-1.41887408380179
"Ind38";8.366;"plast";57;6;4;2;0.3;453;43;0.0866935483870968;"50-30-83";-0.244702127659574;60.1646766905432;0.11724243585617;-1.41887408380179
"Ind38";8.373;"plast";58;7;4;2;0.3;868;29;0.032329988851728;"50-30-83";-0.244702127659574;108.742547494084;0.11133184253422;-1.41887408380179
"Ind38";8.293;"plast";59;8;4;2;0.3;717;25;0.0336927223719677;"50-30-83";-0.244702127659574;90.5556484093854;0.112135490090063;-1.41887408380179
"Ind38";8.155;"plast";60;9;4;2;0.3;468;24;0.0487804878048781;"50-30-83";-0.244702127659574;60.7522820712681;0.114897437100951;-1.41887408380179
"Ind38";8.289;"plast";61;10;4;2;0.83;229;86;0.273015873015873;"50-30-83";0.285297872340425;21.8658452070274;0.0871615073346578;-1.41887408380179
"Ind38";8.162;"plast";62;11;4;2;0.83;323;7;0.0212121212121212;"50-30-83";0.285297872340425;23.1892723261421;0.0669843758309635;-1.41887408380179
"Ind38";8.015;"plast";63;12;4;2;0.83;272;20;0.0684931506849315;"50-30-83";0.285297872340425;20.8186822233458;0.0710975203674553;-1.41887408380179
"Ind38";7.831;"plast";64;13;4;2;0.83;174;2;0.0113636363636364;"50-30-83";0.285297872340425;12.7842468397614;0.0684439242391183;-1.41887408380179
"Ind39";8.259;"plast";53;2;4;2;0.5;408;34;0.0769230769230769;"50-30-83";-0.0447021276595745;55.3923538760239;0.119536616028938;-2.27036312744939
"Ind39";8.243;"plast";54;3;4;2;0.5;479;82;0.146167557932264;"50-30-83";-0.0447021276595745;70.3964974062706;0.128134230448531;-2.27036312744939
"Ind39";8.16;"plast";55;4;4;2;0.5;329;19;0.0545977011494253;"50-30-83";-0.0447021276595745;43.9639427716474;0.117877193288266;-2.27036312744939
"Ind39";8.24;"plast";57;6;4;2;0.3;778;235;0.231984205330701;"50-30-83";-0.244702127659574;177.359624135065;0.185646974871517;-2.27036312744939
"Ind39";7.79;"plast";59;8;4;2;0.3;365;8;0.0214477211796247;"50-30-83";-0.244702127659574;67.567042068658;0.156200162050103;-2.27036312744939
"Ind39";7.62;"plast";60;9;4;2;0.3;323;87;0.21219512195122;"50-30-83";-0.244702127659574;75.2601129735106;0.188972258385605;-2.27036312744939
"Ind39";7.481;"plast";62;11;4;2;0.83;151;42;0.217616580310881;"50-30-83";0.285297872340425;14.9181890924629;0.0899129213865112;-2.27036312744939
"Ind39";7.422;"plast";63;12;4;2;0.83;102;0;0;"50-30-83";0.285297872340425;7.93126076009639;0.0721474556487152;-2.27036312744939
"Ind4";8.085;"plast";2;2;1;1;0.5;580;33;0.0538336052202284;"50-30-83";-0.0447021276595745;53.0756821187889;0.0838378153164157;-3.97431188457342
"Ind4";8.054;"plast";3;3;1;1;0.5;510;74;0.126712328767123;"50-30-83";-0.0447021276595745;50.7029119039192;0.0904274096450698;-3.97431188457342
"Ind4";7.801;"plast";5;5;1;1;0.5;434;54;0.110655737704918;"50-30-83";-0.0447021276595745;43.3454028166285;0.0908051121072167;-3.97431188457342
"Ind4";7.964;"plast";6;6;1;1;0.3;980;111;0.101741521539872;"50-30-83";-0.244702127659574;178.462433536767;0.15405111842248;-3.97431188457342
"Ind4";7.743;"plast";7;7;1;1;0.3;679;350;0.340136054421769;"50-30-83";-0.244702127659574;171.239454120267;0.2014014443701;-3.97431188457342
"Ind4";7.38;"plast";9;9;1;1;0.3;540;42;0.0721649484536082;"50-30-83";-0.244702127659574;99.7110573290354;0.15586889766351;-3.97431188457342
"Ind4";7.703;"plast";10;10;1;1;0.83;302;1;0.0033003300330033;"50-30-83";0.285297872340425;8.85754335290241;0.0284938987079585;-3.97431188457342
"Ind4";7.379;"plast";11;11;1;1;0.83;197;2;0.0100502512562814;"50-30-83";0.285297872340425;6.03295363161148;0.0297141598134746;-3.97431188457342
"Ind4";7.15;"plast";12;12;1;1;0.83;258;3;0.0114942528735632;"50-30-83";0.285297872340425;8.12995148427225;0.0305488030901051;-3.97431188457342
"Ind4";7.012;"plast";13;13;1;1;0.83;119;0;0;"50-30-83";0.285297872340425;3.76981881762874;0.0307063971742819;-3.97431188457342
"Ind40";7.908;"plast";53;2;4;2;0.5;336;85;0.201900237529691;"50-30-83";-0.0447021276595745;60.9932076202331;0.153637912310529;-2.16190955302563
"Ind40";7.687;"plast";54;3;4;2;0.5;554;111;0.166917293233083;"50-30-83";-0.0447021276595745;98.1002293173034;0.150437348289245;-2.16190955302563
"Ind40";7.637;"plast";55;4;4;2;0.5;588;75;0.113122171945701;"50-30-83";-0.0447021276595745;98.2123836542809;0.143122429722517;-2.16190955302563
"Ind40";7.827;"plast";57;6;4;2;0.3;665;7;0.0104166666666667;"50-30-83";-0.244702127659574;132.273753396087;0.165907572941729;-2.16190955302563
"Ind40";7.773;"plast";58;7;4;2;0.3;795;55;0.0647058823529412;"50-30-83";-0.244702127659574;167.977277017773;0.17443534860758;-2.16190955302563
"Ind40";7.682;"plast";59;8;4;2;0.3;593;621;0.511532125205931;"50-30-83";-0.244702127659574;241.534791863009;0.289424472434287;-2.16190955302563
"Ind40";7.898;"plast";61;10;4;2;0.83;457;77;0.144194756554307;"50-30-83";0.285297872340425;46.4493963176101;0.0922622941994883;-2.16190955302563
"Ind40";7.691;"plast";62;11;4;2;0.83;311;51;0.140883977900552;"50-30-83";0.285297872340425;32.0937013713736;0.0935420884822205;-2.16190955302563
"Ind40";7.559;"plast";63;12;4;2;0.83;231;6;0.0253164556962025;"50-30-83";0.285297872340425;21.2752531684781;0.0843334924899261;-2.16190955302563
"Ind40";7.319;"plast";64;13;4;2;0.83;274;6;0.0214285714285714;"50-30-83";0.285297872340425;25.7276021098376;0.0858366127401556;-2.16190955302563
"Ind41";9.949;"plast";53;2;4;2;0.5;361;1;0.00276243093922652;"50-30-83";-0.0447021276595745;11.7785238342193;0.0315965729813807;-0.707720132480649
"Ind41";9.634;"plast";54;3;4;2;0.5;372;0;0;"50-30-83";-0.0447021276595745;12.4664542726275;0.0324253368117974;-0.707720132480649
"Ind41";9.479;"plast";55;4;4;2;0.5;376;0;0;"50-30-83";-0.0447021276595745;12.7955475724837;0.0329107358671546;-0.707720132480649
"Ind41";9.302;"plast";56;5;4;2;0.5;476;6;0.012448132780083;"50-30-83";-0.0447021276595745;16.7041597507312;0.0339030215600009;-0.707720132480649
"Ind41";9.827;"plast";57;6;4;2;0.3;644;15;0.0227617602427921;"50-30-83";-0.244702127659574;25.3807190342847;0.0379167166196562;-0.707720132480649
"Ind41";9.746;"plast";58;7;4;2;0.3;597;1;0.00167224080267559;"50-30-83";-0.244702127659574;23.2120403294688;0.0374259750216041;-0.707720132480649
"Ind41";9.679;"plast";59;8;4;2;0.3;717;18;0.0244897959183673;"50-30-83";-0.244702127659574;28.7179119431181;0.0385104226185043;-0.707720132480649
"Ind41";9.713;"plast";60;9;4;2;0.3;516;120;0.188679245283019;"50-30-83";-0.244702127659574;24.766773089567;0.0457993617989264;-0.707720132480649
"Ind41";10.018;"plast";61;10;4;2;0.83;327;2;0.0060790273556231;"50-30-83";0.285297872340425;8.95577260770917;0.0266575940582712;-0.707720132480649
"Ind41";9.678;"plast";62;11;4;2;0.83;305;4;0.0129449838187702;"50-30-83";0.285297872340425;8.65713297735999;0.0276006252278818;-0.707720132480649
"Ind41";9.513;"plast";63;12;4;2;0.83;194;89;0.314487632508834;"50-30-83";0.285297872340425;8.04836903786842;0.03983387283052;-0.707720132480649
"Ind41";9.422;"plast";64;13;4;2;0.83;265;1;0.0037593984962406;"50-30-83";0.285297872340425;7.62977649937606;0.0279858517192949;-0.707720132480649
"Ind42";8.438;"plast";53;2;4;2;0.5;314;47;0.130193905817175;"50-30-83";-0.0447021276595745;67.0917258236269;0.176051384161192;-3.45374476903546
"Ind42";8.301;"plast";54;3;4;2;0.5;482;17;0.0340681362725451;"50-30-83";-0.0447021276595745;93.6931375034015;0.162748400840279;-3.45374476903546
"Ind42";8.187;"plast";55;4;4;2;0.5;498;201;0.28755364806867;"50-30-83";-0.0447021276595745;132.382405896796;0.210003332355804;-3.45374476903546
"Ind42";8.13;"plast";56;5;4;2;0.5;540;116;0.176829268292683;"50-30-83";-0.0447021276595745;124.780088327103;0.187701302307516;-3.45374476903546
"Ind42";8.23;"plast";57;6;4;2;0.3;756;451;0.373653686826843;"50-30-83";-0.244702127659574;348.282127343795;0.315392342880295;-3.45374476903546
"Ind42";8.309;"plast";58;7;4;2;0.3;747;645;0.463362068965517;"50-30-83";-0.244702127659574;399.658020488202;0.348541599454424;-3.45374476903546
"Ind42";8.29;"plast";59;8;4;2;0.3;580;147;0.202200825309491;"50-30-83";-0.244702127659574;208.980602569656;0.264874195752114;-3.45374476903546
"Ind42";8.166;"plast";60;9;4;2;0.3;680;190;0.218390804597701;"50-30-83";-0.244702127659574;252.063922993897;0.270436304609064;-3.45374476903546
"Ind42";8.519;"plast";61;10;4;2;0.83;389;191;0.329310344827586;"50-30-83";0.285297872340425;47.4724244425476;0.108763857197114;-3.45374476903546
"Ind42";8.383;"plast";62;11;4;2;0.83;397;3;0.0075;"50-30-83";0.285297872340425;33.1325786710153;0.0770287588384616;-3.45374476903546
"Ind42";8.177;"plast";63;12;4;2;0.83;341;2;0.00583090379008746;"50-30-83";0.285297872340425;28.9446460467911;0.0782404782880144;-3.45374476903546
"Ind42";8.091;"plast";64;13;4;2;0.83;302;24;0.0736196319018405;"50-30-83";0.285297872340425;27.729671042333;0.0840981976377032;-3.45374476903546
"Ind43";9.015;"plast";54;3;4;2;0.5;328;13;0.0381231671554252;"50-83-30";-0.0447021276595745;83.5187375880763;0.202952453824052;-3.60705852797599
"Ind43";8.938;"plast";55;4;4;2;0.5;396;38;0.0875576036866359;"50-83-30";-0.0447021276595745;106.850560412799;0.212489691420616;-3.60705852797599
"Ind43";8.991;"plast";57;6;4;2;0.83;253;108;0.299168975069252;"50-83-30";0.285297872340425;40.1127040500124;0.136850786389553;-3.60705852797599
"Ind43";9.054;"plast";58;7;4;2;0.83;289;8;0.0269360269360269;"50-83-30";0.285297872340425;32.8266504793026;0.102001032016501;-3.60705852797599
"Ind43";9.121;"plast";59;8;4;2;0.83;300;42;0.12280701754386;"50-83-30";0.285297872340425;37.5897348204555;0.111347386911653;-3.60705852797599
"Ind43";8.949;"plast";60;9;4;2;0.83;261;7;0.0261194029850746;"50-83-30";0.285297872340425;29.8853233454147;0.102739192894676;-3.60705852797599
"Ind43";8.958;"plast";61;10;4;2;0.3;453;1004;0.689087165408373;"50-83-30";-0.244702127659574;531.448005937149;0.539843651195408;-3.60705852797599
"Ind43";8.927;"plast";62;11;4;2;0.3;653;303;0.316945606694561;"50-83-30";-0.244702127659574;349.299370528151;0.348498044395749;-3.60705852797599
"Ind43";8.782;"plast";63;12;4;2;0.3;412;545;0.569487983281087;"50-83-30";-0.244702127659574;352.461590987825;0.461058600121923;-3.60705852797599
"Ind43";8.68;"plast";64;13;4;2;0.3;419;360;0.462130937098845;"50-83-30";-0.244702127659574;288.519538616675;0.407790206304099;-3.60705852797599
"Ind44";8.179;"plast";53;2;4;2;0.5;416;93;0.182711198428291;"50-83-30";-0.0447021276595745;58.6540421645974;0.123572195650359;-2.54248907857828
"Ind44";8.06;"plast";54;3;4;2;0.5;364;41;0.101234567901235;"50-83-30";-0.0447021276595745;47.1311992902814;0.114637856167671;-2.54248907857828
"Ind44";8.035;"plast";55;4;4;2;0.5;120;12;0.0909090909090909;"50-83-30";-0.0447021276595745;15.3934107127631;0.113693942945423;-2.54248907857828
"Ind44";7.823;"plast";56;5;4;2;0.5;253;71;0.219135802469136;"50-83-30";-0.0447021276595745;38.4710227100281;0.131989184901928;-2.54248907857828
"Ind44";8.239;"plast";57;6;4;2;0.83;246;5;0.0199203187250996;"50-83-30";0.285297872340425;15.0343204860723;0.0575951869396976;-2.54248907857828
"Ind44";8.049;"plast";58;7;4;2;0.83;213;14;0.0616740088105727;"50-83-30";0.285297872340425;13.8408659013274;0.0610157514887463;-2.54248907857828
"Ind44";7.726;"plast";59;8;4;2;0.83;145;2;0.0136054421768707;"50-83-30";0.285297872340425;9.25166056436372;0.059977704813773;-2.54248907857828
"Ind44";7.475;"plast";60;9;4;2;0.83;129;0;0;"50-83-30";0.285297872340425;8.33134923641087;0.0606660408037553;-2.54248907857828
"Ind44";7.803;"plast";61;10;4;2;0.3;282;214;0.431451612903226;"50-83-30";-0.244702127659574;86.2840426715773;0.234286671900478;-2.54248907857828
"Ind44";7.654;"plast";62;11;4;2;0.3;359;3;0.00828729281767956;"50-83-30";-0.244702127659574;63.7002926723695;0.150698482533919;-2.54248907857828
"Ind44";7.307;"plast";63;12;4;2;0.3;322;18;0.0529411764705882;"50-83-30";-0.244702127659574;61.488862756419;0.160340674079693;-2.54248907857828
"Ind5";9.275;"plast";2;2;1;1;0.5;408;39;0.087248322147651;"50-30-83";-0.0447021276595745;59.8127810668979;0.127856235416417;-3.98764460741215
"Ind5";9.26;"plast";3;3;1;1;0.5;596;8;0.0132450331125828;"50-30-83";-0.0447021276595745;80.9155525223356;0.119535667663162;-3.98764460741215
"Ind5";9.133;"plast";4;4;1;1;0.5;471;70;0.129390018484288;"50-30-83";-0.0447021276595745;73.20537015423;0.134517912113736;-3.98764460741215
"Ind5";9.086;"plast";5;5;1;1;0.5;353;52;0.128395061728395;"50-30-83";-0.0447021276595745;55.0086171692347;0.134822194567567;-3.98764460741215
"Ind5";9.143;"plast";6;6;1;1;0.3;841;95;0.101495726495726;"50-30-83";-0.244702127659574;218.789157457082;0.206445929284705;-3.98764460741215
"Ind5";8.968;"plast";7;7;1;1;0.3;355;127;0.263485477178423;"50-30-83";-0.244702127659574;114.015732002005;0.243095751853197;-3.98764460741215
"Ind5";8.903;"plast";8;8;1;1;0.3;560;288;0.339622641509434;"50-30-83";-0.244702127659574;201.488771853851;0.264598480373289;-3.98764460741215
"Ind5";8.798;"plast";9;9;1;1;0.3;470;620;0.568807339449541;"50-30-83";-0.244702127659574;260.873738025323;0.356934070076389;-3.98764460741215
"Ind5";9.137;"plast";10;10;1;1;0.83;303;7;0.0225806451612903;"50-30-83";0.285297872340425;14.9129552197774;0.0469089257764532;-3.98764460741215
"Ind5";8.998;"plast";11;11;1;1;0.83;291;8;0.0267558528428094;"50-30-83";0.285297872340425;14.5732052311454;0.0476913714346183;-3.98764460741215
"Ind5";8.687;"plast";12;12;1;1;0.83;195;23;0.105504587155963;"50-30-83";0.285297872340425;10.9557868613114;0.0531948484102993;-3.98764460741215
"Ind5";8.5;"plast";13;13;1;1;0.83;192;1;0.00518134715025907;"50-30-83";0.285297872340425;9.88842910658662;0.0489796723385571;-3.98764460741215
"Ind6";9.026;"plast";2;2;1;1;0.5;577;87;0.131024096385542;"50-30-83";-0.0447021276595745;85.4069371398137;0.128934243213982;-4.55559653230399
"Ind6";8.916;"plast";3;3;1;1;0.5;363;41;0.101485148514851;"50-30-83";-0.0447021276595745;52.4331738302429;0.126213256747928;-4.55559653230399
"Ind6";8.895;"plast";4;4;1;1;0.5;442;33;0.0694736842105263;"50-30-83";-0.0447021276595745;61.7546732018064;0.122588784753699;-4.55559653230399
"Ind6";8.923;"plast";5;5;1;1;0.5;346;28;0.0748663101604278;"50-30-83";-0.0447021276595745;48.5116891189398;0.122966417616879;-4.55559653230399
"Ind6";8.846;"plast";6;6;1;1;0.3;479;235;0.329131652661064;"50-30-83";-0.244702127659574;174.395745649703;0.2669067663982;-4.55559653230399
"Ind6";8.817;"plast";7;7;1;1;0.3;703;223;0.240820734341253;"50-30-83";-0.244702127659574;226.623535758801;0.24377990341415;-4.55559653230399
"Ind6";8.787;"plast";8;8;1;1;0.3;477;189;0.283783783783784;"50-30-83";-0.244702127659574;163.326224154141;0.255067211045264;-4.55559653230399
"Ind6";8.895;"plast";9;9;1;1;0.3;493;231;0.319060773480663;"50-30-83";-0.244702127659574;176.251665456573;0.263356334475958;-4.55559653230399
"Ind6";9.019;"plast";10;10;1;1;0.83;212;3;0.013953488372093;"50-30-83";0.285297872340425;8.27580898954314;0.0375702126688637;-4.55559653230399
"Ind6";8.958;"plast";11;11;1;1;0.83;252;0;0;"50-30-83";0.285297872340425;9.75738637957376;0.0372764509706121;-4.55559653230399
"Ind6";8.814;"plast";12;12;1;1;0.83;253;6;0.0231660231660232;"50-30-83";0.285297872340425;10.1722872047616;0.0386525774153683;-4.55559653230399
"Ind6";8.811;"plast";13;13;1;1;0.83;189;5;0.0257731958762887;"50-30-83";0.285297872340425;7.62169445639984;0.0387632426699991;-4.55559653230399
"Ind7";7.869;"plast";2;2;1;1;0.5;417;18;0.0413793103448276;"50-83-30";-0.0447021276595745;36.7394188472828;0.0809703043668074;-2.23680821669217
"Ind7";7.929;"plast";3;3;1;1;0.5;396;6;0.0149253731343284;"50-83-30";-0.0447021276595745;33.7748576728985;0.0785873279227621;-2.23680821669217
"Ind7";7.817;"plast";4;4;1;1;0.5;404;3;0.00737100737100737;"50-83-30";-0.0447021276595745;34.5325845760664;0.07874576665597;-2.23680821669217
"Ind7";7.634;"plast";5;5;1;1;0.5;389;20;0.0488997555012225;"50-83-30";-0.0447021276595745;35.278416603916;0.0831492134016567;-2.23680821669217
"Ind7";7.818;"plast";6;6;1;1;0.83;249;2;0.00796812749003984;"50-83-30";0.285297872340425;11.7066044909162;0.0449033675758838;-2.23680821669217
"Ind7";7.726;"plast";7;7;1;1;0.83;185;3;0.0159574468085106;"50-83-30";0.285297872340425;8.84832415194293;0.0456456056076471;-2.23680821669217
"Ind7";7.535;"plast";8;8;1;1;0.83;135;58;0.300518134715026;"50-83-30";0.285297872340425;9.2614678496407;0.0641991793629443;-2.23680821669217
"Ind7";7.423;"plast";9;9;1;1;0.83;179;0;0;"50-83-30";0.285297872340425;8.69066467739189;0.0463031269686729;-2.23680821669217
"Ind7";7.716;"plast";10;10;1;1;0.3;658;138;0.173366834170854;"50-83-30";-0.244702127659574;98.0125140600285;0.129644036622714;-2.23680821669217
"Ind7";7.518;"plast";11;11;1;1;0.3;517;71;0.120748299319728;"50-83-30";-0.244702127659574;73.6095650090153;0.124633208417293;-2.23680821669217
"Ind7";7.262;"plast";12;12;1;1;0.3;294;10;0.0328947368421053;"50-83-30";-0.244702127659574;38.905003831535;0.11686518191004;-2.23680821669217
"Ind7";7.199;"plast";13;13;1;1;0.3;279;61;0.179411764705882;"50-83-30";-0.244702127659574;43.7535994989681;0.135563474944632;-2.23680821669217
"Ind8";9.258;"plast";2;2;1;1;0.5;516;78;0.131313131313131;"50-83-30";-0.0447021276595745;83.343288564744;0.139057682224702;-2.34528082025586
"Ind8";8.878;"plast";3;3;1;1;0.5;302;125;0.292740046838407;"50-83-30";-0.0447021276595745;61.5740750250004;0.169357716225411;-2.34528082025586
"Ind8";8.691;"plast";4;4;1;1;0.5;281;106;0.27390180878553;"50-83-30";-0.0447021276595745;56.5959039048705;0.167643929473796;-2.34528082025586
"Ind8";8.47;"plast";5;5;1;1;0.5;200;8;0.0384615384615385;"50-83-30";-0.0447021276595745;30.9427085255005;0.13398434929191;-2.34528082025586
"Ind8";8.608;"plast";6;6;1;1;0.83;244;8;0.0317460317460317;"50-83-30";0.285297872340425;21.3503020910829;0.0804608169760226;-2.34528082025586
"Ind8";8.366;"plast";7;7;1;1;0.83;138;17;0.109677419354839;"50-83-30";0.285297872340425;13.4145302407189;0.0885947353889519;-2.34528082025586
"Ind8";8.15;"plast";8;8;1;1;0.83;115;7;0.0573770491803279;"50-83-30";0.285297872340425;10.7689288541222;0.0856247163129849;-2.34528082025586
"Ind8";8.022;"plast";9;9;1;1;0.83;123;4;0.031496062992126;"50-83-30";0.285297872340425;11.3457408693514;0.0844518091599566;-2.34528082025586
"Ind8";8.103;"plast";10;10;1;1;0.3;486;17;0.0337972166998012;"50-83-30";-0.244702127659574;105.726687774646;0.178674867906096;-2.34528082025586
"Ind8";7.799;"plast";11;11;1;1;0.3;236;72;0.233766233766234;"50-83-30";-0.244702127659574;66.2085698735995;0.219082370500915;-2.34528082025586
"Ind8";7.585;"plast";12;12;1;1;0.3;169;18;0.0962566844919786;"50-83-30";-0.244702127659574;40.8501932207666;0.19466359593861;-2.34528082025586
"Ind9";9.251;"plast";2;2;1;1;0.5;344;47;0.120204603580563;"50-83-30";-0.0447021276595745;52.7765199093804;0.133013213386301;-1.88022317809118
"Ind9";9.097;"plast";3;3;1;1;0.5;345;62;0.152334152334152;"50-83-30";-0.0447021276595745;55.5605319399125;0.138706955652453;-1.88022317809118
"Ind9";9.035;"plast";4;4;1;1;0.5;252;19;0.0701107011070111;"50-83-30";-0.0447021276595745;37.1664263181754;0.128529535020364;-1.88022317809118
"Ind9";8.914;"plast";6;6;1;1;0.83;151;6;0.0382165605095541;"50-83-30";0.285297872340425;14.0617471794444;0.0851908296121292;-1.88022317809118
"Ind9";8.726;"plast";7;7;1;1;0.83;262;35;0.117845117845118;"50-83-30";0.285297872340425;27.0197823807902;0.0934876573437835;-1.88022317809118
"Ind9";8.079;"plast";9;9;1;1;0.83;198;32;0.139130434782609;"50-83-30";0.285297872340425;22.1658894315816;0.100678127246727;-1.88022317809118
"Ind9";8.295;"plast";10;10;1;1;0.3;316;28;0.0813953488372093;"50-83-30";-0.244702127659574;65.0353615485216;0.170680645712826;-1.88022317809118
"Ind9";8.01;"plast";11;11;1;1;0.3;465;27;0.0548780487804878;"50-83-30";-0.244702127659574;95.0767151418711;0.169756593287024;-1.88022317809118
"Ind9";7.719;"plast";12;12;1;1;0.3;138;28;0.168674698795181;"50-83-30";-0.244702127659574;32.8219570553873;0.192141324342427;-1.88022317809118
