"night";"group";"group_night";"IdLabel";"phase";"cond";"patch";"sex";"n";"vol_consumed";"phase_dur";"vis_hour";"ml_hour"
1;"mixed1";0;"Ind1";1;"train";1;"m";136;3.84;5.9;23.0508474576271;0.650847457627119
1;"mixed1";0;"Ind1";1;"train";2;"m";179;4.89;5.9;30.3389830508475;0.828813559322034
1;"mixed1";0;"Ind1";2;"train";1;"m";223;5.55;6.1;36.5573770491803;0.909836065573771
1;"mixed1";0;"Ind1";2;"train";2;"m";296;7.32;6.1;48.5245901639344;1.2
1;"mixed1";0;"Ind2";1;"train";1;"m";115;3.33;5.9;19.4915254237288;0.564406779661017
1;"mixed1";0;"Ind2";1;"train";2;"m";164;4.8;5.9;27.7966101694915;0.813559322033898
1;"mixed1";0;"Ind2";2;"train";1;"m";209;5.58;6.1;34.2622950819672;0.914754098360656
1;"mixed1";0;"Ind2";2;"train";2;"m";193;5.31;6.1;31.6393442622951;0.870491803278688
1;"mixed1";0;"Ind3";1;"train";1;"f";492;14.37;5.9;83.3898305084746;2.43559322033898
1;"mixed1";0;"Ind3";2;"train";1;"f";427;11.58;6.1;70;1.89836065573771
1;"mixed1";0;"Ind3";2;"train";2;"f";42;1.23;6.1;6.88524590163934;0.201639344262295
1;"mixed1";0;"Ind4";1;"train";1;"m";281;8.13;5.9;47.6271186440678;1.37796610169492
1;"mixed1";0;"Ind4";1;"train";2;"m";227;6.6;5.9;38.4745762711864;1.11864406779661
1;"mixed1";0;"Ind4";2;"train";1;"m";153;4.14;6.1;25.0819672131148;0.678688524590164
1;"mixed1";0;"Ind4";2;"train";2;"m";288;8.25;6.1;47.2131147540984;1.35245901639344
1;"mixed1";0;"Ind5";1;"train";1;"f";173;5.04;5.9;29.3220338983051;0.854237288135593
1;"mixed1";0;"Ind5";1;"train";2;"f";203;5.79;5.9;34.4067796610169;0.98135593220339
1;"mixed1";0;"Ind5";2;"train";1;"f";273;6.9;6.1;44.7540983606557;1.13114754098361
1;"mixed1";0;"Ind5";2;"train";2;"f";276;7.05;6.1;45.2459016393443;1.15573770491803
1;"mixed1";0;"Ind6";2;"train";1;"f";219;5.64;6.1;35.9016393442623;0.924590163934426
1;"mixed1";0;"Ind6";2;"train";2;"f";145;3.99;6.1;23.7704918032787;0.654098360655738
2;"mixed1";1;"Ind1";1;"test";1;"m";1013;6.93;5.9;171.694915254237;1.17457627118644
2;"mixed1";1;"Ind1";1;"test";2;"m";96;0;5.9;16.271186440678;0
2;"mixed1";1;"Ind1";2;"test";1;"m";342;1.2;6.1;56.0655737704918;0.19672131147541
2;"mixed1";1;"Ind1";2;"test";2;"m";869;5.76;6.1;142.459016393443;0.944262295081967
2;"mixed1";1;"Ind2";1;"test";1;"m";1104;5.31;5.9;187.118644067797;0.9
2;"mixed1";1;"Ind2";1;"test";2;"m";60;0;5.9;10.1694915254237;0
2;"mixed1";1;"Ind2";2;"test";1;"m";1240;4.2;6.1;203.27868852459;0.688524590163935
2;"mixed1";1;"Ind2";2;"test";2;"m";432;1.8;6.1;70.8196721311475;0.295081967213115
2;"mixed1";1;"Ind3";1;"test";1;"f";731;2.58;5.9;123.898305084746;0.43728813559322
2;"mixed1";1;"Ind3";1;"test";2;"f";15;0;5.9;2.54237288135593;0
2;"mixed1";1;"Ind3";2;"test";1;"f";1653;6.42;6.1;270.983606557377;1.05245901639344
2;"mixed1";1;"Ind3";2;"test";2;"f";582;3.66;6.1;95.4098360655738;0.6
2;"mixed1";1;"Ind4";1;"test";1;"m";1225;8.19;5.9;207.627118644068;1.38813559322034
2;"mixed1";1;"Ind4";1;"test";2;"m";47;0;5.9;7.96610169491525;0
2;"mixed1";1;"Ind4";2;"test";1;"m";118;0.42;6.1;19.344262295082;0.0688524590163934
2;"mixed1";1;"Ind4";2;"test";2;"m";980;3.93;6.1;160.655737704918;0.644262295081967
2;"mixed1";1;"Ind5";1;"test";1;"f";1930;9.99;5.9;327.118644067797;1.69322033898305
2;"mixed1";1;"Ind5";1;"test";2;"f";110;0;5.9;18.6440677966102;0
2;"mixed1";1;"Ind5";2;"test";1;"f";1455;5.43;6.1;238.524590163934;0.89016393442623
2;"mixed1";1;"Ind5";2;"test";2;"f";1071;5.52;6.1;175.573770491803;0.904918032786885
2;"mixed1";1;"Ind6";1;"test";1;"f";1769;9.87;5.9;299.830508474576;1.6728813559322
2;"mixed1";1;"Ind6";1;"test";2;"f";28;0;5.9;4.74576271186441;0
2;"mixed1";1;"Ind6";2;"test";1;"f";1787;7.05;6.1;292.950819672131;1.15573770491803
2;"mixed1";1;"Ind6";2;"test";2;"f";320;2.04;6.1;52.4590163934426;0.334426229508197
3;"mixed1";2;"Ind1";1;"test";1;"m";91;0;6;15.1666666666667;0
3;"mixed1";2;"Ind1";1;"test";2;"m";961;7.11;6;160.166666666667;1.185
3;"mixed1";2;"Ind1";2;"test";1;"m";655;3.69;6;109.166666666667;0.615
3;"mixed1";2;"Ind1";2;"test";2;"m";631;2.88;6;105.166666666667;0.48
3;"mixed1";2;"Ind2";1;"test";1;"m";69;0;6;11.5;0
3;"mixed1";2;"Ind2";1;"test";2;"m";1311;9.33;6;218.5;1.555
3;"mixed1";2;"Ind2";2;"test";1;"m";7;0.03;6;1.16666666666667;0.005
3;"mixed1";2;"Ind2";2;"test";2;"m";1536;6.72;6;256;1.12
3;"mixed1";2;"Ind3";1;"test";1;"f";75;0;6;12.5;0
3;"mixed1";2;"Ind3";1;"test";2;"f";489;2.58;6;81.5;0.43
3;"mixed1";2;"Ind3";2;"test";1;"f";1009;5.13;6;168.166666666667;0.855
3;"mixed1";2;"Ind3";2;"test";2;"f";966;4.92;6;161;0.82
3;"mixed1";2;"Ind4";1;"test";1;"m";44;0;6;7.33333333333333;0
3;"mixed1";2;"Ind4";1;"test";2;"m";1108;7.98;6;184.666666666667;1.33
3;"mixed1";2;"Ind4";2;"test";1;"m";207;0.81;6;34.5;0.135
3;"mixed1";2;"Ind4";2;"test";2;"m";126;0.6;6;21;0.1
3;"mixed1";2;"Ind5";1;"test";1;"f";136;0;6;22.6666666666667;0
3;"mixed1";2;"Ind5";1;"test";2;"f";1585;10.35;6;264.166666666667;1.725
3;"mixed1";2;"Ind5";2;"test";1;"f";1576;8.64;6;262.666666666667;1.44
3;"mixed1";2;"Ind5";2;"test";2;"f";780;4.68;6;130;0.78
3;"mixed1";2;"Ind6";1;"test";1;"f";54;0;6;9;0
3;"mixed1";2;"Ind6";1;"test";2;"f";765;6.66;6;127.5;1.11
3;"mixed1";2;"Ind6";2;"test";1;"f";944;4.89;6;157.333333333333;0.815
3;"mixed1";2;"Ind6";2;"test";2;"f";779;3.9;6;129.833333333333;0.65
4;"mixed1";3;"Ind1";1;"test";1;"m";41;0;6;6.83333333333333;0
4;"mixed1";3;"Ind1";1;"test";2;"m";12;0.09;6;2;0.015
4;"mixed1";3;"Ind1";2;"test";1;"m";1189;6.87;6;198.166666666667;1.145
4;"mixed1";3;"Ind1";2;"test";2;"m";27;0.06;6;4.5;0.01
4;"mixed1";3;"Ind2";1;"test";1;"m";14;0;6;2.33333333333333;0
4;"mixed1";3;"Ind2";1;"test";2;"m";61;0.57;6;10.1666666666667;0.095
4;"mixed1";3;"Ind2";2;"test";1;"m";130;0.75;6;21.6666666666667;0.125
4;"mixed1";3;"Ind2";2;"test";2;"m";1379;4.44;6;229.833333333333;0.74
4;"mixed1";3;"Ind3";1;"test";1;"f";80;0;6;13.3333333333333;0
4;"mixed1";3;"Ind3";1;"test";2;"f";433;5.46;6;72.1666666666667;0.91
4;"mixed1";3;"Ind3";2;"test";1;"f";380;2.88;6;63.3333333333333;0.48
4;"mixed1";3;"Ind3";2;"test";2;"f";960;4.68;6;160;0.78
4;"mixed1";3;"Ind4";1;"test";1;"m";21;0;6;3.5;0
4;"mixed1";3;"Ind4";1;"test";2;"m";1075;15.51;6;179.166666666667;2.585
4;"mixed1";3;"Ind4";2;"test";1;"m";2;0;6;0.333333333333333;0
4;"mixed1";3;"Ind4";2;"test";2;"m";879;5.31;6;146.5;0.885
4;"mixed1";3;"Ind5";1;"test";1;"f";169;0;6;28.1666666666667;0
4;"mixed1";3;"Ind5";1;"test";2;"f";431;4.77;6;71.8333333333333;0.795
4;"mixed1";3;"Ind5";2;"test";1;"f";1131;6.15;6;188.5;1.025
4;"mixed1";3;"Ind5";2;"test";2;"f";902;3.09;6;150.333333333333;0.515
4;"mixed1";3;"Ind6";1;"test";1;"f";54;0;6;9;0
4;"mixed1";3;"Ind6";1;"test";2;"f";481;5.73;6;80.1666666666667;0.955
4;"mixed1";3;"Ind6";2;"test";1;"f";652;3.48;6;108.666666666667;0.58
4;"mixed1";3;"Ind6";2;"test";2;"f";1806;6.78;6;301;1.13
5;"mixed1";4;"Ind1";1;"test";1;"m";45;0.45;6;7.5;0.075
5;"mixed1";4;"Ind1";1;"test";2;"m";1;0;6;0.166666666666667;0
5;"mixed1";4;"Ind2";1;"test";1;"m";10;0.18;6;1.66666666666667;0.03
5;"mixed1";4;"Ind2";1;"test";2;"m";6;0;6;1;0
5;"mixed1";4;"Ind3";1;"test";1;"f";341;4.29;6;56.8333333333333;0.715
5;"mixed1";4;"Ind3";1;"test";2;"f";32;0;6;5.33333333333333;0
5;"mixed1";4;"Ind4";1;"test";1;"m";901;14.4;6;150.166666666667;2.4
5;"mixed1";4;"Ind4";1;"test";2;"m";35;0;6;5.83333333333333;0
5;"mixed1";4;"Ind5";1;"test";1;"f";797;8.4;6;132.833333333333;1.4
5;"mixed1";4;"Ind5";1;"test";2;"f";74;0;6;12.3333333333333;0
5;"mixed1";4;"Ind6";1;"test";1;"f";397;5.25;6;66.1666666666667;0.875
5;"mixed1";4;"Ind6";1;"test";2;"f";18;0;6;3;0
6;"mixed1";5;"Ind1";1;"test";1;"m";11;0.09;6;1.83333333333333;0.015
6;"mixed1";5;"Ind1";1;"test";2;"m";26;0;6;4.33333333333333;0
6;"mixed1";5;"Ind1";2;"test";1;"m";481;2.07;6;80.1666666666667;0.345
6;"mixed1";5;"Ind1";2;"test";2;"m";288;1.32;6;48;0.22
6;"mixed1";5;"Ind2";1;"test";1;"m";1;0;6;0.166666666666667;0
6;"mixed1";5;"Ind2";1;"test";2;"m";2;0;6;0.333333333333333;0
6;"mixed1";5;"Ind2";2;"test";1;"m";2;0;6;0.333333333333333;0
6;"mixed1";5;"Ind2";2;"test";2;"m";796;3.93;6;132.666666666667;0.655
6;"mixed1";5;"Ind3";1;"test";1;"f";433;4.35;6;72.1666666666667;0.725
6;"mixed1";5;"Ind3";1;"test";2;"f";50;0;6;8.33333333333333;0
6;"mixed1";5;"Ind3";2;"test";1;"f";1344;7.11;6;224;1.185
6;"mixed1";5;"Ind3";2;"test";2;"f";723;3.72;6;120.5;0.62
6;"mixed1";5;"Ind4";1;"test";1;"m";1206;16.53;6;201;2.755
6;"mixed1";5;"Ind4";1;"test";2;"m";28;0;6;4.66666666666667;0
6;"mixed1";5;"Ind4";2;"test";1;"m";781;3.9;6;130.166666666667;0.65
6;"mixed1";5;"Ind4";2;"test";2;"m";325;2.04;6;54.1666666666667;0.34
6;"mixed1";5;"Ind5";1;"test";1;"f";829;8.76;6;138.166666666667;1.46
6;"mixed1";5;"Ind5";1;"test";2;"f";68;0;6;11.3333333333333;0
6;"mixed1";5;"Ind5";2;"test";1;"f";939;4.71;6;156.5;0.785
6;"mixed1";5;"Ind5";2;"test";2;"f";1511;8.73;6;251.833333333333;1.455
6;"mixed1";5;"Ind6";1;"test";1;"f";609;6.24;6;101.5;1.04
6;"mixed1";5;"Ind6";1;"test";2;"f";13;0;6;2.16666666666667;0
6;"mixed1";5;"Ind6";2;"test";1;"f";1189;4.47;6;198.166666666667;0.745
6;"mixed1";5;"Ind6";2;"test";2;"f";771;3.48;6;128.5;0.58
7;"mixed1";6;"Ind1";1;"test";1;"m";20;0;6;3.33333333333333;0
7;"mixed1";6;"Ind1";1;"test";2;"m";15;0.18;6;2.5;0.03
7;"mixed1";6;"Ind1";2;"test";1;"m";1417;8.19;6;236.166666666667;1.365
7;"mixed1";6;"Ind1";2;"test";2;"m";106;0.24;6;17.6666666666667;0.04
7;"mixed1";6;"Ind2";1;"test";1;"m";2;0;6;0.333333333333333;0
7;"mixed1";6;"Ind2";1;"test";2;"m";5;0.09;6;0.833333333333333;0.015
7;"mixed1";6;"Ind2";2;"test";2;"m";907;7.2;6;151.166666666667;1.2
7;"mixed1";6;"Ind3";1;"test";1;"f";27;0;6;4.5;0
7;"mixed1";6;"Ind3";1;"test";2;"f";252;2.61;6;42;0.435
7;"mixed1";6;"Ind3";2;"test";1;"f";750;3.72;6;125;0.62
7;"mixed1";6;"Ind3";2;"test";2;"f";612;3.36;6;102;0.56
7;"mixed1";6;"Ind4";1;"test";1;"m";67;0;6;11.1666666666667;0
7;"mixed1";6;"Ind4";1;"test";2;"m";936;16.29;6;156;2.715
7;"mixed1";6;"Ind4";2;"test";1;"m";755;3.99;6;125.833333333333;0.665
7;"mixed1";6;"Ind4";2;"test";2;"m";280;1.62;6;46.6666666666667;0.27
7;"mixed1";6;"Ind5";1;"test";1;"f";83;0;6;13.8333333333333;0
7;"mixed1";6;"Ind5";1;"test";2;"f";693;6.21;6;115.5;1.035
7;"mixed1";6;"Ind5";2;"test";1;"f";970;5.43;6;161.666666666667;0.905
7;"mixed1";6;"Ind5";2;"test";2;"f";793;3.72;6;132.166666666667;0.62
7;"mixed1";6;"Ind6";1;"test";1;"f";52;0;6;8.66666666666667;0
7;"mixed1";6;"Ind6";1;"test";2;"f";346;4.65;6;57.6666666666667;0.775
7;"mixed1";6;"Ind6";2;"test";1;"f";676;3.03;6;112.666666666667;0.505
7;"mixed1";6;"Ind6";2;"test";2;"f";576;2.85;6;96;0.475
8;"mixed1";7;"Ind1";1;"test";1;"m";12;0.21;6;2;0.035
8;"mixed1";7;"Ind1";1;"test";2;"m";6;0;6;1;0
8;"mixed1";7;"Ind1";2;"test";1;"m";1052;8.37;6;175.333333333333;1.395
8;"mixed1";7;"Ind2";1;"test";2;"m";9;0;6;1.5;0
8;"mixed1";7;"Ind2";2;"test";2;"m";729;7.41;6;121.5;1.235
8;"mixed1";7;"Ind3";1;"test";1;"f";469;4.26;6;78.1666666666667;0.71
8;"mixed1";7;"Ind3";1;"test";2;"f";24;0;6;4;0
8;"mixed1";7;"Ind3";2;"test";1;"f";646;3.3;6;107.666666666667;0.55
8;"mixed1";7;"Ind3";2;"test";2;"f";515;2.79;6;85.8333333333333;0.465
8;"mixed1";7;"Ind4";1;"test";1;"m";1096;16.8;6;182.666666666667;2.8
8;"mixed1";7;"Ind4";1;"test";2;"m";39;0;6;6.5;0
8;"mixed1";7;"Ind4";2;"test";1;"m";648;4.35;6;108;0.725
8;"mixed1";7;"Ind4";2;"test";2;"m";205;1.35;6;34.1666666666667;0.225
8;"mixed1";7;"Ind5";1;"test";1;"f";830;7.98;6;138.333333333333;1.33
8;"mixed1";7;"Ind5";1;"test";2;"f";47;0;6;7.83333333333333;0
8;"mixed1";7;"Ind5";2;"test";1;"f";778;4.44;6;129.666666666667;0.74
8;"mixed1";7;"Ind5";2;"test";2;"f";653;3.75;6;108.833333333333;0.625
8;"mixed1";7;"Ind6";1;"test";1;"f";541;5.7;6;90.1666666666667;0.95
8;"mixed1";7;"Ind6";1;"test";2;"f";19;0;6;3.16666666666667;0
8;"mixed1";7;"Ind6";2;"test";1;"f";514;2.79;6;85.6666666666667;0.465
8;"mixed1";7;"Ind6";2;"test";2;"f";359;2.22;6;59.8333333333333;0.37
9;"6f";-1;"Ind31";1;"train";1;"f";294;8.82;6;49;1.47
9;"6f";-1;"Ind31";1;"train";2;"f";181;5.43;6;30.1666666666667;0.905
9;"6f";-1;"Ind31";2;"train";1;"f";250;7.29;6;41.6666666666667;1.215
9;"6f";-1;"Ind31";2;"train";2;"f";154;4.53;6;25.6666666666667;0.755
9;"6f";-1;"Ind32";1;"train";1;"f";165;4.95;6;27.5;0.825
9;"6f";-1;"Ind32";1;"train";2;"f";118;3.54;6;19.6666666666667;0.59
9;"6f";-1;"Ind32";2;"train";1;"f";219;6.39;6;36.5;1.065
9;"6f";-1;"Ind32";2;"train";2;"f";140;4.11;6;23.3333333333333;0.685
10;"6f";0;"Ind31";1;"train";1;"f";297;8.28;6;49.5;1.38
10;"6f";0;"Ind31";1;"train";2;"f";110;3.06;6;18.3333333333333;0.51
10;"6f";0;"Ind31";2;"train";1;"f";296;7.74;6;49.3333333333333;1.29
10;"6f";0;"Ind31";2;"train";2;"f";198;5.04;6;33;0.84
10;"6f";0;"Ind32";1;"train";1;"f";254;7.59;6;42.3333333333333;1.265
10;"6f";0;"Ind32";1;"train";2;"f";236;7.02;6;39.3333333333333;1.17
10;"6f";0;"Ind32";2;"train";1;"f";199;5.49;6;33.1666666666667;0.915
10;"6f";0;"Ind32";2;"train";2;"f";286;7.8;6;47.6666666666667;1.3
10;"6f";0;"Ind33";2;"train";1;"f";272;7.62;6;45.3333333333333;1.27
10;"6f";0;"Ind33";2;"train";2;"f";158;4.5;6;26.3333333333333;0.75
10;"6f";0;"Ind34";1;"train";1;"f";178;5.31;6;29.6666666666667;0.885
10;"6f";0;"Ind34";1;"train";2;"f";182;5.4;6;30.3333333333333;0.9
10;"6f";0;"Ind34";2;"train";1;"f";124;3.39;6;20.6666666666667;0.565
10;"6f";0;"Ind34";2;"train";2;"f";235;6.57;6;39.1666666666667;1.095
10;"6f";0;"Ind35";1;"train";1;"f";269;7.92;6;44.8333333333333;1.32
10;"6f";0;"Ind35";1;"train";2;"f";67;1.98;6;11.1666666666667;0.33
10;"6f";0;"Ind35";2;"train";1;"f";324;9;6;54;1.5
10;"6f";0;"Ind35";2;"train";2;"f";85;2.37;6;14.1666666666667;0.395
11;"6f";1;"Ind31";1;"test";1;"f";2093;14.13;6;348.833333333333;2.355
11;"6f";1;"Ind31";1;"test";2;"f";56;0;6;9.33333333333333;0
11;"6f";1;"Ind31";2;"test";1;"f";1325;6;6;220.833333333333;1
11;"6f";1;"Ind31";2;"test";2;"f";580;1.74;6;96.6666666666667;0.29
11;"6f";1;"Ind32";1;"test";1;"f";1146;4.83;6;191;0.805
11;"6f";1;"Ind32";1;"test";2;"f";60;0;6;10;0
11;"6f";1;"Ind32";2;"test";1;"f";774;2.19;6;129;0.365
11;"6f";1;"Ind32";2;"test";2;"f";510;2.25;6;85;0.375
11;"6f";1;"Ind33";1;"test";1;"f";968;4.77;6;161.333333333333;0.795
11;"6f";1;"Ind33";1;"test";2;"f";139;0;6;23.1666666666667;0
11;"6f";1;"Ind33";2;"test";1;"f";1108;3.96;6;184.666666666667;0.66
11;"6f";1;"Ind33";2;"test";2;"f";1327;6.81;6;221.166666666667;1.135
11;"6f";1;"Ind34";1;"test";1;"f";657;3.39;6;109.5;0.565
11;"6f";1;"Ind34";1;"test";2;"f";70;0;6;11.6666666666667;0
11;"6f";1;"Ind34";2;"test";1;"f";692;3.15;6;115.333333333333;0.525
11;"6f";1;"Ind34";2;"test";2;"f";1080;4.65;6;180;0.775
11;"6f";1;"Ind35";1;"test";1;"f";2300;13.23;6;383.333333333333;2.205
11;"6f";1;"Ind35";1;"test";2;"f";76;0;6;12.6666666666667;0
11;"6f";1;"Ind35";2;"test";1;"f";1232;4.89;6;205.333333333333;0.815
11;"6f";1;"Ind35";2;"test";2;"f";1111;4.92;6;185.166666666667;0.82
11;"6f";1;"Ind36";1;"test";1;"f";111;0.42;6;18.5;0.07
11;"6f";1;"Ind36";1;"test";2;"f";15;0;6;2.5;0
11;"6f";1;"Ind36";2;"test";1;"f";954;3.21;6;159;0.535
11;"6f";1;"Ind36";2;"test";2;"f";477;2.04;6;79.5;0.34
12;"6f";2;"Ind31";1;"test";1;"f";91;0;8;11.375;0
12;"6f";2;"Ind31";1;"test";2;"f";3038;16.5;8;379.75;2.0625
12;"6f";2;"Ind31";2;"test";1;"f";864;3.42;4;216;0.855
12;"6f";2;"Ind31";2;"test";2;"f";536;1.38;4;134;0.345
12;"6f";2;"Ind32";1;"test";1;"f";60;0;8;7.5;0
12;"6f";2;"Ind32";1;"test";2;"f";1566;7.05;8;195.75;0.88125
12;"6f";2;"Ind32";2;"test";1;"f";371;1.26;4;92.75;0.315
12;"6f";2;"Ind32";2;"test";2;"f";502;1.41;4;125.5;0.3525
12;"6f";2;"Ind33";1;"test";1;"f";76;0;8;9.5;0
12;"6f";2;"Ind33";1;"test";2;"f";1975;8.16;8;246.875;1.02
12;"6f";2;"Ind33";2;"test";1;"f";693;2.43;4;173.25;0.6075
12;"6f";2;"Ind33";2;"test";2;"f";997;3.6;4;249.25;0.9
12;"6f";2;"Ind34";1;"test";1;"f";106;0;8;13.25;0
12;"6f";2;"Ind34";1;"test";2;"f";1091;3.9;8;136.375;0.4875
12;"6f";2;"Ind34";2;"test";1;"f";521;2.37;4;130.25;0.5925
12;"6f";2;"Ind34";2;"test";2;"f";677;1.74;4;169.25;0.435
12;"6f";2;"Ind35";1;"test";1;"f";148;0;8;18.5;0
12;"6f";2;"Ind35";1;"test";2;"f";1715;7.32;8;214.375;0.915
12;"6f";2;"Ind35";2;"test";1;"f";1426;5.55;4;356.5;1.3875
12;"6f";2;"Ind35";2;"test";2;"f";1030;3.3;4;257.5;0.825
12;"6f";2;"Ind36";1;"test";1;"f";54;0;8;6.75;0
12;"6f";2;"Ind36";1;"test";2;"f";3908;16.5;8;488.5;2.0625
12;"6f";2;"Ind36";2;"test";1;"f";205;0.51;4;51.25;0.1275
12;"6f";2;"Ind36";2;"test";2;"f";1393;4.74;4;348.25;1.185
13;"6f";3;"Ind31";1;"test";1;"f";2338;10.89;5;467.6;2.178
13;"6f";3;"Ind31";1;"test";2;"f";71;0;5;14.2;0
13;"6f";3;"Ind31";2;"test";1;"f";1720;5.91;7;245.714285714286;0.844285714285714
13;"6f";3;"Ind31";2;"test";2;"f";1468;5.04;7;209.714285714286;0.72
13;"6f";3;"Ind32";1;"test";1;"f";1337;5.31;5;267.4;1.062
13;"6f";3;"Ind32";1;"test";2;"f";38;0;5;7.6;0
13;"6f";3;"Ind32";2;"test";1;"f";1039;3.03;7;148.428571428571;0.432857142857143
13;"6f";3;"Ind32";2;"test";2;"f";318;0.84;7;45.4285714285714;0.12
13;"6f";3;"Ind33";1;"test";1;"f";841;2.94;5;168.2;0.588
13;"6f";3;"Ind33";1;"test";2;"f";85;0;5;17;0
13;"6f";3;"Ind33";2;"test";1;"f";772;2.43;7;110.285714285714;0.347142857142857
13;"6f";3;"Ind33";2;"test";2;"f";1814;5.49;7;259.142857142857;0.784285714285714
13;"6f";3;"Ind34";1;"test";1;"f";542;2.1;5;108.4;0.42
13;"6f";3;"Ind34";1;"test";2;"f";96;0;5;19.2;0
13;"6f";3;"Ind34";2;"test";1;"f";815;2.61;7;116.428571428571;0.372857142857143
13;"6f";3;"Ind34";2;"test";2;"f";1414;4.68;7;202;0.668571428571428
13;"6f";3;"Ind35";1;"test";1;"f";1995;6.54;5;399;1.308
13;"6f";3;"Ind35";1;"test";2;"f";115;0;5;23;0
13;"6f";3;"Ind35";2;"test";1;"f";2293;9.21;7;327.571428571429;1.31571428571429
13;"6f";3;"Ind35";2;"test";2;"f";1683;7.2;7;240.428571428571;1.02857142857143
13;"6f";3;"Ind36";1;"test";1;"f";3542;11.22;5;708.4;2.244
13;"6f";3;"Ind36";1;"test";2;"f";49;0;5;9.8;0
13;"6f";3;"Ind36";2;"test";1;"f";1588;4.74;7;226.857142857143;0.677142857142857
13;"6f";3;"Ind36";2;"test";2;"f";1563;4.41;7;223.285714285714;0.63
14;"6f";4;"Ind31";1;"test";1;"f";2678;10.62;7;382.571428571429;1.51714285714286
14;"6f";4;"Ind31";1;"test";2;"f";89;0;7;12.7142857142857;0
14;"6f";4;"Ind31";2;"test";1;"f";895;2.64;5;179;0.528
14;"6f";4;"Ind31";2;"test";2;"f";340;1.59;5;68;0.318
14;"6f";4;"Ind32";1;"test";1;"f";2860;12.57;7;408.571428571429;1.79571428571429
14;"6f";4;"Ind32";1;"test";2;"f";13;0;7;1.85714285714286;0
14;"6f";4;"Ind32";2;"test";1;"f";1235;4.26;5;247;0.852
14;"6f";4;"Ind33";1;"test";1;"f";1309;4.68;7;187;0.668571428571428
14;"6f";4;"Ind33";1;"test";2;"f";92;0;7;13.1428571428571;0
14;"6f";4;"Ind33";2;"test";1;"f";620;2.49;5;124;0.498
14;"6f";4;"Ind33";2;"test";2;"f";384;1.26;5;76.8;0.252
14;"6f";4;"Ind34";1;"test";1;"f";738;2.25;7;105.428571428571;0.321428571428571
14;"6f";4;"Ind34";1;"test";2;"f";94;0;7;13.4285714285714;0
14;"6f";4;"Ind34";2;"test";1;"f";661;2.43;5;132.2;0.486
14;"6f";4;"Ind34";2;"test";2;"f";542;2.7;5;108.4;0.54
14;"6f";4;"Ind35";1;"test";1;"f";3077;13.11;7;439.571428571429;1.87285714285714
14;"6f";4;"Ind35";1;"test";2;"f";73;0;7;10.4285714285714;0
14;"6f";4;"Ind35";2;"test";1;"f";1899;7.26;5;379.8;1.452
14;"6f";4;"Ind35";2;"test";2;"f";64;0.42;5;12.8;0.084
14;"6f";4;"Ind36";1;"test";1;"f";2735;10.29;7;390.714285714286;1.47
14;"6f";4;"Ind36";1;"test";2;"f";82;0;7;11.7142857142857;0
14;"6f";4;"Ind36";2;"test";1;"f";120;0.54;5;24;0.108
14;"6f";4;"Ind36";2;"test";2;"f";2869;13.53;5;573.8;2.706
15;"6f";5;"Ind31";1;"test";1;"f";72;0;4;18;0
15;"6f";5;"Ind31";1;"test";2;"f";643;5.97;4;160.75;1.4925
15;"6f";5;"Ind31";2;"test";1;"f";1377;4.56;8;172.125;0.57
15;"6f";5;"Ind31";2;"test";2;"f";1973;7.89;8;246.625;0.98625
15;"6f";5;"Ind32";1;"test";1;"f";70;0;4;17.5;0
15;"6f";5;"Ind32";1;"test";2;"f";27;0.06;4;6.75;0.015
15;"6f";5;"Ind32";2;"test";1;"f";3075;11.46;8;384.375;1.4325
15;"6f";5;"Ind32";2;"test";2;"f";17;0.06;8;2.125;0.0075
15;"6f";5;"Ind33";1;"test";1;"f";33;0;4;8.25;0
15;"6f";5;"Ind33";1;"test";2;"f";280;1.89;4;70;0.4725
15;"6f";5;"Ind33";2;"test";1;"f";482;2.16;8;60.25;0.27
15;"6f";5;"Ind33";2;"test";2;"f";618;1.98;8;77.25;0.2475
15;"6f";5;"Ind34";1;"test";1;"f";34;0;4;8.5;0
15;"6f";5;"Ind34";1;"test";2;"f";144;0.99;4;36;0.2475
15;"6f";5;"Ind34";2;"test";1;"f";225;0.75;8;28.125;0.09375
15;"6f";5;"Ind34";2;"test";2;"f";932;2.97;8;116.5;0.37125
15;"6f";5;"Ind35";1;"test";1;"f";63;0;4;15.75;0
15;"6f";5;"Ind35";1;"test";2;"f";100;1.08;4;25;0.27
15;"6f";5;"Ind35";2;"test";1;"f";2863;11.88;8;357.875;1.485
15;"6f";5;"Ind35";2;"test";2;"f";145;0.54;8;18.125;0.0675
15;"6f";5;"Ind36";1;"test";1;"f";9;0;4;2.25;0
15;"6f";5;"Ind36";1;"test";2;"f";1207;15.36;4;301.75;3.84
15;"6f";5;"Ind36";2;"test";2;"f";3024;17.28;8;378;2.16
16;"6f";6;"Ind31";1;"test";1;"f";985;6.27;6;164.166666666667;1.045
16;"6f";6;"Ind31";1;"test";2;"f";44;0;6;7.33333333333333;0
16;"6f";6;"Ind31";2;"test";1;"f";385;2.01;6;64.1666666666667;0.335
16;"6f";6;"Ind31";2;"test";2;"f";988;4.11;6;164.666666666667;0.685
16;"6f";6;"Ind32";1;"test";1;"f";2455;15.75;6;409.166666666667;2.625
16;"6f";6;"Ind32";1;"test";2;"f";1;0;6;0.166666666666667;0
16;"6f";6;"Ind32";2;"test";1;"f";1762;8.07;6;293.666666666667;1.345
16;"6f";6;"Ind33";1;"test";1;"f";237;1.26;6;39.5;0.21
16;"6f";6;"Ind33";1;"test";2;"f";66;0;6;11;0
16;"6f";6;"Ind33";2;"test";1;"f";363;1.56;6;60.5;0.26
16;"6f";6;"Ind33";2;"test";2;"f";233;0.93;6;38.8333333333333;0.155
16;"6f";6;"Ind34";1;"test";1;"f";143;1.02;6;23.8333333333333;0.17
16;"6f";6;"Ind34";1;"test";2;"f";52;0;6;8.66666666666667;0
16;"6f";6;"Ind34";2;"test";1;"f";659;3.3;6;109.833333333333;0.55
16;"6f";6;"Ind34";2;"test";2;"f";298;1.17;6;49.6666666666667;0.195
16;"6f";6;"Ind35";1;"test";1;"f";1806;16.62;6;301;2.77
16;"6f";6;"Ind35";2;"test";1;"f";1622;7.41;6;270.333333333333;1.235
16;"6f";6;"Ind35";2;"test";2;"f";6;0.06;6;1;0.01
16;"6f";6;"Ind36";1;"test";1;"f";166;0.9;6;27.6666666666667;0.15
16;"6f";6;"Ind36";1;"test";2;"f";65;0;6;10.8333333333333;0
16;"6f";6;"Ind36";2;"test";1;"f";67;0.27;6;11.1666666666667;0.045
16;"6f";6;"Ind36";2;"test";2;"f";2602;16.11;6;433.666666666667;2.685
17;"6f";7;"Ind31";1;"test";1;"f";17;0;7.5;2.26666666666667;0
17;"6f";7;"Ind31";1;"test";2;"f";2335;19.14;7.5;311.333333333333;2.552
17;"6f";7;"Ind31";2;"test";1;"f";8;0.06;4.5;1.77777777777778;0.0133333333333333
17;"6f";7;"Ind31";2;"test";2;"f";1227;5.49;4.5;272.666666666667;1.22
17;"6f";7;"Ind32";1;"test";1;"f";98;0;7.5;13.0666666666667;0
17;"6f";7;"Ind32";1;"test";2;"f";98;0.57;7.5;13.0666666666667;0.076
17;"6f";7;"Ind32";2;"test";1;"f";1933;7.26;4.5;429.555555555556;1.61333333333333
17;"6f";7;"Ind32";2;"test";2;"f";11;0.03;4.5;2.44444444444444;0.00666666666666667
17;"6f";7;"Ind33";1;"test";1;"f";19;0;7.5;2.53333333333333;0
17;"6f";7;"Ind33";1;"test";2;"f";694;4.2;7.5;92.5333333333333;0.56
17;"6f";7;"Ind33";2;"test";1;"f";69;0.45;4.5;15.3333333333333;0.1
17;"6f";7;"Ind33";2;"test";2;"f";442;1.74;4.5;98.2222222222222;0.386666666666667
17;"6f";7;"Ind34";1;"test";1;"f";27;0;7.5;3.6;0
17;"6f";7;"Ind34";1;"test";2;"f";352;2.07;7.5;46.9333333333333;0.276
17;"6f";7;"Ind34";2;"test";1;"f";109;0.57;4.5;24.2222222222222;0.126666666666667
17;"6f";7;"Ind34";2;"test";2;"f";709;2.64;4.5;157.555555555556;0.586666666666667
17;"6f";7;"Ind35";1;"test";1;"f";184;0;7.5;24.5333333333333;0
17;"6f";7;"Ind35";1;"test";2;"f";428;3.06;7.5;57.0666666666667;0.408
17;"6f";7;"Ind35";2;"test";1;"f";1897;8.16;4.5;421.555555555556;1.81333333333333
17;"6f";7;"Ind35";2;"test";2;"f";13;0.03;4.5;2.88888888888889;0.00666666666666667
17;"6f";7;"Ind36";1;"test";1;"f";1;0;7.5;0.133333333333333;0
17;"6f";7;"Ind36";1;"test";2;"f";2774;23.31;7.5;369.866666666667;3.108
17;"6f";7;"Ind36";2;"test";1;"f";6;0.03;4.5;1.33333333333333;0.00666666666666667
17;"6f";7;"Ind36";2;"test";2;"f";1831;7.23;4.5;406.888888888889;1.60666666666667
18;"6m";-1;"Ind25";1;"train";1;"m";26;0.78;5.6;4.64285714285714;0.139285714285714
18;"6m";-1;"Ind25";1;"train";2;"m";182;5.43;5.6;32.5;0.969642857142857
18;"6m";-1;"Ind25";2;"train";1;"m";29;0.87;6.4;4.53125;0.1359375
18;"6m";-1;"Ind25";2;"train";2;"m";349;10.11;6.4;54.53125;1.5796875
18;"6m";-1;"Ind26";2;"train";1;"m";30;0.87;6.4;4.6875;0.1359375
18;"6m";-1;"Ind26";2;"train";2;"m";36;1.08;6.4;5.625;0.16875
18;"6m";-1;"Ind27";2;"train";1;"m";47;1.41;6.4;7.34375;0.2203125
18;"6m";-1;"Ind27";2;"train";2;"m";18;0.54;6.4;2.8125;0.084375
18;"6m";-1;"Ind28";1;"train";1;"m";8;0.24;5.6;1.42857142857143;0.0428571428571429
18;"6m";-1;"Ind28";1;"train";2;"m";245;7.35;5.6;43.75;1.3125
18;"6m";-1;"Ind28";2;"train";1;"m";1;0.03;6.4;0.15625;0.0046875
18;"6m";-1;"Ind28";2;"train";2;"m";289;8.43;6.4;45.15625;1.3171875
18;"6m";-1;"Ind30";2;"train";1;"m";38;1.14;6.4;5.9375;0.178125
19;"6m";0;"Ind25";1;"train";1;"m";74;2.16;6;12.3333333333333;0.36
19;"6m";0;"Ind25";1;"train";2;"m";210;6.15;6;35;1.025
19;"6m";0;"Ind25";2;"train";1;"m";145;3.93;6;24.1666666666667;0.655
19;"6m";0;"Ind25";2;"train";2;"m";221;6.06;6;36.8333333333333;1.01
19;"6m";0;"Ind26";1;"train";1;"m";177;5.25;6;29.5;0.875
19;"6m";0;"Ind26";1;"train";2;"m";143;4.23;6;23.8333333333333;0.705
19;"6m";0;"Ind26";2;"train";1;"m";178;4.8;6;29.6666666666667;0.8
19;"6m";0;"Ind26";2;"train";2;"m";236;6.24;6;39.3333333333333;1.04
19;"6m";0;"Ind27";1;"train";1;"m";149;4.17;6;24.8333333333333;0.695
19;"6m";0;"Ind27";1;"train";2;"m";257;6.99;6;42.8333333333333;1.165
19;"6m";0;"Ind27";2;"train";1;"m";229;6.48;6;38.1666666666667;1.08
19;"6m";0;"Ind27";2;"train";2;"m";248;7.02;6;41.3333333333333;1.17
19;"6m";0;"Ind28";1;"train";1;"m";58;1.62;6;9.66666666666667;0.27
19;"6m";0;"Ind28";1;"train";2;"m";278;7.8;6;46.3333333333333;1.3
19;"6m";0;"Ind28";2;"train";1;"m";110;3.03;6;18.3333333333333;0.505
19;"6m";0;"Ind28";2;"train";2;"m";240;6.87;6;40;1.145
19;"6m";0;"Ind29";1;"train";1;"m";357;10.11;6;59.5;1.685
19;"6m";0;"Ind29";1;"train";2;"m";13;0.39;6;2.16666666666667;0.065
19;"6m";0;"Ind29";2;"train";1;"m";400;11.28;6;66.6666666666667;1.88
19;"6m";0;"Ind29";2;"train";2;"m";11;0.3;6;1.83333333333333;0.05
19;"6m";0;"Ind30";1;"train";1;"m";337;9.72;6;56.1666666666667;1.62
19;"6m";0;"Ind30";1;"train";2;"m";66;1.95;6;11;0.325
19;"6m";0;"Ind30";2;"train";1;"m";182;5.19;6;30.3333333333333;0.865
19;"6m";0;"Ind30";2;"train";2;"m";83;2.4;6;13.8333333333333;0.4
20;"6m";1;"Ind25";1;"test";1;"m";497;3.45;6;82.8333333333333;0.575
20;"6m";1;"Ind25";1;"test";2;"m";37;0;6;6.16666666666667;0
20;"6m";1;"Ind25";2;"test";1;"m";229;1.41;6;38.1666666666667;0.235
20;"6m";1;"Ind25";2;"test";2;"m";723;4.92;6;120.5;0.82
20;"6m";1;"Ind26";1;"test";1;"m";1058;9.51;6;176.333333333333;1.585
20;"6m";1;"Ind26";1;"test";2;"m";36;0;6;6;0
20;"6m";1;"Ind27";1;"test";1;"m";732;5.43;6;122;0.905
20;"6m";1;"Ind27";1;"test";2;"m";122;0;6;20.3333333333333;0
20;"6m";1;"Ind27";2;"test";1;"m";105;0.66;6;17.5;0.11
20;"6m";1;"Ind27";2;"test";2;"m";694;5.91;6;115.666666666667;0.985
20;"6m";1;"Ind28";1;"test";1;"m";393;3.03;6;65.5;0.505
20;"6m";1;"Ind28";1;"test";2;"m";49;0;6;8.16666666666667;0
20;"6m";1;"Ind28";2;"test";1;"m";222;1.71;6;37;0.285
20;"6m";1;"Ind28";2;"test";2;"m";240;1.65;6;40;0.275
20;"6m";1;"Ind29";1;"test";1;"m";872;9.27;6;145.333333333333;1.545
20;"6m";1;"Ind29";1;"test";2;"m";43;0;6;7.16666666666667;0
20;"6m";1;"Ind29";2;"test";1;"m";1208;13.38;6;201.333333333333;2.23
20;"6m";1;"Ind29";2;"test";2;"m";330;3.06;6;55;0.51
20;"6m";1;"Ind30";1;"test";1;"m";656;4.8;6;109.333333333333;0.8
20;"6m";1;"Ind30";1;"test";2;"m";109;0;6;18.1666666666667;0
20;"6m";1;"Ind30";2;"test";1;"m";280;2.55;6;46.6666666666667;0.425
20;"6m";1;"Ind30";2;"test";2;"m";261;2.19;6;43.5;0.365
21;"6m";2;"Ind25";1;"test";1;"m";64;0;8;8;0
21;"6m";2;"Ind25";1;"test";2;"m";865;9.69;8;108.125;1.21125
21;"6m";2;"Ind25";2;"test";1;"m";456;1.59;4;114;0.3975
21;"6m";2;"Ind25";2;"test";2;"m";797;3.87;4;199.25;0.9675
21;"6m";2;"Ind26";1;"test";1;"m";2;0;8;0.25;0
21;"6m";2;"Ind26";1;"test";2;"m";1083;9.69;8;135.375;1.21125
21;"6m";2;"Ind26";2;"test";1;"m";823;3.21;4;205.75;0.8025
21;"6m";2;"Ind26";2;"test";2;"m";2;0.03;4;0.5;0.0075
21;"6m";2;"Ind27";1;"test";1;"m";34;0;8;4.25;0
21;"6m";2;"Ind27";1;"test";2;"m";395;4.35;8;49.375;0.54375
21;"6m";2;"Ind27";2;"test";1;"m";866;2.97;4;216.5;0.7425
21;"6m";2;"Ind27";2;"test";2;"m";197;1.08;4;49.25;0.27
21;"6m";2;"Ind28";1;"test";1;"m";43;0;8;5.375;0
21;"6m";2;"Ind28";1;"test";2;"m";588;5.07;8;73.5;0.63375
21;"6m";2;"Ind28";2;"test";1;"m";479;2.25;4;119.75;0.5625
21;"6m";2;"Ind28";2;"test";2;"m";432;2.28;4;108;0.57
21;"6m";2;"Ind29";1;"test";1;"m";57;0;8;7.125;0
21;"6m";2;"Ind29";1;"test";2;"m";1163;15.81;8;145.375;1.97625
21;"6m";2;"Ind29";2;"test";1;"m";38;0.12;4;9.5;0.03
21;"6m";2;"Ind29";2;"test";2;"m";1008;7.53;4;252;1.8825
21;"6m";2;"Ind30";1;"test";1;"m";30;0;8;3.75;0
21;"6m";2;"Ind30";1;"test";2;"m";19;0.21;8;2.375;0.02625
21;"6m";2;"Ind30";2;"test";1;"m";1187;4.14;4;296.75;1.035
21;"6m";2;"Ind30";2;"test";2;"m";16;0.03;4;4;0.0075
22;"6m";3;"Ind25";1;"test";1;"m";544;5.34;6;90.6666666666667;0.89
22;"6m";3;"Ind25";1;"test";2;"m";86;0;6;14.3333333333333;0
22;"6m";3;"Ind25";2;"test";1;"m";92;0.66;6;15.3333333333333;0.11
22;"6m";3;"Ind25";2;"test";2;"m";2099;9.06;6;349.833333333333;1.51
22;"6m";3;"Ind26";1;"test";1;"m";1129;11.82;6;188.166666666667;1.97
22;"6m";3;"Ind26";1;"test";2;"m";2;0;6;0.333333333333333;0
22;"6m";3;"Ind26";2;"test";1;"m";16;0.09;6;2.66666666666667;0.015
22;"6m";3;"Ind26";2;"test";2;"m";94;0.27;6;15.6666666666667;0.045
22;"6m";3;"Ind27";1;"test";1;"m";237;1.83;6;39.5;0.305
22;"6m";3;"Ind27";1;"test";2;"m";46;0;6;7.66666666666667;0
22;"6m";3;"Ind27";2;"test";1;"m";221;1.44;6;36.8333333333333;0.24
22;"6m";3;"Ind27";2;"test";2;"m";780;4.44;6;130;0.74
22;"6m";3;"Ind28";1;"test";1;"m";516;4.95;6;86;0.825
22;"6m";3;"Ind28";1;"test";2;"m";59;0;6;9.83333333333333;0
22;"6m";3;"Ind28";2;"test";1;"m";467;3.33;6;77.8333333333333;0.555
22;"6m";3;"Ind28";2;"test";2;"m";693;3.18;6;115.5;0.53
22;"6m";3;"Ind29";1;"test";1;"m";737;7.65;6;122.833333333333;1.275
22;"6m";3;"Ind29";1;"test";2;"m";29;0;6;4.83333333333333;0
22;"6m";3;"Ind29";2;"test";1;"m";1251;13.89;6;208.5;2.315
22;"6m";3;"Ind29";2;"test";2;"m";29;0.12;6;4.83333333333333;0.02
22;"6m";3;"Ind30";1;"test";1;"m";462;4.08;6;77;0.68
22;"6m";3;"Ind30";1;"test";2;"m";35;0;6;5.83333333333333;0
22;"6m";3;"Ind30";2;"test";1;"m";60;0.51;6;10;0.085
22;"6m";3;"Ind30";2;"test";2;"m";1244;4.26;6;207.333333333333;0.71
23;"6m";4;"Ind25";1;"test";1;"m";266;3.6;5.3;50.188679245283;0.679245283018868
23;"6m";4;"Ind25";1;"test";2;"m";67;0;5.3;12.6415094339623;0
23;"6m";4;"Ind25";2;"test";1;"m";581;3.18;6.7;86.7164179104478;0.474626865671642
23;"6m";4;"Ind25";2;"test";2;"m";498;2.19;6.7;74.3283582089552;0.326865671641791
23;"6m";4;"Ind26";1;"test";1;"m";99;1.29;5.3;18.6792452830189;0.243396226415094
23;"6m";4;"Ind26";1;"test";2;"m";41;0;5.3;7.73584905660377;0
23;"6m";4;"Ind26";2;"test";2;"m";1751;12.81;6.7;261.34328358209;1.91194029850746
23;"6m";4;"Ind27";1;"test";1;"m";147;1.77;5.3;27.7358490566038;0.333962264150943
23;"6m";4;"Ind27";1;"test";2;"m";31;0;5.3;5.84905660377358;0
23;"6m";4;"Ind27";2;"test";1;"m";449;2.58;6.7;67.0149253731343;0.385074626865672
23;"6m";4;"Ind27";2;"test";2;"m";417;2.61;6.7;62.2388059701493;0.38955223880597
23;"6m";4;"Ind28";1;"test";1;"m";393;5.04;5.3;74.1509433962264;0.950943396226415
23;"6m";4;"Ind28";1;"test";2;"m";62;0;5.3;11.6981132075472;0
23;"6m";4;"Ind28";2;"test";1;"m";811;5.58;6.7;121.044776119403;0.832835820895522
23;"6m";4;"Ind28";2;"test";2;"m";355;2.07;6.7;52.9850746268657;0.308955223880597
23;"6m";4;"Ind29";1;"test";1;"m";880;14.16;5.3;166.037735849057;2.67169811320755
23;"6m";4;"Ind29";1;"test";2;"m";3;0;5.3;0.566037735849057;0
23;"6m";4;"Ind29";2;"test";1;"m";1372;10.14;6.7;204.776119402985;1.5134328358209
23;"6m";4;"Ind29";2;"test";2;"m";1;0.03;6.7;0.149253731343284;0.00447761194029851
23;"6m";4;"Ind30";1;"test";2;"m";69;0;5.3;13.0188679245283;0
23;"6m";4;"Ind30";2;"test";1;"m";180;0.66;6.7;26.865671641791;0.0985074626865672
23;"6m";4;"Ind30";2;"test";2;"m";491;2.01;6.7;73.2835820895522;0.3
24;"6m";5;"Ind25";1;"test";1;"m";36;0;7;5.14285714285714;0
24;"6m";5;"Ind25";1;"test";2;"m";1822;14.16;7;260.285714285714;2.02285714285714
24;"6m";5;"Ind25";2;"test";1;"m";226;0.81;5;45.2;0.162
24;"6m";5;"Ind25";2;"test";2;"m";311;0.66;5;62.2;0.132
24;"6m";5;"Ind26";1;"test";1;"m";14;0;7;2;0
24;"6m";5;"Ind26";1;"test";2;"m";445;5.58;7;63.5714285714286;0.797142857142857
24;"6m";5;"Ind26";2;"test";1;"m";180;1.08;5;36;0.216
24;"6m";5;"Ind26";2;"test";2;"m";1979;10.5;5;395.8;2.1
24;"6m";5;"Ind27";1;"test";1;"m";38;0;7;5.42857142857143;0
24;"6m";5;"Ind27";1;"test";2;"m";181;1.38;7;25.8571428571429;0.197142857142857
24;"6m";5;"Ind27";2;"test";1;"m";429;1.77;5;85.8;0.354
24;"6m";5;"Ind27";2;"test";2;"m";432;1.8;5;86.4;0.36
24;"6m";5;"Ind28";1;"test";1;"m";60;0;7;8.57142857142857;0
24;"6m";5;"Ind28";1;"test";2;"m";585;4.53;7;83.5714285714286;0.647142857142857
24;"6m";5;"Ind28";2;"test";1;"m";989;5.52;5;197.8;1.104
24;"6m";5;"Ind28";2;"test";2;"m";318;1.2;5;63.6;0.24
24;"6m";5;"Ind29";1;"test";1;"m";37;0;7;5.28571428571429;0
24;"6m";5;"Ind29";1;"test";2;"m";1340;13.47;7;191.428571428571;1.92428571428571
24;"6m";5;"Ind29";2;"test";1;"m";760;5.37;5;152;1.074
24;"6m";5;"Ind29";2;"test";2;"m";430;2.58;5;86;0.516
24;"6m";5;"Ind30";1;"test";1;"m";40;0;7;5.71428571428571;0
24;"6m";5;"Ind30";1;"test";2;"m";438;3.72;7;62.5714285714286;0.531428571428571
24;"6m";5;"Ind30";2;"test";1;"m";771;3.48;5;154.2;0.696
24;"6m";5;"Ind30";2;"test";2;"m";439;2.1;5;87.8;0.42
25;"6m";6;"Ind25";1;"test";1;"m";894;9.33;6;149;1.555
25;"6m";6;"Ind25";1;"test";2;"m";45;0;6;7.5;0
25;"6m";6;"Ind25";2;"test";1;"m";665;3.09;6;110.833333333333;0.515
25;"6m";6;"Ind25";2;"test";2;"m";137;1.05;6;22.8333333333333;0.175
25;"6m";6;"Ind26";1;"test";1;"m";3;0.06;6;0.5;0.01
25;"6m";6;"Ind26";1;"test";2;"m";88;0;6;14.6666666666667;0
25;"6m";6;"Ind26";2;"test";2;"m";1369;14.91;6;228.166666666667;2.485
25;"6m";6;"Ind27";1;"test";1;"m";291;2.28;6;48.5;0.38
25;"6m";6;"Ind27";1;"test";2;"m";30;0;6;5;0
25;"6m";6;"Ind27";2;"test";1;"m";507;2.43;6;84.5;0.405
25;"6m";6;"Ind27";2;"test";2;"m";246;1.56;6;41;0.26
25;"6m";6;"Ind28";1;"test";1;"m";732;7.53;6;122;1.255
25;"6m";6;"Ind28";1;"test";2;"m";29;0;6;4.83333333333333;0
25;"6m";6;"Ind28";2;"test";1;"m";415;1.59;6;69.1666666666667;0.265
25;"6m";6;"Ind28";2;"test";2;"m";267;1.68;6;44.5;0.28
25;"6m";6;"Ind29";1;"test";1;"m";1036;13.62;6;172.666666666667;2.27
25;"6m";6;"Ind29";1;"test";2;"m";7;0;6;1.16666666666667;0
25;"6m";6;"Ind29";2;"test";1;"m";726;5.4;6;121;0.9
25;"6m";6;"Ind29";2;"test";2;"m";3;0.03;6;0.5;0.005
25;"6m";6;"Ind30";1;"test";1;"m";226;1.41;6;37.6666666666667;0.235
25;"6m";6;"Ind30";1;"test";2;"m";59;0;6;9.83333333333333;0
25;"6m";6;"Ind30";2;"test";1;"m";1701;8.94;6;283.5;1.49
25;"6m";6;"Ind30";2;"test";2;"m";67;0.36;6;11.1666666666667;0.06
26;"6m";7;"Ind25";1;"test";1;"m";51;0;7;7.28571428571429;0
26;"6m";7;"Ind25";1;"test";2;"m";445;5.34;7;63.5714285714286;0.762857142857143
26;"6m";7;"Ind25";2;"test";1;"m";921;3.33;5;184.2;0.666
26;"6m";7;"Ind25";2;"test";2;"m";514;2.97;5;102.8;0.594
26;"6m";7;"Ind26";1;"test";1;"m";1;0;7;0.142857142857143;0
26;"6m";7;"Ind26";1;"test";2;"m";1151;16.77;7;164.428571428571;2.39571428571429
26;"6m";7;"Ind26";2;"test";2;"m";1550;7.14;5;310;1.428
26;"6m";7;"Ind27";1;"test";1;"m";52;0;7;7.42857142857143;0
26;"6m";7;"Ind27";1;"test";2;"m";247;2.07;7;35.2857142857143;0.295714285714286
26;"6m";7;"Ind27";2;"test";1;"m";136;0.39;5;27.2;0.078
26;"6m";7;"Ind27";2;"test";2;"m";408;2.01;5;81.6;0.402
26;"6m";7;"Ind28";1;"test";1;"m";49;0;7;7;0
26;"6m";7;"Ind28";1;"test";2;"m";358;2.55;7;51.1428571428571;0.364285714285714
26;"6m";7;"Ind28";2;"test";1;"m";281;1.2;5;56.2;0.24
26;"6m";7;"Ind28";2;"test";2;"m";278;0.9;5;55.6;0.18
26;"6m";7;"Ind29";1;"test";1;"m";62;0;7;8.85714285714286;0
26;"6m";7;"Ind29";1;"test";2;"m";737;7.05;7;105.285714285714;1.00714285714286
26;"6m";7;"Ind29";2;"test";1;"m";570;3.87;5;114;0.774
26;"6m";7;"Ind29";2;"test";2;"m";794;5.46;5;158.8;1.092
26;"6m";7;"Ind30";1;"test";1;"m";55;0;7;7.85714285714286;0
26;"6m";7;"Ind30";1;"test";2;"m";181;2.43;7;25.8571428571429;0.347142857142857
26;"6m";7;"Ind30";2;"test";1;"m";2041;10.2;5;408.2;2.04
26;"6m";7;"Ind30";2;"test";2;"m";73;0.33;5;14.6;0.066
27;"6m";8;"Ind25";1;"test";1;"m";23;0;6;3.83333333333333;0
27;"6m";8;"Ind25";1;"test";2;"m";131;1.59;6;21.8333333333333;0.265
27;"6m";8;"Ind25";2;"test";1;"m";2766;12.96;6;461;2.16
27;"6m";8;"Ind25";2;"test";2;"m";20;0.15;6;3.33333333333333;0.025
27;"6m";8;"Ind26";1;"test";2;"m";971;12.54;6;161.833333333333;2.09
27;"6m";8;"Ind26";2;"test";2;"m";803;5.94;6;133.833333333333;0.99
27;"6m";8;"Ind27";1;"test";1;"m";12;0;6;2;0
27;"6m";8;"Ind27";1;"test";2;"m";115;1.53;6;19.1666666666667;0.255
27;"6m";8;"Ind27";2;"test";1;"m";466;1.98;6;77.6666666666667;0.33
27;"6m";8;"Ind27";2;"test";2;"m";405;2.34;6;67.5;0.39
27;"6m";8;"Ind28";1;"test";1;"m";29;0;6;4.83333333333333;0
27;"6m";8;"Ind28";1;"test";2;"m";140;1.62;6;23.3333333333333;0.27
27;"6m";8;"Ind28";2;"test";1;"m";43;0.09;6;7.16666666666667;0.015
27;"6m";8;"Ind28";2;"test";2;"m";213;0.84;6;35.5;0.14
27;"6m";8;"Ind29";1;"test";1;"m";39;0;6;6.5;0
27;"6m";8;"Ind29";1;"test";2;"m";896;14.16;6;149.333333333333;2.36
27;"6m";8;"Ind29";2;"test";1;"m";75;0.21;6;12.5;0.035
27;"6m";8;"Ind29";2;"test";2;"m";745;7.32;6;124.166666666667;1.22
27;"6m";8;"Ind30";1;"test";1;"m";61;0;6;10.1666666666667;0
27;"6m";8;"Ind30";1;"test";2;"m";46;0.6;6;7.66666666666667;0.1
27;"6m";8;"Ind30";2;"test";1;"m";1389;7.32;6;231.5;1.22
27;"6m";8;"Ind30";2;"test";2;"m";220;2.7;6;36.6666666666667;0.45
28;"mixed2";-1;"Ind10";1;"train";1;"f";190;5.58;5.5;34.5454545454545;1.01454545454545
28;"mixed2";-1;"Ind10";1;"train";2;"f";3;0.09;5.5;0.545454545454545;0.0163636363636364
28;"mixed2";-1;"Ind10";2;"train";1;"f";403;10.83;6.5;62;1.66615384615385
28;"mixed2";-1;"Ind10";2;"train";2;"f";33;0.78;6.5;5.07692307692308;0.12
28;"mixed2";-1;"Ind11";1;"train";1;"f";116;3.48;5.5;21.0909090909091;0.632727272727273
28;"mixed2";-1;"Ind11";1;"train";2;"f";117;3.51;5.5;21.2727272727273;0.638181818181818
28;"mixed2";-1;"Ind11";2;"train";1;"f";231;6.36;6.5;35.5384615384615;0.978461538461538
28;"mixed2";-1;"Ind11";2;"train";2;"f";162;4.5;6.5;24.9230769230769;0.692307692307692
28;"mixed2";-1;"Ind12";1;"train";1;"f";116;3.42;5.5;21.0909090909091;0.621818181818182
28;"mixed2";-1;"Ind12";1;"train";2;"f";33;0.99;5.5;6;0.18
28;"mixed2";-1;"Ind12";2;"train";1;"f";290;8.04;6.5;44.6153846153846;1.23692307692308
28;"mixed2";-1;"Ind12";2;"train";2;"f";208;5.64;6.5;32;0.867692307692308
28;"mixed2";-1;"Ind8";1;"train";1;"m";56;1.65;5.5;10.1818181818182;0.3
28;"mixed2";-1;"Ind8";2;"train";1;"m";167;4.59;6.5;25.6923076923077;0.706153846153846
28;"mixed2";-1;"Ind8";2;"train";2;"m";176;4.83;6.5;27.0769230769231;0.743076923076923
28;"mixed2";-1;"Ind9";1;"train";1;"m";110;3.27;5.5;20;0.594545454545455
28;"mixed2";-1;"Ind9";1;"train";2;"m";27;0.81;5.5;4.90909090909091;0.147272727272727
28;"mixed2";-1;"Ind9";2;"train";1;"m";212;6;6.5;32.6153846153846;0.923076923076923
28;"mixed2";-1;"Ind9";2;"train";2;"m";115;3.33;6.5;17.6923076923077;0.512307692307692
29;"mixed2";0;"Ind10";1;"train";1;"f";305;8.34;6;50.8333333333333;1.39
29;"mixed2";0;"Ind10";1;"train";2;"f";84;2.25;6;14;0.375
29;"mixed2";0;"Ind10";2;"train";1;"f";177;4.92;6;29.5;0.82
29;"mixed2";0;"Ind10";2;"train";2;"f";95;2.64;6;15.8333333333333;0.44
29;"mixed2";0;"Ind11";1;"train";1;"f";119;3;6;19.8333333333333;0.5
29;"mixed2";0;"Ind11";1;"train";2;"f";229;5.64;6;38.1666666666667;0.94
29;"mixed2";0;"Ind11";2;"train";1;"f";53;1.47;6;8.83333333333333;0.245
29;"mixed2";0;"Ind11";2;"train";2;"f";240;6.87;6;40;1.145
29;"mixed2";0;"Ind12";1;"train";1;"f";140;3.78;6;23.3333333333333;0.63
29;"mixed2";0;"Ind12";1;"train";2;"f";160;4.23;6;26.6666666666667;0.705
29;"mixed2";0;"Ind12";2;"train";1;"f";92;2.55;6;15.3333333333333;0.425
29;"mixed2";0;"Ind12";2;"train";2;"f";286;7.92;6;47.6666666666667;1.32
29;"mixed2";0;"Ind7";1;"train";1;"m";62;1.65;6;10.3333333333333;0.275
29;"mixed2";0;"Ind7";1;"train";2;"m";164;4.5;6;27.3333333333333;0.75
29;"mixed2";0;"Ind7";2;"train";1;"m";248;7.14;6;41.3333333333333;1.19
29;"mixed2";0;"Ind7";2;"train";2;"m";346;9.66;6;57.6666666666667;1.61
29;"mixed2";0;"Ind8";1;"train";1;"m";254;6.93;6;42.3333333333333;1.155
29;"mixed2";0;"Ind8";1;"train";2;"m";206;5.58;6;34.3333333333333;0.93
29;"mixed2";0;"Ind8";2;"train";1;"m";230;6.42;6;38.3333333333333;1.07
29;"mixed2";0;"Ind8";2;"train";2;"m";303;8.46;6;50.5;1.41
29;"mixed2";0;"Ind9";1;"train";1;"m";255;6.99;6;42.5;1.165
29;"mixed2";0;"Ind9";1;"train";2;"m";157;4.41;6;26.1666666666667;0.735
29;"mixed2";0;"Ind9";2;"train";1;"m";182;5.13;6;30.3333333333333;0.855
29;"mixed2";0;"Ind9";2;"train";2;"m";283;8.22;6;47.1666666666667;1.37
30;"mixed2";1;"Ind10";1;"test";1;"f";1051;7.44;6;175.166666666667;1.24
30;"mixed2";1;"Ind10";1;"test";2;"f";57;0;6;9.5;0
30;"mixed2";1;"Ind10";2;"test";1;"f";445;1.92;6;74.1666666666667;0.32
30;"mixed2";1;"Ind10";2;"test";2;"f";1024;3.99;6;170.666666666667;0.665
30;"mixed2";1;"Ind11";1;"test";1;"f";815;5.43;6;135.833333333333;0.905
30;"mixed2";1;"Ind11";1;"test";2;"f";60;0;6;10;0
30;"mixed2";1;"Ind11";2;"test";1;"f";850;3.27;6;141.666666666667;0.545
30;"mixed2";1;"Ind11";2;"test";2;"f";1367;5.61;6;227.833333333333;0.935
30;"mixed2";1;"Ind12";1;"test";1;"f";1023;5.31;6;170.5;0.885
30;"mixed2";1;"Ind12";1;"test";2;"f";46;0;6;7.66666666666667;0
30;"mixed2";1;"Ind12";2;"test";1;"f";191;0.57;6;31.8333333333333;0.095
30;"mixed2";1;"Ind12";2;"test";2;"f";1453;5.28;6;242.166666666667;0.88
30;"mixed2";1;"Ind7";1;"test";1;"m";449;2.34;6;74.8333333333333;0.39
30;"mixed2";1;"Ind7";1;"test";2;"m";66;0;6;11;0
30;"mixed2";1;"Ind7";2;"test";1;"m";1379;5.13;6;229.833333333333;0.855
30;"mixed2";1;"Ind7";2;"test";2;"m";935;3;6;155.833333333333;0.5
30;"mixed2";1;"Ind8";1;"test";1;"m";1336;9.12;6;222.666666666667;1.52
30;"mixed2";1;"Ind8";1;"test";2;"m";68;0;6;11.3333333333333;0
30;"mixed2";1;"Ind8";2;"test";1;"m";2697;10.29;6;449.5;1.715
30;"mixed2";1;"Ind8";2;"test";2;"m";150;0.39;6;25;0.065
30;"mixed2";1;"Ind9";1;"test";1;"m";984;6.3;6;164;1.05
30;"mixed2";1;"Ind9";1;"test";2;"m";55;0;6;9.16666666666667;0
30;"mixed2";1;"Ind9";2;"test";1;"m";599;2.28;6;99.8333333333333;0.38
30;"mixed2";1;"Ind9";2;"test";2;"m";1243;4.71;6;207.166666666667;0.785
31;"mixed2";2;"Ind10";1;"test";1;"f";109;0;6;18.1666666666667;0
31;"mixed2";2;"Ind10";1;"test";2;"f";1235;5.64;6;205.833333333333;0.94
31;"mixed2";2;"Ind10";2;"test";1;"f";709;2.01;6;118.166666666667;0.335
31;"mixed2";2;"Ind10";2;"test";2;"f";1355;4.47;6;225.833333333333;0.745
31;"mixed2";2;"Ind11";1;"test";1;"f";92;0;6;15.3333333333333;0
31;"mixed2";2;"Ind11";1;"test";2;"f";2415;12.48;6;402.5;2.08
31;"mixed2";2;"Ind11";2;"test";1;"f";1538;5.49;6;256.333333333333;0.915
31;"mixed2";2;"Ind11";2;"test";2;"f";1465;4.68;6;244.166666666667;0.78
31;"mixed2";2;"Ind12";1;"test";1;"f";55;0;6;9.16666666666667;0
31;"mixed2";2;"Ind12";1;"test";2;"f";1254;5.16;6;209;0.86
31;"mixed2";2;"Ind12";2;"test";1;"f";1099;3.75;6;183.166666666667;0.625
31;"mixed2";2;"Ind12";2;"test";2;"f";1136;3.39;6;189.333333333333;0.565
31;"mixed2";2;"Ind7";1;"test";1;"m";101;0;6;16.8333333333333;0
31;"mixed2";2;"Ind7";1;"test";2;"m";861;3.69;6;143.5;0.615
31;"mixed2";2;"Ind7";2;"test";1;"m";1042;2.76;6;173.666666666667;0.46
31;"mixed2";2;"Ind7";2;"test";2;"m";1376;3.36;6;229.333333333333;0.56
31;"mixed2";2;"Ind8";1;"test";1;"m";82;0;6;13.6666666666667;0
31;"mixed2";2;"Ind8";1;"test";2;"m";2464;11.97;6;410.666666666667;1.995
31;"mixed2";2;"Ind8";2;"test";1;"m";1758;6.63;6;293;1.105
31;"mixed2";2;"Ind8";2;"test";2;"m";1505;5.16;6;250.833333333333;0.86
31;"mixed2";2;"Ind9";1;"test";1;"m";44;0;6;7.33333333333333;0
31;"mixed2";2;"Ind9";1;"test";2;"m";854;5.52;6;142.333333333333;0.92
31;"mixed2";2;"Ind9";2;"test";1;"m";568;1.89;6;94.6666666666667;0.315
31;"mixed2";2;"Ind9";2;"test";2;"m";873;2.7;6;145.5;0.45
32;"mixed2";3;"Ind10";1;"test";1;"f";88;0;6;14.6666666666667;0
32;"mixed2";3;"Ind10";1;"test";2;"f";1389;7.62;6;231.5;1.27
32;"mixed2";3;"Ind10";2;"test";1;"f";1167;4.11;6;194.5;0.685
32;"mixed2";3;"Ind10";2;"test";2;"f";1312;4.2;6;218.666666666667;0.7
32;"mixed2";3;"Ind11";1;"test";1;"f";100;0;6;16.6666666666667;0
32;"mixed2";3;"Ind11";1;"test";2;"f";2114;10.29;6;352.333333333333;1.715
32;"mixed2";3;"Ind11";2;"test";1;"f";1510;4.56;6;251.666666666667;0.76
32;"mixed2";3;"Ind11";2;"test";2;"f";1781;5.13;6;296.833333333333;0.855
32;"mixed2";3;"Ind12";1;"test";1;"f";73;0;6;12.1666666666667;0
32;"mixed2";3;"Ind12";1;"test";2;"f";1465;6.6;6;244.166666666667;1.1
32;"mixed2";3;"Ind12";2;"test";1;"f";1258;3.87;6;209.666666666667;0.645
32;"mixed2";3;"Ind12";2;"test";2;"f";1047;2.85;6;174.5;0.475
32;"mixed2";3;"Ind7";1;"test";1;"m";98;0;6;16.3333333333333;0
32;"mixed2";3;"Ind7";1;"test";2;"m";886;4.23;6;147.666666666667;0.705
32;"mixed2";3;"Ind7";2;"test";1;"m";1506;4.53;6;251;0.755
32;"mixed2";3;"Ind7";2;"test";2;"m";1005;2.58;6;167.5;0.43
32;"mixed2";3;"Ind8";1;"test";1;"m";111;0;6;18.5;0
32;"mixed2";3;"Ind8";1;"test";2;"m";2203;14.19;6;367.166666666667;2.365
32;"mixed2";3;"Ind8";2;"test";1;"m";1495;4.92;6;249.166666666667;0.82
32;"mixed2";3;"Ind8";2;"test";2;"m";1669;5.37;6;278.166666666667;0.895
32;"mixed2";3;"Ind9";1;"test";1;"m";89;0;6;14.8333333333333;0
32;"mixed2";3;"Ind9";1;"test";2;"m";193;0.96;6;32.1666666666667;0.16
32;"mixed2";3;"Ind9";2;"test";1;"m";615;1.8;6;102.5;0.3
32;"mixed2";3;"Ind9";2;"test";2;"m";1465;4.11;6;244.166666666667;0.685
33;"mixed2";4;"Ind10";1;"test";1;"f";808;4.98;6;134.666666666667;0.83
33;"mixed2";4;"Ind10";1;"test";2;"f";117;0;6;19.5;0
33;"mixed2";4;"Ind10";2;"test";1;"f";994;3.42;6;165.666666666667;0.57
33;"mixed2";4;"Ind10";2;"test";2;"f";1438;5.43;6;239.666666666667;0.905
33;"mixed2";4;"Ind11";1;"test";1;"f";2149;12.51;6;358.166666666667;2.085
33;"mixed2";4;"Ind11";1;"test";2;"f";113;0;6;18.8333333333333;0
33;"mixed2";4;"Ind11";2;"test";1;"f";1759;5.43;6;293.166666666667;0.905
33;"mixed2";4;"Ind11";2;"test";2;"f";989;2.85;6;164.833333333333;0.475
33;"mixed2";4;"Ind12";1;"test";1;"f";866;4.77;6;144.333333333333;0.795
33;"mixed2";4;"Ind12";1;"test";2;"f";53;0;6;8.83333333333333;0
33;"mixed2";4;"Ind12";2;"test";1;"f";1163;3.06;6;193.833333333333;0.51
33;"mixed2";4;"Ind12";2;"test";2;"f";816;2.43;6;136;0.405
33;"mixed2";4;"Ind7";1;"test";1;"m";954;5.4;6;159;0.9
33;"mixed2";4;"Ind7";1;"test";2;"m";130;0;6;21.6666666666667;0
33;"mixed2";4;"Ind7";2;"test";1;"m";1726;5.91;6;287.666666666667;0.985
33;"mixed2";4;"Ind7";2;"test";2;"m";1248;4.23;6;208;0.705
33;"mixed2";4;"Ind8";1;"test";1;"m";2210;13.95;6;368.333333333333;2.325
33;"mixed2";4;"Ind8";1;"test";2;"m";61;0;6;10.1666666666667;0
33;"mixed2";4;"Ind8";2;"test";1;"m";1454;4.26;6;242.333333333333;0.71
33;"mixed2";4;"Ind8";2;"test";2;"m";1554;5.22;6;259;0.87
33;"mixed2";4;"Ind9";1;"test";1;"m";388;1.89;6;64.6666666666667;0.315
33;"mixed2";4;"Ind9";1;"test";2;"m";42;0;6;7;0
33;"mixed2";4;"Ind9";2;"test";1;"m";919;2.19;6;153.166666666667;0.365
33;"mixed2";4;"Ind9";2;"test";2;"m";1119;3.57;6;186.5;0.595
34;"mixed2";5;"Ind10";1;"test";1;"f";732;4.74;6;122;0.79
34;"mixed2";5;"Ind10";1;"test";2;"f";89;0;6;14.8333333333333;0
34;"mixed2";5;"Ind10";2;"test";1;"f";652;2.01;6;108.666666666667;0.335
34;"mixed2";5;"Ind10";2;"test";2;"f";1943;7.11;6;323.833333333333;1.185
34;"mixed2";5;"Ind11";1;"test";1;"f";2507;13.23;6;417.833333333333;2.205
34;"mixed2";5;"Ind11";1;"test";2;"f";66;0;6;11;0
34;"mixed2";5;"Ind11";2;"test";1;"f";1696;4.74;6;282.666666666667;0.79
34;"mixed2";5;"Ind11";2;"test";2;"f";1459;4.59;6;243.166666666667;0.765
34;"mixed2";5;"Ind12";1;"test";1;"f";764;4.47;6;127.333333333333;0.745
34;"mixed2";5;"Ind12";1;"test";2;"f";33;0;6;5.5;0
34;"mixed2";5;"Ind12";2;"test";1;"f";891;2.85;6;148.5;0.475
34;"mixed2";5;"Ind12";2;"test";2;"f";630;1.77;6;105;0.295
34;"mixed2";5;"Ind7";1;"test";1;"m";1121;5.97;6;186.833333333333;0.995
34;"mixed2";5;"Ind7";1;"test";2;"m";74;0;6;12.3333333333333;0
34;"mixed2";5;"Ind7";2;"test";1;"m";2091;7.44;6;348.5;1.24
34;"mixed2";5;"Ind7";2;"test";2;"m";845;3.63;6;140.833333333333;0.605
34;"mixed2";5;"Ind8";1;"test";1;"m";2381;14.01;6;396.833333333333;2.335
34;"mixed2";5;"Ind8";1;"test";2;"m";52;0;6;8.66666666666667;0
34;"mixed2";5;"Ind8";2;"test";1;"m";1614;4.29;6;269;0.715
34;"mixed2";5;"Ind8";2;"test";2;"m";1278;4.02;6;213;0.67
34;"mixed2";5;"Ind9";1;"test";1;"m";376;1.56;6;62.6666666666667;0.26
34;"mixed2";5;"Ind9";1;"test";2;"m";20;0;6;3.33333333333333;0
34;"mixed2";5;"Ind9";2;"test";1;"m";1106;3;6;184.333333333333;0.5
34;"mixed2";5;"Ind9";2;"test";2;"m";887;2.76;6;147.833333333333;0.46
35;"mixed2";6;"Ind10";1;"test";1;"f";107;0;6;17.8333333333333;0
35;"mixed2";6;"Ind10";1;"test";2;"f";1067;6.33;6;177.833333333333;1.055
35;"mixed2";6;"Ind10";2;"test";1;"f";1773;4.95;6;295.5;0.825
35;"mixed2";6;"Ind10";2;"test";2;"f";1122;3.84;6;187;0.64
35;"mixed2";6;"Ind11";1;"test";1;"f";62;0;6;10.3333333333333;0
35;"mixed2";6;"Ind11";1;"test";2;"f";2492;15.54;6;415.333333333333;2.59
35;"mixed2";6;"Ind11";2;"test";1;"f";1573;4.71;6;262.166666666667;0.785
35;"mixed2";6;"Ind11";2;"test";2;"f";2144;6.69;6;357.333333333333;1.115
35;"mixed2";6;"Ind12";1;"test";1;"f";39;0;6;6.5;0
35;"mixed2";6;"Ind12";1;"test";2;"f";574;3.24;6;95.6666666666667;0.54
35;"mixed2";6;"Ind12";2;"test";1;"f";961;2.73;6;160.166666666667;0.455
35;"mixed2";6;"Ind12";2;"test";2;"f";938;2.85;6;156.333333333333;0.475
35;"mixed2";6;"Ind7";1;"test";1;"m";90;0;6;15;0
35;"mixed2";6;"Ind7";1;"test";2;"m";849;3.87;6;141.5;0.645
35;"mixed2";6;"Ind7";2;"test";1;"m";2119;6.66;6;353.166666666667;1.11
35;"mixed2";6;"Ind7";2;"test";2;"m";1194;3.57;6;199;0.595
35;"mixed2";6;"Ind8";1;"test";1;"m";34;0;6;5.66666666666667;0
35;"mixed2";6;"Ind8";1;"test";2;"m";2098;13.2;6;349.666666666667;2.2
35;"mixed2";6;"Ind8";2;"test";1;"m";1178;3.27;6;196.333333333333;0.545
35;"mixed2";6;"Ind8";2;"test";2;"m";1530;4.65;6;255;0.775
35;"mixed2";6;"Ind9";1;"test";1;"m";18;0;6;3;0
35;"mixed2";6;"Ind9";1;"test";2;"m";318;1.5;6;53;0.25
35;"mixed2";6;"Ind9";2;"test";1;"m";1012;2.16;6;168.666666666667;0.36
35;"mixed2";6;"Ind9";2;"test";2;"m";1011;2.76;6;168.5;0.46
36;"mixed2";7;"Ind10";1;"test";1;"f";872;5.67;6;145.333333333333;0.945
36;"mixed2";7;"Ind10";1;"test";2;"f";79;0;6;13.1666666666667;0
36;"mixed2";7;"Ind10";2;"test";1;"f";1739;5.67;6;289.833333333333;0.945
36;"mixed2";7;"Ind10";2;"test";2;"f";1492;6.39;6;248.666666666667;1.065
36;"mixed2";7;"Ind11";1;"test";1;"f";2183;13.98;6;363.833333333333;2.33
36;"mixed2";7;"Ind11";1;"test";2;"f";89;0;6;14.8333333333333;0
36;"mixed2";7;"Ind11";2;"test";1;"f";1329;4.92;6;221.5;0.82
36;"mixed2";7;"Ind11";2;"test";2;"f";1327;4.86;6;221.166666666667;0.81
36;"mixed2";7;"Ind12";1;"test";1;"f";715;4.89;6;119.166666666667;0.815
36;"mixed2";7;"Ind12";1;"test";2;"f";18;0;6;3;0
36;"mixed2";7;"Ind12";2;"test";1;"f";740;2.46;6;123.333333333333;0.41
36;"mixed2";7;"Ind12";2;"test";2;"f";601;1.8;6;100.166666666667;0.3
36;"mixed2";7;"Ind7";1;"test";1;"m";922;5.16;6;153.666666666667;0.86
36;"mixed2";7;"Ind7";1;"test";2;"m";76;0;6;12.6666666666667;0
36;"mixed2";7;"Ind7";2;"test";1;"m";1560;5.46;6;260;0.91
36;"mixed2";7;"Ind7";2;"test";2;"m";1259;4.86;6;209.833333333333;0.81
36;"mixed2";7;"Ind8";1;"test";1;"m";1864;12.03;6;310.666666666667;2.005
36;"mixed2";7;"Ind8";1;"test";2;"m";24;0;6;4;0
36;"mixed2";7;"Ind8";2;"test";1;"m";1182;3.51;6;197;0.585
36;"mixed2";7;"Ind8";2;"test";2;"m";930;3.21;6;155;0.535
36;"mixed2";7;"Ind9";1;"test";1;"m";424;1.8;6;70.6666666666667;0.3
36;"mixed2";7;"Ind9";1;"test";2;"m";11;0;6;1.83333333333333;0
36;"mixed2";7;"Ind9";2;"test";1;"m";781;1.98;6;130.166666666667;0.33
36;"mixed2";7;"Ind9";2;"test";2;"m";817;2.61;6;136.166666666667;0.435
37;"mixed2";8;"Ind10";1;"test";1;"f";1108;6.51;6;184.666666666667;1.085
37;"mixed2";8;"Ind10";1;"test";2;"f";75;0;6;12.5;0
37;"mixed2";8;"Ind10";2;"test";1;"f";1570;5.25;6;261.666666666667;0.875
37;"mixed2";8;"Ind10";2;"test";2;"f";1054;5.13;6;175.666666666667;0.855
37;"mixed2";8;"Ind11";1;"test";1;"f";2025;13.44;6;337.5;2.24
37;"mixed2";8;"Ind11";1;"test";2;"f";106;0;6;17.6666666666667;0
37;"mixed2";8;"Ind11";2;"test";1;"f";914;3.21;6;152.333333333333;0.535
37;"mixed2";8;"Ind11";2;"test";2;"f";1654;7.08;6;275.666666666667;1.18
37;"mixed2";8;"Ind12";1;"test";1;"f";1051;5.22;6;175.166666666667;0.87
37;"mixed2";8;"Ind12";1;"test";2;"f";14;0;6;2.33333333333333;0
37;"mixed2";8;"Ind12";2;"test";1;"f";1004;3.06;6;167.333333333333;0.51
37;"mixed2";8;"Ind12";2;"test";2;"f";563;1.8;6;93.8333333333333;0.3
37;"mixed2";8;"Ind7";1;"test";1;"m";1064;5.55;6;177.333333333333;0.925
37;"mixed2";8;"Ind7";1;"test";2;"m";47;0;6;7.83333333333333;0
37;"mixed2";8;"Ind7";2;"test";1;"m";1575;5.4;6;262.5;0.9
37;"mixed2";8;"Ind7";2;"test";2;"m";944;3.33;6;157.333333333333;0.555
37;"mixed2";8;"Ind8";1;"test";1;"m";1839;12;6;306.5;2
37;"mixed2";8;"Ind8";1;"test";2;"m";24;0;6;4;0
37;"mixed2";8;"Ind8";2;"test";1;"m";1223;3.72;6;203.833333333333;0.62
37;"mixed2";8;"Ind8";2;"test";2;"m";971;3.6;6;161.833333333333;0.6
37;"mixed2";8;"Ind9";1;"test";1;"m";353;1.47;6;58.8333333333333;0.245
37;"mixed2";8;"Ind9";1;"test";2;"m";9;0;6;1.5;0
37;"mixed2";8;"Ind9";2;"test";1;"m";1153;3.45;6;192.166666666667;0.575
37;"mixed2";8;"Ind9";2;"test";2;"m";713;2.22;6;118.833333333333;0.37
38;"mixed2";9;"Ind10";1;"test";1;"f";1048;7.02;6;174.666666666667;1.17
38;"mixed2";9;"Ind10";1;"test";2;"f";50;0;6;8.33333333333333;0
38;"mixed2";9;"Ind10";2;"test";1;"f";1218;3.75;6;203;0.625
38;"mixed2";9;"Ind10";2;"test";2;"f";985;5.67;6;164.166666666667;0.945
38;"mixed2";9;"Ind11";1;"test";1;"f";2183;13.38;6;363.833333333333;2.23
38;"mixed2";9;"Ind11";1;"test";2;"f";68;0;6;11.3333333333333;0
38;"mixed2";9;"Ind11";2;"test";1;"f";842;3.09;6;140.333333333333;0.515
38;"mixed2";9;"Ind11";2;"test";2;"f";1823;7.68;6;303.833333333333;1.28
38;"mixed2";9;"Ind12";1;"test";1;"f";1153;5.61;6;192.166666666667;0.935
38;"mixed2";9;"Ind12";1;"test";2;"f";22;0;6;3.66666666666667;0
38;"mixed2";9;"Ind12";2;"test";1;"f";1371;3.9;6;228.5;0.65
38;"mixed2";9;"Ind12";2;"test";2;"f";796;2.4;6;132.666666666667;0.4
38;"mixed2";9;"Ind7";1;"test";1;"m";591;3.45;6;98.5;0.575
38;"mixed2";9;"Ind7";1;"test";2;"m";81;0;6;13.5;0
38;"mixed2";9;"Ind7";2;"test";1;"m";1697;6.96;6;282.833333333333;1.16
38;"mixed2";9;"Ind7";2;"test";2;"m";609;2.13;6;101.5;0.355
38;"mixed2";9;"Ind8";1;"test";1;"m";1828;11.73;6;304.666666666667;1.955
38;"mixed2";9;"Ind8";1;"test";2;"m";18;0;6;3;0
38;"mixed2";9;"Ind8";2;"test";1;"m";1032;3.12;6;172;0.52
38;"mixed2";9;"Ind8";2;"test";2;"m";922;4.11;6;153.666666666667;0.685
38;"mixed2";9;"Ind9";1;"test";1;"m";484;2.31;6;80.6666666666667;0.385
38;"mixed2";9;"Ind9";1;"test";2;"m";12;0;6;2;0
38;"mixed2";9;"Ind9";2;"test";1;"m";1197;3.42;6;199.5;0.57
38;"mixed2";9;"Ind9";2;"test";2;"m";352;1.29;6;58.6666666666667;0.215
39;"mixed3";0;"Ind13";1;"train";1;"m";89;2.49;5.6;15.8928571428571;0.444642857142857
39;"mixed3";0;"Ind13";2;"train";1;"m";384;10.65;6.4;60;1.6640625
39;"mixed3";0;"Ind13";2;"train";2;"m";22;0.63;6.4;3.4375;0.0984375
39;"mixed3";0;"Ind14";1;"train";1;"m";182;4.71;5.6;32.5;0.841071428571429
39;"mixed3";0;"Ind14";1;"train";2;"m";27;0.6;5.6;4.82142857142857;0.107142857142857
39;"mixed3";0;"Ind14";2;"train";1;"m";301;8.49;6.4;47.03125;1.3265625
39;"mixed3";0;"Ind14";2;"train";2;"m";90;2.31;6.4;14.0625;0.3609375
39;"mixed3";0;"Ind15";1;"train";1;"f";31;0.9;5.6;5.53571428571429;0.160714285714286
39;"mixed3";0;"Ind15";1;"train";2;"f";402;11.64;5.6;71.7857142857143;2.07857142857143
39;"mixed3";0;"Ind15";2;"train";1;"f";265;7.68;6.4;41.40625;1.2
39;"mixed3";0;"Ind15";2;"train";2;"f";245;7.11;6.4;38.28125;1.1109375
39;"mixed3";0;"Ind16";1;"train";1;"m";71;1.95;5.6;12.6785714285714;0.348214285714286
39;"mixed3";0;"Ind16";1;"train";2;"m";73;1.62;5.6;13.0357142857143;0.289285714285714
39;"mixed3";0;"Ind16";2;"train";1;"m";259;7.11;6.4;40.46875;1.1109375
39;"mixed3";0;"Ind16";2;"train";2;"m";196;5.1;6.4;30.625;0.796875
39;"mixed3";0;"Ind17";2;"train";1;"f";123;3.54;6.4;19.21875;0.553125
39;"mixed3";0;"Ind17";2;"train";2;"f";244;6.66;6.4;38.125;1.040625
39;"mixed3";0;"Ind18";1;"train";1;"f";147;4.14;5.6;26.25;0.739285714285714
39;"mixed3";0;"Ind18";1;"train";2;"f";77;2.31;5.6;13.75;0.4125
39;"mixed3";0;"Ind18";2;"train";1;"f";418;12.3;6.4;65.3125;1.921875
39;"mixed3";0;"Ind18";2;"train";2;"f";7;0.21;6.4;1.09375;0.0328125
40;"mixed3";1;"Ind13";1;"test";1;"m";1061;5.64;6;176.833333333333;0.94
40;"mixed3";1;"Ind13";1;"test";2;"m";46;0;6;7.66666666666667;0
40;"mixed3";1;"Ind13";2;"test";1;"m";1159;3.75;6;193.166666666667;0.625
40;"mixed3";1;"Ind13";2;"test";2;"m";1151;4.5;6;191.833333333333;0.75
40;"mixed3";1;"Ind14";1;"test";1;"m";1314;6.42;6;219;1.07
40;"mixed3";1;"Ind14";1;"test";2;"m";68;0;6;11.3333333333333;0
40;"mixed3";1;"Ind14";2;"test";1;"m";1143;3.99;6;190.5;0.665
40;"mixed3";1;"Ind14";2;"test";2;"m";1308;5.94;6;218;0.99
40;"mixed3";1;"Ind15";1;"test";1;"f";1241;9;6;206.833333333333;1.5
40;"mixed3";1;"Ind15";1;"test";2;"f";58;0;6;9.66666666666667;0
40;"mixed3";1;"Ind15";2;"test";1;"f";756;2.49;6;126;0.415
40;"mixed3";1;"Ind15";2;"test";2;"f";824;3.6;6;137.333333333333;0.6
40;"mixed3";1;"Ind16";1;"test";1;"m";1087;6.57;6;181.166666666667;1.095
40;"mixed3";1;"Ind16";1;"test";2;"m";83;0;6;13.8333333333333;0
40;"mixed3";1;"Ind16";2;"test";1;"m";1114;4.62;6;185.666666666667;0.77
40;"mixed3";1;"Ind16";2;"test";2;"m";521;2.1;6;86.8333333333333;0.35
40;"mixed3";1;"Ind17";1;"test";1;"f";449;3.54;6;74.8333333333333;0.59
40;"mixed3";1;"Ind17";1;"test";2;"f";38;0;6;6.33333333333333;0
40;"mixed3";1;"Ind17";2;"test";1;"f";1222;3.9;6;203.666666666667;0.65
40;"mixed3";1;"Ind17";2;"test";2;"f";1230;4.38;6;205;0.73
40;"mixed3";1;"Ind18";1;"test";1;"f";1339;7.02;6;223.166666666667;1.17
40;"mixed3";1;"Ind18";1;"test";2;"f";25;0;6;4.16666666666667;0
40;"mixed3";1;"Ind18";2;"test";1;"f";1494;4.41;6;249;0.735
40;"mixed3";1;"Ind18";2;"test";2;"f";517;1.53;6;86.1666666666667;0.255
41;"mixed3";2;"Ind13";1;"test";1;"m";46;0;6;7.66666666666667;0
41;"mixed3";2;"Ind13";1;"test";2;"m";1441;5.82;6;240.166666666667;0.97
41;"mixed3";2;"Ind13";2;"test";1;"m";1290;4.23;6;215;0.705
41;"mixed3";2;"Ind13";2;"test";2;"m";1283;3.93;6;213.833333333333;0.655
41;"mixed3";2;"Ind14";1;"test";1;"m";117;0;6;19.5;0
41;"mixed3";2;"Ind14";1;"test";2;"m";1711;7.62;6;285.166666666667;1.27
41;"mixed3";2;"Ind14";2;"test";1;"m";1606;7.38;6;267.666666666667;1.23
41;"mixed3";2;"Ind14";2;"test";2;"m";1011;3.99;6;168.5;0.665
41;"mixed3";2;"Ind15";1;"test";1;"f";99;0;6;16.5;0
41;"mixed3";2;"Ind15";1;"test";2;"f";2234;9.96;6;372.333333333333;1.66
41;"mixed3";2;"Ind15";2;"test";1;"f";957;3.18;6;159.5;0.53
41;"mixed3";2;"Ind15";2;"test";2;"f";974;3.6;6;162.333333333333;0.6
41;"mixed3";2;"Ind16";1;"test";1;"m";51;0;6;8.5;0
41;"mixed3";2;"Ind16";1;"test";2;"m";1109;5.22;6;184.833333333333;0.87
41;"mixed3";2;"Ind16";2;"test";1;"m";595;2.01;6;99.1666666666667;0.335
41;"mixed3";2;"Ind16";2;"test";2;"m";918;3.24;6;153;0.54
41;"mixed3";2;"Ind17";1;"test";1;"f";38;0;6;6.33333333333333;0
41;"mixed3";2;"Ind17";1;"test";2;"f";2146;10.05;6;357.666666666667;1.675
41;"mixed3";2;"Ind17";2;"test";1;"f";725;2.37;6;120.833333333333;0.395
41;"mixed3";2;"Ind17";2;"test";2;"f";1685;6.06;6;280.833333333333;1.01
41;"mixed3";2;"Ind18";1;"test";1;"f";68;0;6;11.3333333333333;0
41;"mixed3";2;"Ind18";1;"test";2;"f";1793;6.42;6;298.833333333333;1.07
41;"mixed3";2;"Ind18";2;"test";1;"f";1635;4.65;6;272.5;0.775
41;"mixed3";2;"Ind18";2;"test";2;"f";1225;3.27;6;204.166666666667;0.545
42;"mixed3";3;"Ind13";1;"test";1;"m";47;0;6;7.83333333333333;0
42;"mixed3";3;"Ind13";1;"test";2;"m";3192;10.89;6;532;1.815
42;"mixed3";3;"Ind13";2;"test";1;"m";389;2.07;6;64.8333333333333;0.345
42;"mixed3";3;"Ind13";2;"test";2;"m";2085;4.35;6;347.5;0.725
42;"mixed3";3;"Ind14";1;"test";1;"m";70;0;6;11.6666666666667;0
42;"mixed3";3;"Ind14";1;"test";2;"m";2183;11.58;6;363.833333333333;1.93
42;"mixed3";3;"Ind14";2;"test";1;"m";8;0;6;1.33333333333333;0
42;"mixed3";3;"Ind14";2;"test";2;"m";2630;8.43;6;438.333333333333;1.405
42;"mixed3";3;"Ind15";1;"test";1;"f";74;0;6;12.3333333333333;0
42;"mixed3";3;"Ind15";1;"test";2;"f";2210;8.97;6;368.333333333333;1.495
42;"mixed3";3;"Ind15";2;"test";1;"f";423;1.92;6;70.5;0.32
42;"mixed3";3;"Ind15";2;"test";2;"f";1927;5.25;6;321.166666666667;0.875
42;"mixed3";3;"Ind16";1;"test";1;"m";35;0;6;5.83333333333333;0
42;"mixed3";3;"Ind16";1;"test";2;"m";890;3.48;6;148.333333333333;0.58
42;"mixed3";3;"Ind16";2;"test";1;"m";2033;14.22;6;338.833333333333;2.37
42;"mixed3";3;"Ind16";2;"test";2;"m";39;0.03;6;6.5;0.005
42;"mixed3";3;"Ind17";1;"test";1;"f";41;0;6;6.83333333333333;0
42;"mixed3";3;"Ind17";1;"test";2;"f";1544;5.37;6;257.333333333333;0.895
42;"mixed3";3;"Ind17";2;"test";1;"f";664;3.3;6;110.666666666667;0.55
42;"mixed3";3;"Ind17";2;"test";2;"f";826;2.43;6;137.666666666667;0.405
42;"mixed3";3;"Ind18";1;"test";1;"f";26;0;6;4.33333333333333;0
42;"mixed3";3;"Ind18";1;"test";2;"f";1989;6.72;6;331.5;1.12
42;"mixed3";3;"Ind18";2;"test";1;"f";116;0.18;6;19.3333333333333;0.03
42;"mixed3";3;"Ind18";2;"test";2;"f";2003;3.96;6;333.833333333333;0.66
43;"mixed3";4;"Ind13";1;"test";1;"m";2327;10.29;6;387.833333333333;1.715
43;"mixed3";4;"Ind13";1;"test";2;"m";84;0;6;14;0
43;"mixed3";4;"Ind13";2;"test";1;"m";1378;3.63;6;229.666666666667;0.605
43;"mixed3";4;"Ind13";2;"test";2;"m";1983;5.97;6;330.5;0.995
43;"mixed3";4;"Ind14";1;"test";1;"m";2077;11.58;6;346.166666666667;1.93
43;"mixed3";4;"Ind14";1;"test";2;"m";73;0;6;12.1666666666667;0
43;"mixed3";4;"Ind14";2;"test";1;"m";1730;5.04;6;288.333333333333;0.84
43;"mixed3";4;"Ind14";2;"test";2;"m";592;1.59;6;98.6666666666667;0.265
43;"mixed3";4;"Ind15";1;"test";1;"f";1328;6.84;6;221.333333333333;1.14
43;"mixed3";4;"Ind15";1;"test";2;"f";139;0;6;23.1666666666667;0
43;"mixed3";4;"Ind15";2;"test";1;"f";1590;4.17;6;265;0.695
43;"mixed3";4;"Ind15";2;"test";2;"f";1836;5.79;6;306;0.965
43;"mixed3";4;"Ind16";1;"test";1;"m";708;6.45;6;118;1.075
43;"mixed3";4;"Ind16";1;"test";2;"m";8;0;6;1.33333333333333;0
43;"mixed3";4;"Ind16";2;"test";1;"m";1309;3.6;6;218.166666666667;0.6
43;"mixed3";4;"Ind16";2;"test";2;"m";714;2.13;6;119;0.355
43;"mixed3";4;"Ind17";1;"test";1;"f";532;3.15;6;88.6666666666667;0.525
43;"mixed3";4;"Ind17";1;"test";2;"f";69;0;6;11.5;0
43;"mixed3";4;"Ind17";2;"test";1;"f";1145;3.54;6;190.833333333333;0.59
43;"mixed3";4;"Ind17";2;"test";2;"f";1325;4.17;6;220.833333333333;0.695
43;"mixed3";4;"Ind18";1;"test";1;"f";1046;4.35;6;174.333333333333;0.725
43;"mixed3";4;"Ind18";1;"test";2;"f";50;0;6;8.33333333333333;0
43;"mixed3";4;"Ind18";2;"test";1;"f";1655;4.47;6;275.833333333333;0.745
43;"mixed3";4;"Ind18";2;"test";2;"f";1398;4.35;6;233;0.725
44;"mixed3";5;"Ind13";1;"test";1;"m";2628;9.09;6;438;1.515
44;"mixed3";5;"Ind13";1;"test";2;"m";33;0;6;5.5;0
44;"mixed3";5;"Ind13";2;"test";1;"m";872;2.04;6;145.333333333333;0.34
44;"mixed3";5;"Ind13";2;"test";2;"m";1672;6.42;6;278.666666666667;1.07
44;"mixed3";5;"Ind14";1;"test";1;"m";2770;14.91;6;461.666666666667;2.485
44;"mixed3";5;"Ind14";1;"test";2;"m";38;0;6;6.33333333333333;0
44;"mixed3";5;"Ind14";2;"test";1;"m";2129;5.76;6;354.833333333333;0.96
44;"mixed3";5;"Ind14";2;"test";2;"m";631;2.04;6;105.166666666667;0.34
44;"mixed3";5;"Ind15";1;"test";1;"f";1908;7.56;6;318;1.26
44;"mixed3";5;"Ind15";1;"test";2;"f";125;0;6;20.8333333333333;0
44;"mixed3";5;"Ind15";2;"test";1;"f";1271;2.67;6;211.833333333333;0.445
44;"mixed3";5;"Ind15";2;"test";2;"f";1737;5.43;6;289.5;0.905
44;"mixed3";5;"Ind16";1;"test";1;"m";1226;4.68;6;204.333333333333;0.78
44;"mixed3";5;"Ind16";1;"test";2;"m";40;0;6;6.66666666666667;0
44;"mixed3";5;"Ind16";2;"test";1;"m";1230;3.75;6;205;0.625
44;"mixed3";5;"Ind16";2;"test";2;"m";988;4.32;6;164.666666666667;0.72
44;"mixed3";5;"Ind17";1;"test";1;"f";929;2.91;6;154.833333333333;0.485
44;"mixed3";5;"Ind17";1;"test";2;"f";35;0;6;5.83333333333333;0
44;"mixed3";5;"Ind17";2;"test";1;"f";1646;4.68;6;274.333333333333;0.78
44;"mixed3";5;"Ind17";2;"test";2;"f";639;1.62;6;106.5;0.27
44;"mixed3";5;"Ind18";1;"test";1;"f";2010;6.87;6;335;1.145
44;"mixed3";5;"Ind18";1;"test";2;"f";30;0;6;5;0
44;"mixed3";5;"Ind18";2;"test";1;"f";1965;5.64;6;327.5;0.94
44;"mixed3";5;"Ind18";2;"test";2;"f";1189;3.63;6;198.166666666667;0.605
45;"mixed3";6;"Ind13";1;"test";1;"m";29;0;6;4.83333333333333;0
45;"mixed3";6;"Ind13";1;"test";2;"m";3189;11.7;6;531.5;1.95
45;"mixed3";6;"Ind13";2;"test";1;"m";865;3.33;6;144.166666666667;0.555
45;"mixed3";6;"Ind13";2;"test";2;"m";1274;4.14;6;212.333333333333;0.69
45;"mixed3";6;"Ind14";1;"test";1;"m";71;0;6;11.8333333333333;0
45;"mixed3";6;"Ind14";1;"test";2;"m";2502;13.44;6;417;2.24
45;"mixed3";6;"Ind14";2;"test";1;"m";660;2.76;6;110;0.46
45;"mixed3";6;"Ind14";2;"test";2;"m";649;2.04;6;108.166666666667;0.34
45;"mixed3";6;"Ind15";1;"test";1;"f";91;0;6;15.1666666666667;0
45;"mixed3";6;"Ind15";1;"test";2;"f";1911;7.5;6;318.5;1.25
45;"mixed3";6;"Ind15";2;"test";1;"f";620;2.22;6;103.333333333333;0.37
45;"mixed3";6;"Ind15";2;"test";2;"f";1705;5.01;6;284.166666666667;0.835
45;"mixed3";6;"Ind16";1;"test";1;"m";109;0;6;18.1666666666667;0
45;"mixed3";6;"Ind16";1;"test";2;"m";428;1.23;6;71.3333333333333;0.205
45;"mixed3";6;"Ind16";2;"test";1;"m";1571;7.38;6;261.833333333333;1.23
45;"mixed3";6;"Ind16";2;"test";2;"m";1587;6.93;6;264.5;1.155
45;"mixed3";6;"Ind17";1;"test";1;"f";19;0;6;3.16666666666667;0
45;"mixed3";6;"Ind17";1;"test";2;"f";1342;4.95;6;223.666666666667;0.825
45;"mixed3";6;"Ind17";2;"test";1;"f";1026;3.84;6;171;0.64
45;"mixed3";6;"Ind17";2;"test";2;"f";790;2.64;6;131.666666666667;0.44
45;"mixed3";6;"Ind18";1;"test";1;"f";12;0;6;2;0
45;"mixed3";6;"Ind18";1;"test";2;"f";2238;7.62;6;373;1.27
45;"mixed3";6;"Ind18";2;"test";1;"f";862;3.39;6;143.666666666667;0.565
45;"mixed3";6;"Ind18";2;"test";2;"f";1118;3;6;186.333333333333;0.5
46;"mixed3";7;"Ind13";1;"test";1;"m";1556;9.57;6;259.333333333333;1.595
46;"mixed3";7;"Ind13";1;"test";2;"m";41;0;6;6.83333333333333;0
46;"mixed3";7;"Ind13";2;"test";1;"m";1060;2.4;6;176.666666666667;0.4
46;"mixed3";7;"Ind13";2;"test";2;"m";1428;4.2;6;238;0.7
46;"mixed3";7;"Ind14";1;"test";1;"m";352;2.25;6;58.6666666666667;0.375
46;"mixed3";7;"Ind14";1;"test";2;"m";70;0;6;11.6666666666667;0
46;"mixed3";7;"Ind14";2;"test";1;"m";511;1.2;6;85.1666666666667;0.2
46;"mixed3";7;"Ind14";2;"test";2;"m";1283;3.99;6;213.833333333333;0.665
46;"mixed3";7;"Ind15";1;"test";1;"f";1577;8.58;6;262.833333333333;1.43
46;"mixed3";7;"Ind15";1;"test";2;"f";51;0;6;8.5;0
46;"mixed3";7;"Ind15";2;"test";1;"f";1641;5.13;6;273.5;0.855
46;"mixed3";7;"Ind15";2;"test";2;"f";1750;4.92;6;291.666666666667;0.82
46;"mixed3";7;"Ind16";1;"test";1;"m";1945;15;6;324.166666666667;2.5
46;"mixed3";7;"Ind16";1;"test";2;"m";28;0;6;4.66666666666667;0
46;"mixed3";7;"Ind16";2;"test";1;"m";1439;5.28;6;239.833333333333;0.88
46;"mixed3";7;"Ind16";2;"test";2;"m";980;3.93;6;163.333333333333;0.655
46;"mixed3";7;"Ind17";1;"test";1;"f";609;2.88;6;101.5;0.48
46;"mixed3";7;"Ind17";1;"test";2;"f";35;0;6;5.83333333333333;0
46;"mixed3";7;"Ind17";2;"test";1;"f";2093;6.18;6;348.833333333333;1.03
46;"mixed3";7;"Ind17";2;"test";2;"f";1239;3.96;6;206.5;0.66
46;"mixed3";7;"Ind18";1;"test";1;"f";1107;4.65;6;184.5;0.775
46;"mixed3";7;"Ind18";1;"test";2;"f";27;0;6;4.5;0
46;"mixed3";7;"Ind18";2;"test";1;"f";1522;3.93;6;253.666666666667;0.655
46;"mixed3";7;"Ind18";2;"test";2;"f";1222;3;6;203.666666666667;0.5
47;"mixed3";8;"Ind13";1;"test";1;"m";2342;9.33;6;390.333333333333;1.555
47;"mixed3";8;"Ind13";1;"test";2;"m";30;0;6;5;0
47;"mixed3";8;"Ind13";2;"test";1;"m";1173;3.15;6;195.5;0.525
47;"mixed3";8;"Ind13";2;"test";2;"m";2029;6.54;6;338.166666666667;1.09
47;"mixed3";8;"Ind14";1;"test";1;"m";2566;17.16;6;427.666666666667;2.86
47;"mixed3";8;"Ind14";1;"test";2;"m";53;0;6;8.83333333333333;0
47;"mixed3";8;"Ind14";2;"test";1;"m";1293;3.87;6;215.5;0.645
47;"mixed3";8;"Ind14";2;"test";2;"m";1282;5.34;6;213.666666666667;0.89
47;"mixed3";8;"Ind15";1;"test";1;"f";2020;7.83;6;336.666666666667;1.305
47;"mixed3";8;"Ind15";1;"test";2;"f";37;0;6;6.16666666666667;0
47;"mixed3";8;"Ind15";2;"test";1;"f";1933;5.43;6;322.166666666667;0.905
47;"mixed3";8;"Ind15";2;"test";2;"f";1411;4.32;6;235.166666666667;0.72
47;"mixed3";8;"Ind16";1;"test";1;"m";393;1.53;6;65.5;0.255
47;"mixed3";8;"Ind16";1;"test";2;"m";27;0;6;4.5;0
47;"mixed3";8;"Ind16";2;"test";1;"m";459;1.47;6;76.5;0.245
47;"mixed3";8;"Ind16";2;"test";2;"m";379;1.68;6;63.1666666666667;0.28
47;"mixed3";8;"Ind17";1;"test";1;"f";1334;5.4;6;222.333333333333;0.9
47;"mixed3";8;"Ind17";1;"test";2;"f";32;0;6;5.33333333333333;0
47;"mixed3";8;"Ind17";2;"test";1;"f";1871;5.22;6;311.833333333333;0.87
47;"mixed3";8;"Ind17";2;"test";2;"f";974;2.91;6;162.333333333333;0.485
47;"mixed3";8;"Ind18";1;"test";1;"f";1523;5.34;6;253.833333333333;0.89
47;"mixed3";8;"Ind18";1;"test";2;"f";14;0;6;2.33333333333333;0
47;"mixed3";8;"Ind18";2;"test";1;"f";1665;5.28;6;277.5;0.88
47;"mixed3";8;"Ind18";2;"test";2;"f";899;2.88;6;149.833333333333;0.48
48;"mixed3";9;"Ind13";1;"test";1;"m";16;0;6;2.66666666666667;0
48;"mixed3";9;"Ind13";1;"test";2;"m";2105;9.12;6;350.833333333333;1.52
48;"mixed3";9;"Ind14";1;"test";1;"m";51;0;6;8.5;0
48;"mixed3";9;"Ind14";1;"test";2;"m";2144;14.04;6;357.333333333333;2.34
48;"mixed3";9;"Ind15";1;"test";1;"f";27;0;6;4.5;0
48;"mixed3";9;"Ind15";1;"test";2;"f";1319;6.75;6;219.833333333333;1.125
48;"mixed3";9;"Ind16";1;"test";1;"m";53;0;6;8.83333333333333;0
48;"mixed3";9;"Ind16";1;"test";2;"m";78;0.21;6;13;0.035
48;"mixed3";9;"Ind17";1;"test";1;"f";30;0;6;5;0
48;"mixed3";9;"Ind17";1;"test";2;"f";485;1.8;6;80.8333333333333;0.3
48;"mixed3";9;"Ind18";1;"test";1;"f";12;0;6;2;0
48;"mixed3";9;"Ind18";1;"test";2;"f";853;3.93;6;142.166666666667;0.655
49;"mixed4";-2;"Ind19";2;"train";2;"f";346;10.05;7.3;47.3972602739726;1.37671232876712
49;"mixed4";-2;"Ind20";2;"train";1;"f";18;0.54;7.3;2.46575342465753;0.073972602739726
49;"mixed4";-2;"Ind20";2;"train";2;"f";271;7.8;7.3;37.1232876712329;1.06849315068493
49;"mixed4";-2;"Ind21";2;"train";2;"m";1;0.03;7.3;0.136986301369863;0.00410958904109589
49;"mixed4";-2;"Ind23";2;"train";1;"f";16;0.45;7.3;2.19178082191781;0.0616438356164384
49;"mixed4";-2;"Ind23";2;"train";2;"f";312;8.88;7.3;42.7397260273973;1.21643835616438
49;"mixed4";-2;"Ind24";2;"train";1;"m";177;5.1;7.3;24.2465753424658;0.698630136986301
50;"mixed4";-1;"Ind19";1;"train";1;"f";187;5.58;4.4;42.5;1.26818181818182
50;"mixed4";-1;"Ind19";1;"train";2;"f";107;3.15;4.4;24.3181818181818;0.715909090909091
50;"mixed4";-1;"Ind19";2;"train";1;"f";666;18.75;7.6;87.6315789473684;2.46710526315789
50;"mixed4";-1;"Ind19";2;"train";2;"f";48;1.2;7.6;6.31578947368421;0.157894736842105
50;"mixed4";-1;"Ind20";1;"train";1;"f";72;2.16;4.4;16.3636363636364;0.490909090909091
50;"mixed4";-1;"Ind20";1;"train";2;"f";77;2.31;4.4;17.5;0.525
50;"mixed4";-1;"Ind20";2;"train";1;"f";591;16.71;7.6;77.7631578947368;2.19868421052632
50;"mixed4";-1;"Ind20";2;"train";2;"f";123;3.18;7.6;16.1842105263158;0.418421052631579
50;"mixed4";-1;"Ind21";2;"train";1;"m";70;1.92;7.6;9.21052631578947;0.252631578947368
50;"mixed4";-1;"Ind22";2;"train";1;"m";175;5.22;7.6;23.0263157894737;0.686842105263158
50;"mixed4";-1;"Ind22";2;"train";2;"m";55;1.59;7.6;7.23684210526316;0.209210526315789
50;"mixed4";-1;"Ind23";1;"train";1;"f";53;1.59;4.4;12.0454545454545;0.361363636363636
50;"mixed4";-1;"Ind23";1;"train";2;"f";107;3.18;4.4;24.3181818181818;0.722727272727273
50;"mixed4";-1;"Ind23";2;"train";1;"f";341;9.72;7.6;44.8684210526316;1.27894736842105
50;"mixed4";-1;"Ind23";2;"train";2;"f";304;8.46;7.6;40;1.11315789473684
50;"mixed4";-1;"Ind24";1;"train";1;"m";31;0.93;4.4;7.04545454545454;0.211363636363636
50;"mixed4";-1;"Ind24";2;"train";1;"m";526;15.33;7.6;69.2105263157895;2.01710526315789
50;"mixed4";-1;"Ind24";2;"train";2;"m";1;0.03;7.6;0.131578947368421;0.00394736842105263
51;"mixed4";0;"Ind19";1;"train";1;"f";536;15.18;5.9;90.8474576271186;2.5728813559322
51;"mixed4";0;"Ind19";1;"train";2;"f";9;0.27;5.9;1.52542372881356;0.0457627118644068
51;"mixed4";0;"Ind19";2;"train";1;"f";549;15.09;6.1;90;2.47377049180328
51;"mixed4";0;"Ind19";2;"train";2;"f";31;0.6;6.1;5.08196721311475;0.0983606557377049
51;"mixed4";0;"Ind20";1;"train";1;"f";351;9.81;5.9;59.4915254237288;1.66271186440678
51;"mixed4";0;"Ind20";1;"train";2;"f";16;0.39;5.9;2.71186440677966;0.0661016949152542
51;"mixed4";0;"Ind20";2;"train";1;"f";440;12.54;6.1;72.1311475409836;2.05573770491803
51;"mixed4";0;"Ind20";2;"train";2;"f";48;1.14;6.1;7.86885245901639;0.186885245901639
51;"mixed4";0;"Ind21";1;"train";1;"m";332;9.51;5.9;56.271186440678;1.61186440677966
51;"mixed4";0;"Ind21";1;"train";2;"m";19;0.57;5.9;3.22033898305085;0.0966101694915254
51;"mixed4";0;"Ind21";2;"train";1;"m";292;7.68;6.1;47.8688524590164;1.25901639344262
51;"mixed4";0;"Ind21";2;"train";2;"m";8;0.18;6.1;1.31147540983607;0.0295081967213115
51;"mixed4";0;"Ind22";1;"train";1;"m";215;5.97;5.9;36.4406779661017;1.01186440677966
51;"mixed4";0;"Ind22";1;"train";2;"m";110;3;5.9;18.6440677966102;0.508474576271186
51;"mixed4";0;"Ind22";2;"train";1;"m";256;6.9;6.1;41.9672131147541;1.13114754098361
51;"mixed4";0;"Ind22";2;"train";2;"m";133;3.42;6.1;21.8032786885246;0.560655737704918
51;"mixed4";0;"Ind23";1;"train";1;"f";181;5.25;5.9;30.6779661016949;0.889830508474576
51;"mixed4";0;"Ind23";1;"train";2;"f";221;6.36;5.9;37.4576271186441;1.07796610169492
51;"mixed4";0;"Ind23";2;"train";1;"f";283;7.89;6.1;46.3934426229508;1.29344262295082
51;"mixed4";0;"Ind23";2;"train";2;"f";262;6.99;6.1;42.9508196721312;1.14590163934426
51;"mixed4";0;"Ind24";1;"train";1;"m";152;4.41;5.9;25.7627118644068;0.747457627118644
51;"mixed4";0;"Ind24";2;"train";1;"m";484;13.86;6.1;79.344262295082;2.27213114754098
51;"mixed4";0;"Ind24";2;"train";2;"m";1;0;6.1;0.163934426229508;0
52;"mixed4";1;"Ind19";1;"test";1;"f";1758;8.49;6;293;1.415
52;"mixed4";1;"Ind19";1;"test";2;"f";71;0;6;11.8333333333333;0
52;"mixed4";1;"Ind19";2;"test";1;"f";1442;4.8;6;240.333333333333;0.8
52;"mixed4";1;"Ind19";2;"test";2;"f";1252;4.29;6;208.666666666667;0.715
52;"mixed4";1;"Ind20";1;"test";1;"f";2324;9.45;6;387.333333333333;1.575
52;"mixed4";1;"Ind20";1;"test";2;"f";60;0;6;10;0
52;"mixed4";1;"Ind20";2;"test";1;"f";750;2.52;6;125;0.42
52;"mixed4";1;"Ind20";2;"test";2;"f";2497;9.51;6;416.166666666667;1.585
52;"mixed4";1;"Ind21";1;"test";1;"m";1073;4.17;6;178.833333333333;0.695
52;"mixed4";1;"Ind21";1;"test";2;"m";42;0;6;7;0
52;"mixed4";1;"Ind21";2;"test";1;"m";644;2.01;6;107.333333333333;0.335
52;"mixed4";1;"Ind21";2;"test";2;"m";743;1.86;6;123.833333333333;0.31
52;"mixed4";1;"Ind22";1;"test";1;"m";2278;12.21;6;379.666666666667;2.035
52;"mixed4";1;"Ind22";1;"test";2;"m";53;0;6;8.83333333333333;0
52;"mixed4";1;"Ind22";2;"test";1;"m";2282;8.25;6;380.333333333333;1.375
52;"mixed4";1;"Ind22";2;"test";2;"m";239;0.45;6;39.8333333333333;0.075
52;"mixed4";1;"Ind23";1;"test";1;"f";1294;5.16;6;215.666666666667;0.86
52;"mixed4";1;"Ind23";1;"test";2;"f";109;0;6;18.1666666666667;0
52;"mixed4";1;"Ind23";2;"test";1;"f";865;2.46;6;144.166666666667;0.41
52;"mixed4";1;"Ind23";2;"test";2;"f";1420;4.11;6;236.666666666667;0.685
52;"mixed4";1;"Ind24";1;"test";1;"m";929;2.73;6;154.833333333333;0.455
52;"mixed4";1;"Ind24";1;"test";2;"m";50;0;6;8.33333333333333;0
52;"mixed4";1;"Ind24";2;"test";1;"m";1155;3.54;6;192.5;0.59
52;"mixed4";1;"Ind24";2;"test";2;"m";1063;3.3;6;177.166666666667;0.55
53;"mixed4";2;"Ind19";1;"test";1;"f";124;0;6;20.6666666666667;0
53;"mixed4";2;"Ind19";1;"test";2;"f";1616;7.11;6;269.333333333333;1.185
53;"mixed4";2;"Ind19";2;"test";1;"f";1212;4.68;6;202;0.78
53;"mixed4";2;"Ind19";2;"test";2;"f";1296;4.74;6;216;0.79
53;"mixed4";2;"Ind20";1;"test";1;"f";49;0;6;8.16666666666667;0
53;"mixed4";2;"Ind20";1;"test";2;"f";2133;10.35;6;355.5;1.725
53;"mixed4";2;"Ind20";2;"test";1;"f";1639;6.69;6;273.166666666667;1.115
53;"mixed4";2;"Ind20";2;"test";2;"f";1758;6.54;6;293;1.09
53;"mixed4";2;"Ind21";1;"test";1;"m";68;0;6;11.3333333333333;0
53;"mixed4";2;"Ind21";1;"test";2;"m";364;2.01;6;60.6666666666667;0.335
53;"mixed4";2;"Ind21";2;"test";1;"m";731;1.74;6;121.833333333333;0.29
53;"mixed4";2;"Ind21";2;"test";2;"m";147;0.3;6;24.5;0.05
53;"mixed4";2;"Ind22";1;"test";1;"m";96;0;6;16;0
53;"mixed4";2;"Ind22";1;"test";2;"m";2285;13.56;6;380.833333333333;2.26
53;"mixed4";2;"Ind22";2;"test";1;"m";822;2.4;6;137;0.4
53;"mixed4";2;"Ind22";2;"test";2;"m";1630;5.55;6;271.666666666667;0.925
53;"mixed4";2;"Ind23";1;"test";1;"f";53;0;6;8.83333333333333;0
53;"mixed4";2;"Ind23";1;"test";2;"f";1549;7.53;6;258.166666666667;1.255
53;"mixed4";2;"Ind23";2;"test";1;"f";948;3.45;6;158;0.575
53;"mixed4";2;"Ind23";2;"test";2;"f";1193;4.02;6;198.833333333333;0.67
53;"mixed4";2;"Ind24";1;"test";1;"m";78;0;6;13;0
53;"mixed4";2;"Ind24";1;"test";2;"m";823;3.39;6;137.166666666667;0.565
53;"mixed4";2;"Ind24";2;"test";1;"m";1342;4.56;6;223.666666666667;0.76
53;"mixed4";2;"Ind24";2;"test";2;"m";815;2.67;6;135.833333333333;0.445
54;"mixed4";3;"Ind19";1;"test";1;"f";54;0;6;9;0
54;"mixed4";3;"Ind19";1;"test";2;"f";1597;8.37;6;266.166666666667;1.395
54;"mixed4";3;"Ind19";2;"test";1;"f";1021;4.23;6;170.166666666667;0.705
54;"mixed4";3;"Ind19";2;"test";2;"f";1397;5.1;6;232.833333333333;0.85
54;"mixed4";3;"Ind20";1;"test";1;"f";51;0;6;8.5;0
54;"mixed4";3;"Ind20";1;"test";2;"f";2364;11.61;6;394;1.935
54;"mixed4";3;"Ind20";2;"test";1;"f";1390;5.28;6;231.666666666667;0.88
54;"mixed4";3;"Ind20";2;"test";2;"f";2099;7.53;6;349.833333333333;1.255
54;"mixed4";3;"Ind21";1;"test";1;"m";62;0;6;10.3333333333333;0
54;"mixed4";3;"Ind21";1;"test";2;"m";230;1.2;6;38.3333333333333;0.2
54;"mixed4";3;"Ind21";2;"test";1;"m";621;1.38;6;103.5;0.23
54;"mixed4";3;"Ind21";2;"test";2;"m";629;1.47;6;104.833333333333;0.245
54;"mixed4";3;"Ind22";1;"test";1;"m";55;0;6;9.16666666666667;0
54;"mixed4";3;"Ind22";1;"test";2;"m";2086;13.35;6;347.666666666667;2.225
54;"mixed4";3;"Ind22";2;"test";1;"m";1441;5.58;6;240.166666666667;0.93
54;"mixed4";3;"Ind22";2;"test";2;"m";907;2.73;6;151.166666666667;0.455
54;"mixed4";3;"Ind23";1;"test";1;"f";43;0;6;7.16666666666667;0
54;"mixed4";3;"Ind23";1;"test";2;"f";1118;6.06;6;186.333333333333;1.01
54;"mixed4";3;"Ind23";2;"test";1;"f";772;3.21;6;128.666666666667;0.535
54;"mixed4";3;"Ind23";2;"test";2;"f";1123;3.48;6;187.166666666667;0.58
54;"mixed4";3;"Ind24";1;"test";1;"m";43;0;6;7.16666666666667;0
54;"mixed4";3;"Ind24";1;"test";2;"m";717;3.81;6;119.5;0.635
54;"mixed4";3;"Ind24";2;"test";1;"m";671;3.03;6;111.833333333333;0.505
54;"mixed4";3;"Ind24";2;"test";2;"m";1208;3.75;6;201.333333333333;0.625
55;"mixed4";4;"Ind19";1;"test";1;"f";1695;9.69;6;282.5;1.615
55;"mixed4";4;"Ind19";1;"test";2;"f";39;0;6;6.5;0
55;"mixed4";4;"Ind19";2;"test";1;"f";1275;4.62;6;212.5;0.77
55;"mixed4";4;"Ind19";2;"test";2;"f";1043;4.62;6;173.833333333333;0.77
55;"mixed4";4;"Ind20";1;"test";1;"f";2196;10.92;6;366;1.82
55;"mixed4";4;"Ind20";1;"test";2;"f";70;0;6;11.6666666666667;0
55;"mixed4";4;"Ind20";2;"test";1;"f";1525;5.1;6;254.166666666667;0.85
55;"mixed4";4;"Ind20";2;"test";2;"f";1951;7.68;6;325.166666666667;1.28
55;"mixed4";4;"Ind21";1;"test";1;"m";305;1.29;6;50.8333333333333;0.215
55;"mixed4";4;"Ind21";1;"test";2;"m";33;0;6;5.5;0
55;"mixed4";4;"Ind21";2;"test";1;"m";882;2.67;6;147;0.445
55;"mixed4";4;"Ind21";2;"test";2;"m";643;1.83;6;107.166666666667;0.305
55;"mixed4";4;"Ind22";1;"test";1;"m";1990;13.47;6;331.666666666667;2.245
55;"mixed4";4;"Ind22";1;"test";2;"m";60;0;6;10;0
55;"mixed4";4;"Ind22";2;"test";1;"m";836;2.43;6;139.333333333333;0.405
55;"mixed4";4;"Ind22";2;"test";2;"m";957;3.39;6;159.5;0.565
55;"mixed4";4;"Ind23";1;"test";1;"f";1058;5.58;6;176.333333333333;0.93
55;"mixed4";4;"Ind23";1;"test";2;"f";63;0;6;10.5;0
55;"mixed4";4;"Ind23";2;"test";1;"f";1372;5.04;6;228.666666666667;0.84
55;"mixed4";4;"Ind23";2;"test";2;"f";716;2.76;6;119.333333333333;0.46
55;"mixed4";4;"Ind24";1;"test";1;"m";495;2.1;6;82.5;0.35
55;"mixed4";4;"Ind24";1;"test";2;"m";49;0;6;8.16666666666667;0
55;"mixed4";4;"Ind24";2;"test";1;"m";1169;3.99;6;194.833333333333;0.665
55;"mixed4";4;"Ind24";2;"test";2;"m";1007;3.42;6;167.833333333333;0.57
56;"mixed4";5;"Ind19";1;"test";1;"f";1958;11.16;6;326.333333333333;1.86
56;"mixed4";5;"Ind19";1;"test";2;"f";29;0;6;4.83333333333333;0
56;"mixed4";5;"Ind19";2;"test";1;"f";1630;6.39;6;271.666666666667;1.065
56;"mixed4";5;"Ind19";2;"test";2;"f";605;2.43;6;100.833333333333;0.405
56;"mixed4";5;"Ind20";1;"test";1;"f";2161;9.96;6;360.166666666667;1.66
56;"mixed4";5;"Ind20";1;"test";2;"f";82;0;6;13.6666666666667;0
56;"mixed4";5;"Ind20";2;"test";1;"f";1262;4.38;6;210.333333333333;0.73
56;"mixed4";5;"Ind20";2;"test";2;"f";1851;8.19;6;308.5;1.365
56;"mixed4";5;"Ind21";1;"test";1;"m";224;1.2;6;37.3333333333333;0.2
56;"mixed4";5;"Ind21";1;"test";2;"m";47;0;6;7.83333333333333;0
56;"mixed4";5;"Ind21";2;"test";1;"m";1587;3.96;6;264.5;0.66
56;"mixed4";5;"Ind21";2;"test";2;"m";1112;3.03;6;185.333333333333;0.505
56;"mixed4";5;"Ind22";1;"test";1;"m";2273;14.1;6;378.833333333333;2.35
56;"mixed4";5;"Ind22";1;"test";2;"m";50;0;6;8.33333333333333;0
56;"mixed4";5;"Ind22";2;"test";1;"m";1094;3.63;6;182.333333333333;0.605
56;"mixed4";5;"Ind22";2;"test";2;"m";838;2.61;6;139.666666666667;0.435
56;"mixed4";5;"Ind23";1;"test";1;"f";1193;5.25;6;198.833333333333;0.875
56;"mixed4";5;"Ind23";1;"test";2;"f";43;0;6;7.16666666666667;0
56;"mixed4";5;"Ind23";2;"test";1;"f";904;2.88;6;150.666666666667;0.48
56;"mixed4";5;"Ind23";2;"test";2;"f";847;3.33;6;141.166666666667;0.555
56;"mixed4";5;"Ind24";1;"test";1;"m";574;2.22;6;95.6666666666667;0.37
56;"mixed4";5;"Ind24";1;"test";2;"m";28;0;6;4.66666666666667;0
56;"mixed4";5;"Ind24";2;"test";1;"m";830;2.64;6;138.333333333333;0.44
56;"mixed4";5;"Ind24";2;"test";2;"m";847;3.66;6;141.166666666667;0.61
57;"mixed4";6;"Ind19";1;"test";1;"f";18;0;6;3;0
57;"mixed4";6;"Ind19";1;"test";2;"f";1839;8.79;6;306.5;1.465
57;"mixed4";6;"Ind19";2;"test";1;"f";742;2.58;6;123.666666666667;0.43
57;"mixed4";6;"Ind19";2;"test";2;"f";1494;6.42;6;249;1.07
57;"mixed4";6;"Ind20";1;"test";1;"f";40;0;6;6.66666666666667;0
57;"mixed4";6;"Ind20";1;"test";2;"f";2419;13.44;6;403.166666666667;2.24
57;"mixed4";6;"Ind20";2;"test";1;"f";1654;7.44;6;275.666666666667;1.24
57;"mixed4";6;"Ind20";2;"test";2;"f";1419;5.79;6;236.5;0.965
57;"mixed4";6;"Ind21";1;"test";1;"m";25;0;6;4.16666666666667;0
57;"mixed4";6;"Ind21";1;"test";2;"m";165;0.87;6;27.5;0.145
57;"mixed4";6;"Ind21";2;"test";1;"m";938;3;6;156.333333333333;0.5
57;"mixed4";6;"Ind21";2;"test";2;"m";1359;3.66;6;226.5;0.61
57;"mixed4";6;"Ind22";1;"test";1;"m";52;0;6;8.66666666666667;0
57;"mixed4";6;"Ind22";1;"test";2;"m";2403;13.5;6;400.5;2.25
57;"mixed4";6;"Ind22";2;"test";1;"m";806;3.6;6;134.333333333333;0.6
57;"mixed4";6;"Ind22";2;"test";2;"m";664;2.04;6;110.666666666667;0.34
57;"mixed4";6;"Ind23";1;"test";1;"f";42;0;6;7;0
57;"mixed4";6;"Ind23";1;"test";2;"f";1520;8.01;6;253.333333333333;1.335
57;"mixed4";6;"Ind23";2;"test";1;"f";789;3.72;6;131.5;0.62
57;"mixed4";6;"Ind23";2;"test";2;"f";914;3.3;6;152.333333333333;0.55
57;"mixed4";6;"Ind24";1;"test";1;"m";33;0;6;5.5;0
57;"mixed4";6;"Ind24";1;"test";2;"m";227;0.87;6;37.8333333333333;0.145
57;"mixed4";6;"Ind24";2;"test";1;"m";719;2.52;6;119.833333333333;0.42
57;"mixed4";6;"Ind24";2;"test";2;"m";815;2.7;6;135.833333333333;0.45
58;"mixed4";7;"Ind19";1;"test";1;"f";1926;10.89;6;321;1.815
58;"mixed4";7;"Ind19";1;"test";2;"f";24;0;6;4;0
58;"mixed4";7;"Ind19";2;"test";1;"f";1382;4.65;6;230.333333333333;0.775
58;"mixed4";7;"Ind19";2;"test";2;"f";715;2.7;6;119.166666666667;0.45
58;"mixed4";7;"Ind20";1;"test";1;"f";2356;12.78;6;392.666666666667;2.13
58;"mixed4";7;"Ind20";1;"test";2;"f";41;0;6;6.83333333333333;0
58;"mixed4";7;"Ind20";2;"test";1;"f";1713;6.87;6;285.5;1.145
58;"mixed4";7;"Ind20";2;"test";2;"f";1509;6.9;6;251.5;1.15
58;"mixed4";7;"Ind21";1;"test";1;"m";81;0.18;6;13.5;0.03
58;"mixed4";7;"Ind21";1;"test";2;"m";24;0;6;4;0
58;"mixed4";7;"Ind21";2;"test";1;"m";1156;2.94;6;192.666666666667;0.49
58;"mixed4";7;"Ind21";2;"test";2;"m";963;2.76;6;160.5;0.46
58;"mixed4";7;"Ind22";1;"test";1;"m";2227;13.56;6;371.166666666667;2.26
58;"mixed4";7;"Ind22";1;"test";2;"m";51;0;6;8.5;0
58;"mixed4";7;"Ind22";2;"test";1;"m";728;2.43;6;121.333333333333;0.405
58;"mixed4";7;"Ind22";2;"test";2;"m";782;4.02;6;130.333333333333;0.67
58;"mixed4";7;"Ind23";1;"test";1;"f";1406;6.18;6;234.333333333333;1.03
58;"mixed4";7;"Ind23";1;"test";2;"f";56;0;6;9.33333333333333;0
58;"mixed4";7;"Ind23";2;"test";1;"f";678;2.52;6;113;0.42
58;"mixed4";7;"Ind23";2;"test";2;"f";1115;5.28;6;185.833333333333;0.88
58;"mixed4";7;"Ind24";1;"test";1;"m";470;2.31;6;78.3333333333333;0.385
58;"mixed4";7;"Ind24";1;"test";2;"m";39;0;6;6.5;0
58;"mixed4";7;"Ind24";2;"test";1;"m";1201;4.35;6;200.166666666667;0.725
58;"mixed4";7;"Ind24";2;"test";2;"m";508;1.5;6;84.6666666666667;0.25
59;"mixed4";8;"Ind19";1;"test";1;"f";1912;9.66;6;318.666666666667;1.61
59;"mixed4";8;"Ind19";1;"test";2;"f";19;0;6;3.16666666666667;0
59;"mixed4";8;"Ind19";2;"test";1;"f";1245;4.71;6;207.5;0.785
59;"mixed4";8;"Ind19";2;"test";2;"f";1085;4.23;6;180.833333333333;0.705
59;"mixed4";8;"Ind20";1;"test";1;"f";2512;13.35;6;418.666666666667;2.225
59;"mixed4";8;"Ind20";1;"test";2;"f";31;0;6;5.16666666666667;0
59;"mixed4";8;"Ind20";2;"test";1;"f";1773;5.79;6;295.5;0.965
59;"mixed4";8;"Ind20";2;"test";2;"f";1692;6.51;6;282;1.085
59;"mixed4";8;"Ind21";1;"test";1;"m";127;0.54;6;21.1666666666667;0.09
59;"mixed4";8;"Ind21";1;"test";2;"m";32;0;6;5.33333333333333;0
59;"mixed4";8;"Ind21";2;"test";1;"m";1044;3.39;6;174;0.565
59;"mixed4";8;"Ind21";2;"test";2;"m";1079;3.57;6;179.833333333333;0.595
59;"mixed4";8;"Ind22";1;"test";1;"m";2225;13.02;6;370.833333333333;2.17
59;"mixed4";8;"Ind22";1;"test";2;"m";47;0;6;7.83333333333333;0
59;"mixed4";8;"Ind22";2;"test";1;"m";874;3.03;6;145.666666666667;0.505
59;"mixed4";8;"Ind22";2;"test";2;"m";873;3.39;6;145.5;0.565
59;"mixed4";8;"Ind23";1;"test";1;"f";1195;5.64;6;199.166666666667;0.94
59;"mixed4";8;"Ind23";1;"test";2;"f";52;0;6;8.66666666666667;0
59;"mixed4";8;"Ind23";2;"test";1;"f";977;3.42;6;162.833333333333;0.57
59;"mixed4";8;"Ind23";2;"test";2;"f";1060;4.17;6;176.666666666667;0.695
59;"mixed4";8;"Ind24";1;"test";1;"m";638;2.67;6;106.333333333333;0.445
59;"mixed4";8;"Ind24";1;"test";2;"m";9;0;6;1.5;0
59;"mixed4";8;"Ind24";2;"test";1;"m";1210;3.81;6;201.666666666667;0.635
59;"mixed4";8;"Ind24";2;"test";2;"m";493;1.8;6;82.1666666666667;0.3
60;"mixed4";9;"Ind19";1;"test";1;"f";16;0;6;2.66666666666667;0
60;"mixed4";9;"Ind19";1;"test";2;"f";1900;10.2;6;316.666666666667;1.7
60;"mixed4";9;"Ind19";2;"test";1;"f";878;3.78;6;146.333333333333;0.63
60;"mixed4";9;"Ind19";2;"test";2;"f";1351;4.56;6;225.166666666667;0.76
60;"mixed4";9;"Ind20";1;"test";1;"f";29;0;6;4.83333333333333;0
60;"mixed4";9;"Ind20";1;"test";2;"f";2195;11.7;6;365.833333333333;1.95
60;"mixed4";9;"Ind20";2;"test";1;"f";1167;5.16;6;194.5;0.86
60;"mixed4";9;"Ind20";2;"test";2;"f";1960;8.4;6;326.666666666667;1.4
60;"mixed4";9;"Ind21";1;"test";1;"m";12;0;6;2;0
60;"mixed4";9;"Ind21";1;"test";2;"m";75;0.42;6;12.5;0.07
60;"mixed4";9;"Ind21";2;"test";1;"m";1191;3.87;6;198.5;0.645
60;"mixed4";9;"Ind21";2;"test";2;"m";922;2.16;6;153.666666666667;0.36
60;"mixed4";9;"Ind22";1;"test";1;"m";56;0;6;9.33333333333333;0
60;"mixed4";9;"Ind22";1;"test";2;"m";1832;13.35;6;305.333333333333;2.225
60;"mixed4";9;"Ind22";2;"test";1;"m";1347;5.73;6;224.5;0.955
60;"mixed4";9;"Ind22";2;"test";2;"m";606;2.1;6;101;0.35
60;"mixed4";9;"Ind23";1;"test";1;"f";42;0;6;7;0
60;"mixed4";9;"Ind23";1;"test";2;"f";1538;7.68;6;256.333333333333;1.28
60;"mixed4";9;"Ind23";2;"test";1;"f";711;2.34;6;118.5;0.39
60;"mixed4";9;"Ind23";2;"test";2;"f";1127;3.87;6;187.833333333333;0.645
60;"mixed4";9;"Ind24";1;"test";1;"m";18;0;6;3;0
60;"mixed4";9;"Ind24";1;"test";2;"m";251;1.05;6;41.8333333333333;0.175
60;"mixed4";9;"Ind24";2;"test";1;"m";688;2.37;6;114.666666666667;0.395
60;"mixed4";9;"Ind24";2;"test";2;"m";908;3;6;151.333333333333;0.5
