day;cohort_day;IdLabel;IdRFID;weight;cohort;cage;discard;cond;loc;prob;rewarding
1;1;Ind1;0417691CE9;8.57;1;1;0;train;3;0.5;1
1;1;Ind1;0417691CE9;8.57;1;1;0;train;8;0.5;1
1;1;Ind2;0416ECE6E6;8.232;1;1;0;train;12;0.5;1
1;1;Ind2;0416ECE6E6;8.232;1;1;0;train;6;0.5;1
1;1;Ind3;0416D4CAA5;7.978;1;1;0;train;2;0.5;1
1;1;Ind3;0416D4CAA5;7.978;1;1;0;train;9;0.5;1
1;1;Ind4;0416D4DC74;8.25;1;1;0;train;11;0.5;1
1;1;Ind4;0416D4DC74;8.25;1;1;0;train;4;0.5;1
1;1;Ind5;0416ECE147;9.182;1;1;0;train;1;0.5;1
1;1;Ind5;0416ECE147;9.182;1;1;0;train;7;0.5;1
1;1;Ind6;041768F309;9.113;1;1;0;train;10;0.5;1
1;1;Ind6;041768F309;9.113;1;1;0;train;5;0.5;1
1;1;Ind7;0416D4F295;7.871;1;1;0;train;9;0.5;1
1;1;Ind7;0416D4F295;7.871;1;1;0;train;3;0.5;1
1;1;Ind8;041769339B;9.471;1;1;0;train;5;0.5;1
1;1;Ind8;041769339B;9.471;1;1;0;train;12;0.5;1
1;1;Ind9;04176922C9;9.416;1;1;0;train;7;0.5;1
1;1;Ind9;04176922C9;9.416;1;1;0;train;2;0.5;1
1;1;Ind10;04162DD332;8.085;1;1;0;train;4;0.5;1
1;1;Ind10;04162DD332;8.085;1;1;0;train;10;0.5;1
1;1;Ind11;0417692BD1;NA;1;1;0;train;8;0.5;1
1;1;Ind11;0417692BD1;NA;1;1;0;train;1;0.5;1
1;1;Ind12;0416D4EEC0;8.512;1;1;0;train;6;0.5;1
1;1;Ind12;0416D4EEC0;8.512;1;1;0;train;11;0.5;1
2;2;Ind1;0417691CE9;8.655;1;1;0;plast;10;0.5;1
2;2;Ind1;0417691CE9;8.655;1;1;0;plast;5;0.5;1
2;2;Ind2;0416ECE6E6;8.408;1;1;>23:59<01:52;plast;3;0.5;1
2;2;Ind2;0416ECE6E6;8.408;1;1;>23:59<01:52;plast;8;0.5;1
2;2;Ind3;0416D4CAA5;7.948;1;1;0;plast;12;0.5;1
2;2;Ind3;0416D4CAA5;7.948;1;1;0;plast;6;0.5;1
2;2;Ind4;0416D4DC74;8.085;1;1;0;plast;2;0.5;1
2;2;Ind4;0416D4DC74;8.085;1;1;0;plast;9;0.5;1
2;2;Ind5;0416ECE147;9.275;1;1;0;plast;11;0.5;1
2;2;Ind5;0416ECE147;9.275;1;1;0;plast;4;0.5;1
2;2;Ind6;041768F309;9.026;1;1;0;plast;1;0.5;1
2;2;Ind6;041768F309;9.026;1;1;0;plast;7;0.5;1
2;2;Ind7;0416D4F295;7.869;1;1;0;plast;6;0.5;1
2;2;Ind7;0416D4F295;7.869;1;1;0;plast;11;0.5;1
2;2;Ind8;041769339B;9.258;1;1;0;plast;9;0.5;1
2;2;Ind8;041769339B;9.258;1;1;0;plast;3;0.5;1
2;2;Ind9;04176922C9;9.251;1;1;0;plast;5;0.5;1
2;2;Ind9;04176922C9;9.251;1;1;0;plast;12;0.5;1
2;2;Ind10;04162DD332;8.024;1;1;0;plast;7;0.5;1
2;2;Ind10;04162DD332;8.024;1;1;0;plast;2;0.5;1
2;2;Ind11;0417692BD1;NA;1;1;1;plast;4;0.5;1
2;2;Ind11;0417692BD1;NA;1;1;1;plast;10;0.5;1
2;2;Ind12;0416D4EEC0;8.462;1;1;>23:59<01:35;plast;8;0.5;1
2;2;Ind12;0416D4EEC0;8.462;1;1;>23:59<01:35;plast;1;0.5;1
3;3;Ind1;0417691CE9;8.604;1;1;0;plast;1;0.5;1
3;3;Ind1;0417691CE9;8.604;1;1;0;plast;7;0.5;1
3;3;Ind2;0416ECE6E6;8.402;1;1;0;plast;10;0.5;1
3;3;Ind2;0416ECE6E6;8.402;1;1;0;plast;5;0.5;1
3;3;Ind3;0416D4CAA5;7.761;1;1;0;plast;3;0.5;1
3;3;Ind3;0416D4CAA5;7.761;1;1;0;plast;8;0.5;1
3;3;Ind4;0416D4DC74;8.054;1;1;0;plast;12;0.5;1
3;3;Ind4;0416D4DC74;8.054;1;1;0;plast;6;0.5;1
3;3;Ind5;0416ECE147;9.26;1;1;0;plast;2;0.5;1
3;3;Ind5;0416ECE147;9.26;1;1;0;plast;9;0.5;1
3;3;Ind6;041768F309;8.916;1;1;0;plast;11;0.5;1
3;3;Ind6;041768F309;8.916;1;1;0;plast;4;0.5;1
3;3;Ind7;0416D4F295;7.929;1;1;0;plast;8;0.5;1
3;3;Ind7;0416D4F295;7.929;1;1;0;plast;1;0.5;1
3;3;Ind8;041769339B;8.878;1;1;0;plast;6;0.5;1
3;3;Ind8;041769339B;8.878;1;1;0;plast;11;0.5;1
3;3;Ind9;04176922C9;9.097;1;1;0;plast;9;0.5;1
3;3;Ind9;04176922C9;9.097;1;1;0;plast;3;0.5;1
3;3;Ind10;04162DD332;8.009;1;1;0;plast;5;0.5;1
3;3;Ind10;04162DD332;8.009;1;1;0;plast;12;0.5;1
3;3;Ind11;0417692BD1;9.145;1;1;1;plast;7;0.5;1
3;3;Ind11;0417692BD1;9.145;1;1;1;plast;2;0.5;1
3;3;Ind12;0416D4EEC0;8.302;1;1;0;plast;4;0.5;1
3;3;Ind12;0416D4EEC0;8.302;1;1;0;plast;10;0.5;1
4;4;Ind1;0417691CE9;8.438;1;1;0;plast;11;0.5;1
4;4;Ind1;0417691CE9;8.438;1;1;0;plast;4;0.5;1
4;4;Ind2;0416ECE6E6;8.094;1;1;0;plast;1;0.5;1
4;4;Ind2;0416ECE6E6;8.094;1;1;0;plast;7;0.5;1
4;4;Ind3;0417692202;7.605;1;1;0;plast;10;0.5;1
4;4;Ind3;0417692202;7.605;1;1;0;plast;5;0.5;1
4;4;Ind4;0416D4DC74;7.867;1;1;1;plast;3;0.5;1
4;4;Ind4;0416D4DC74;7.867;1;1;1;plast;8;0.5;1
4;4;Ind5;0416ECE147;9.133;1;1;0;plast;12;0.5;1
4;4;Ind5;0416ECE147;9.133;1;1;0;plast;6;0.5;1
4;4;Ind6;041768F309;8.895;1;1;0;plast;2;0.5;1
4;4;Ind6;041768F309;8.895;1;1;0;plast;9;0.5;1
4;4;Ind7;0416D4F295;7.817;1;1;0;plast;4;0.5;1
4;4;Ind7;0416D4F295;7.817;1;1;0;plast;10;0.5;1
4;4;Ind8;041769339B;8.691;1;1;0;plast;8;0.5;1
4;4;Ind8;041769339B;8.691;1;1;0;plast;1;0.5;1
4;4;Ind9;04176922C9;9.035;1;1;0;plast;6;0.5;1
4;4;Ind9;04176922C9;9.035;1;1;0;plast;11;0.5;1
4;4;Ind10;04162DD332;8.006;1;1;0;plast;9;0.5;1
4;4;Ind10;04162DD332;8.006;1;1;0;plast;3;0.5;1
4;4;Ind11;0416ECC6BB;9.031;1;1;0;plast;5;0.5;1
4;4;Ind11;0416ECC6BB;9.031;1;1;0;plast;12;0.5;1
4;4;Ind12;0416D4EEC0;8.172;1;1;0;plast;7;0.5;1
4;4;Ind12;0416D4EEC0;8.172;1;1;0;plast;2;0.5;1
5;5;Ind1;0417691CE9;8.312;1;1;0;plast;2;0.5;1
5;5;Ind1;0417691CE9;8.312;1;1;0;plast;9;0.5;1
5;5;Ind2;0416ECE6E6;8.084;1;1;0;plast;11;0.5;1
5;5;Ind2;0416ECE6E6;8.084;1;1;0;plast;4;0.5;1
5;5;Ind3;0417692202;7.436;1;1;0;plast;1;0.5;1
5;5;Ind3;0417692202;7.436;1;1;0;plast;7;0.5;1
5;5;Ind4;0416D4DC74;7.801;1;1;0;plast;10;0.5;1
5;5;Ind4;0416D4DC74;7.801;1;1;0;plast;5;0.5;1
5;5;Ind5;0416ECE147;9.086;1;1;0;plast;3;0.5;1
5;5;Ind5;0416ECE147;9.086;1;1;0;plast;8;0.5;1
5;5;Ind6;041768F309;8.923;1;1;0;plast;12;0.5;1
5;5;Ind6;041768F309;8.923;1;1;0;plast;6;0.5;1
5;5;Ind7;0416D4F295;7.634;1;1;0;plast;7;0.5;1
5;5;Ind7;0416D4F295;7.634;1;1;0;plast;2;0.5;1
5;5;Ind8;041769339B;8.47;1;1;0;plast;4;0.5;1
5;5;Ind8;041769339B;8.47;1;1;0;plast;10;0.5;1
5;5;Ind9;04176922C9;8.653;1;1;1;plast;8;0.5;1
5;5;Ind9;04176922C9;8.653;1;1;1;plast;1;0.5;1
5;5;Ind10;04162DD332;7.841;1;1;0;plast;6;0.5;1
5;5;Ind10;04162DD332;7.841;1;1;0;plast;11;0.5;1
5;5;Ind11;0416ECC6BB;8.93;1;1;0;plast;9;0.5;1
5;5;Ind11;0416ECC6BB;8.93;1;1;0;plast;3;0.5;1
5;5;Ind12;0416D4EEC0;8.251;1;1;0;plast;5;0.5;1
5;5;Ind12;0416D4EEC0;8.251;1;1;0;plast;12;0.5;1
6;6;Ind1;0417691CE9;8.329;1;1;0;plast;12;0.3;1
6;6;Ind1;0417691CE9;8.329;1;1;0;plast;6;0.3;1
6;6;Ind2;0416ECE6E6;8.034;1;1;0;plast;2;0.3;1
6;6;Ind2;0416ECE6E6;8.034;1;1;0;plast;9;0.3;1
6;6;Ind3;0417692202;7.699;1;1;0;plast;11;0.3;1
6;6;Ind3;0417692202;7.699;1;1;0;plast;4;0.3;1
6;6;Ind4;0416D4DC74;7.964;1;1;0;plast;1;0.3;1
6;6;Ind4;0416D4DC74;7.964;1;1;0;plast;7;0.3;1
6;6;Ind5;041768F941;9.143;1;1;0;plast;10;0.3;1
6;6;Ind5;041768F941;9.143;1;1;0;plast;5;0.3;1
6;6;Ind6;0417692DDF;8.846;1;1;0;plast;3;0.3;1
6;6;Ind6;0417692DDF;8.846;1;1;0;plast;8;0.3;1
6;6;Ind7;0416D4F295;7.818;1;1;0;plast;5;0.83;1
6;6;Ind7;0416D4F295;7.818;1;1;0;plast;12;0.83;1
6;6;Ind8;041769339B;8.608;1;1;0;plast;7;0.83;1
6;6;Ind8;041769339B;8.608;1;1;0;plast;2;0.83;1
6;6;Ind9;04176922C9;8.914;1;1;>01:42<03:27;plast;4;0.83;1
6;6;Ind9;04176922C9;8.914;1;1;>01:42<03:27;plast;10;0.83;1
6;6;Ind10;04162DD332;7.86;1;1;0;plast;8;0.83;1
6;6;Ind10;04162DD332;7.86;1;1;0;plast;1;0.83;1
6;6;Ind11;0416ECC6BB;8.999;1;1;0;plast;6;0.83;1
6;6;Ind11;0416ECC6BB;8.999;1;1;0;plast;11;0.83;1
6;6;Ind12;0416D4EEC0;8.285;1;1;0;plast;9;0.83;1
6;6;Ind12;0416D4EEC0;8.285;1;1;0;plast;3;0.83;1
7;7;Ind1;0417691CE9;8.166;1;1;0;plast;9;0.3;1
7;7;Ind1;0417691CE9;8.166;1;1;0;plast;3;0.3;1
7;7;Ind2;0416ECE6E6;8.011;1;1;0;plast;5;0.3;1
7;7;Ind2;0416ECE6E6;8.011;1;1;0;plast;12;0.3;1
7;7;Ind3;0417692202;7.47;1;1;0;plast;7;0.3;1
7;7;Ind3;0417692202;7.47;1;1;0;plast;2;0.3;1
7;7;Ind4;0416D4DC74;7.743;1;1;0;plast;4;0.3;1
7;7;Ind4;0416D4DC74;7.743;1;1;0;plast;10;0.3;1
7;7;Ind5;041768F941;8.968;1;1;0;plast;8;0.3;1
7;7;Ind5;041768F941;8.968;1;1;0;plast;1;0.3;1
7;7;Ind6;0417692DDF;8.817;1;1;0;plast;6;0.3;1
7;7;Ind6;0417692DDF;8.817;1;1;0;plast;11;0.3;1
7;7;Ind7;0416D4F295;7.726;1;1;0;plast;3;0.83;1
7;7;Ind7;0416D4F295;7.726;1;1;0;plast;8;0.83;1
7;7;Ind8;041769339B;8.366;1;1;0;plast;12;0.83;1
7;7;Ind8;041769339B;8.366;1;1;0;plast;6;0.83;1
7;7;Ind9;04176922C9;8.726;1;1;0;plast;2;0.83;1
7;7;Ind9;04176922C9;8.726;1;1;0;plast;9;0.83;1
7;7;Ind10;04162DD332;7.012;1;1;1;plast;11;0.83;1
7;7;Ind10;04162DD332;7.012;1;1;1;plast;4;0.83;1
7;7;Ind11;0416ECC6BB;8.713;1;1;0;plast;1;0.83;1
7;7;Ind11;0416ECC6BB;8.713;1;1;0;plast;7;0.83;1
7;7;Ind12;0416D4EEC0;8.303;1;1;0;plast;10;0.83;1
7;7;Ind12;0416D4EEC0;8.303;1;1;0;plast;5;0.83;1
8;8;Ind1;0417691CE9;7.796;1;1;0;plast;6;0.3;1
8;8;Ind1;0417691CE9;7.796;1;1;0;plast;11;0.3;1
8;8;Ind2;0416ECE6E6;7.883;1;1;1;plast;9;0.3;1
8;8;Ind2;0416ECE6E6;7.883;1;1;1;plast;3;0.3;1
8;8;Ind3;0417692202;7.215;1;1;0;plast;5;0.3;1
8;8;Ind3;0417692202;7.215;1;1;0;plast;12;0.3;1
8;8;Ind4;0416D4DC74;7.498;1;1;1;plast;7;0.3;1
8;8;Ind4;0416D4DC74;7.498;1;1;1;plast;2;0.3;1
8;8;Ind5;041768F941;8.903;1;1;0;plast;4;0.3;1
8;8;Ind5;041768F941;8.903;1;1;0;plast;10;0.3;1
8;8;Ind6;0417692DDF;8.787;1;1;0;plast;8;0.3;1
8;8;Ind6;0417692DDF;8.787;1;1;0;plast;1;0.3;1
8;8;Ind7;0416D4F295;7.535;1;1;0;plast;10;0.83;1
8;8;Ind7;0416D4F295;7.535;1;1;0;plast;5;0.83;1
8;8;Ind8;041769339B;8.15;1;1;0;plast;3;0.83;1
8;8;Ind8;041769339B;8.15;1;1;0;plast;8;0.83;1
8;8;Ind9;04176922C9;8.376;1;1;1;plast;12;0.83;1
8;8;Ind9;04176922C9;8.376;1;1;1;plast;6;0.83;1
8;8;Ind10;04162DD332;7.429;1;1;0;plast;2;0.83;1
8;8;Ind10;04162DD332;7.429;1;1;0;plast;9;0.83;1
8;8;Ind11;0416ECC6BB;8.741;1;1;1;plast;11;0.83;1
8;8;Ind11;0416ECC6BB;8.741;1;1;1;plast;4;0.83;1
8;8;Ind12;0416D4EEC0;8.177;1;1;1;plast;1;0.83;1
8;8;Ind12;0416D4EEC0;8.177;1;1;1;plast;7;0.83;1
9;9;Ind1;0417691CE9;7.791;1;1;0;plast;8;0.3;1
9;9;Ind1;0417691CE9;7.791;1;1;0;plast;1;0.3;1
9;9;Ind2;0416ECE6E6;7.768;1;1;0;plast;6;0.3;1
9;9;Ind2;0416ECE6E6;7.768;1;1;0;plast;11;0.3;1
9;9;Ind3;0417692202;7.109;1;1;0;plast;9;0.3;1
9;9;Ind3;0417692202;7.109;1;1;0;plast;3;0.3;1
9;9;Ind4;0416D4DC74;7.38;1;1;0;plast;5;0.3;1
9;9;Ind4;0416D4DC74;7.38;1;1;0;plast;12;0.3;1
9;9;Ind5;041768F941;8.798;1;1;0;plast;7;0.3;1
9;9;Ind5;041768F941;8.798;1;1;0;plast;2;0.3;1
9;9;Ind6;0417692DDF;8.895;1;1;0;plast;4;0.3;1
9;9;Ind6;0417692DDF;8.895;1;1;0;plast;10;0.3;1
9;9;Ind7;0416D4F295;7.423;1;1;0;plast;1;0.83;1
9;9;Ind7;0416D4F295;7.423;1;1;0;plast;7;0.83;1
9;9;Ind8;041769339B;8.022;1;1;0;plast;10;0.83;1
9;9;Ind8;041769339B;8.022;1;1;0;plast;5;0.83;1
9;9;Ind9;04176922C9;8.079;1;1;0;plast;3;0.83;1
9;9;Ind9;04176922C9;8.079;1;1;0;plast;8;0.83;1
9;9;Ind10;04162DD332;7.372;1;1;0;plast;12;0.83;1
9;9;Ind10;04162DD332;7.372;1;1;0;plast;6;0.83;1
9;9;Ind11;0416ECC6BB;8.513;1;1;0;plast;2;0.83;1
9;9;Ind11;0416ECC6BB;8.513;1;1;0;plast;9;0.83;1
9;9;Ind12;0416D4EEC0;8.065;1;1;0;plast;11;0.83;1
9;9;Ind12;0416D4EEC0;8.065;1;1;0;plast;4;0.83;1
10;10;Ind1;0417691CE9;8.182;1;1;0;plast;4;0.83;1
10;10;Ind1;0417691CE9;8.182;1;1;0;plast;10;0.83;1
10;10;Ind2;0416ECE6E6;7.933;1;1;0;plast;8;0.83;1
10;10;Ind2;0416ECE6E6;7.933;1;1;0;plast;1;0.83;1
10;10;Ind3;0417692202;7.511;1;1;0;plast;6;0.83;1
10;10;Ind3;0417692202;7.511;1;1;0;plast;11;0.83;1
10;10;Ind4;0416D4DC74;7.703;1;1;0;plast;9;0.83;1
10;10;Ind4;0416D4DC74;7.703;1;1;0;plast;3;0.83;1
10;10;Ind5;041768F941;9.137;1;1;0;plast;5;0.83;1
10;10;Ind5;041768F941;9.137;1;1;0;plast;12;0.83;1
10;10;Ind6;0417692DDF;9.019;1;1;0;plast;7;0.83;1
10;10;Ind6;0417692DDF;9.019;1;1;0;plast;2;0.83;1
10;10;Ind7;0416D4F295;7.716;1;1;0;plast;11;0.3;1
10;10;Ind7;0416D4F295;7.716;1;1;0;plast;4;0.3;1
10;10;Ind8;041769339B;8.103;1;1;0;plast;1;0.3;1
10;10;Ind8;041769339B;8.103;1;1;0;plast;7;0.3;1
10;10;Ind9;04176922C9;8.295;1;1;0;plast;10;0.3;1
10;10;Ind9;04176922C9;8.295;1;1;0;plast;5;0.3;1
10;10;Ind10;04162DD332;7.313;1;1;0;plast;3;0.3;1
10;10;Ind10;04162DD332;7.313;1;1;0;plast;8;0.3;1
10;10;Ind11;0416ECC6BB;8.648;1;1;0;plast;12;0.3;1
10;10;Ind11;0416ECC6BB;8.648;1;1;0;plast;6;0.3;1
10;10;Ind12;0416D4EEC0;8.042;1;1;0;plast;2;0.3;1
10;10;Ind12;0416D4EEC0;8.042;1;1;0;plast;9;0.3;1
11;11;Ind1;0417691CE9;7.902;1;1;0;plast;7;0.83;1
11;11;Ind1;0417691CE9;7.902;1;1;0;plast;2;0.83;1
11;11;Ind2;0416ECE6E6;7.821;1;1;0;plast;4;0.83;1
11;11;Ind2;0416ECE6E6;7.821;1;1;0;plast;10;0.83;1
11;11;Ind3;0417692202;7.355;1;1;0;plast;8;0.83;1
11;11;Ind3;0417692202;7.355;1;1;0;plast;1;0.83;1
11;11;Ind4;0416D4DC74;7.379;1;1;0;plast;6;0.83;1
11;11;Ind4;0416D4DC74;7.379;1;1;0;plast;11;0.83;1
11;11;Ind5;041768F941;8.998;1;1;0;plast;9;0.83;1
11;11;Ind5;041768F941;8.998;1;1;0;plast;3;0.83;1
11;11;Ind6;0417692DDF;8.958;1;1;0;plast;5;0.83;1
11;11;Ind6;0417692DDF;8.958;1;1;0;plast;12;0.83;1
11;11;Ind7;0416D4F295;7.518;1;1;0;plast;2;0.3;1
11;11;Ind7;0416D4F295;7.518;1;1;0;plast;9;0.3;1
11;11;Ind8;041769339B;7.799;1;1;0;plast;11;0.3;1
11;11;Ind8;041769339B;7.799;1;1;0;plast;4;0.3;1
11;11;Ind9;04176922C9;8.01;1;1;0;plast;1;0.3;1
11;11;Ind9;04176922C9;8.01;1;1;0;plast;7;0.3;1
11;11;Ind10;0417692B31;7.418;1;1;0;plast;10;0.3;1
11;11;Ind10;0417692B31;7.418;1;1;0;plast;5;0.3;1
11;11;Ind11;0416ECC6BB;8.372;1;1;0;plast;3;0.3;1
11;11;Ind11;0416ECC6BB;8.372;1;1;0;plast;8;0.3;1
11;11;Ind12;0416D4EEC0;7.925;1;1;0;plast;12;0.3;1
11;11;Ind12;0416D4EEC0;7.925;1;1;0;plast;6;0.3;1
12;12;Ind1;0417691CE9;7.706;1;1;0;plast;5;0.83;1
12;12;Ind1;0417691CE9;7.706;1;1;0;plast;12;0.83;1
12;12;Ind2;0416ECE6E6;7.612;1;1;1;plast;7;0.83;1
12;12;Ind2;0416ECE6E6;7.612;1;1;1;plast;2;0.83;1
12;12;Ind3;0417692202;7.08;1;1;0;plast;4;0.83;1
12;12;Ind3;0417692202;7.08;1;1;0;plast;10;0.83;1
12;12;Ind4;0416D4DC74;7.15;1;1;0;plast;8;0.83;1
12;12;Ind4;0416D4DC74;7.15;1;1;0;plast;1;0.83;1
12;12;Ind5;041768F941;8.687;1;1;0;plast;6;0.83;1
12;12;Ind5;041768F941;8.687;1;1;0;plast;11;0.83;1
12;12;Ind6;0417692DDF;8.814;1;1;0;plast;9;0.83;1
12;12;Ind6;0417692DDF;8.814;1;1;0;plast;3;0.83;1
12;12;Ind7;0416D4F295;7.262;1;1;0;plast;12;0.3;1
12;12;Ind7;0416D4F295;7.262;1;1;0;plast;6;0.3;1
12;12;Ind8;041769339B;7.585;1;1;0;plast;2;0.3;1
12;12;Ind8;041769339B;7.585;1;1;0;plast;9;0.3;1
12;12;Ind9;04176922C9;7.719;1;1;0;plast;11;0.3;1
12;12;Ind9;04176922C9;7.719;1;1;0;plast;4;0.3;1
12;12;Ind10;0417692B31;7.151;1;1;0;plast;1;0.3;1
12;12;Ind10;0417692B31;7.151;1;1;0;plast;7;0.3;1
12;12;Ind11;0416ECC6BB;8.067;1;1;0;plast;10;0.3;1
12;12;Ind11;0416ECC6BB;8.067;1;1;0;plast;5;0.3;1
12;12;Ind12;0416D4EEC0;7.617;1;1;0;plast;3;0.3;1
12;12;Ind12;0416D4EEC0;7.617;1;1;0;plast;8;0.3;1
13;13;Ind1;0417691CE9;7.368;1;1;1;plast;3;0.83;1
13;13;Ind1;0417691CE9;7.368;1;1;1;plast;8;0.83;1
13;13;Ind2;0416ECE6E6;7.581;1;1;0;plast;12;0.83;1
13;13;Ind2;0416ECE6E6;7.581;1;1;0;plast;6;0.83;1
13;13;Ind3;0417692202;6.821;1;1;0;plast;2;0.83;1
13;13;Ind3;0417692202;6.821;1;1;0;plast;9;0.83;1
13;13;Ind4;0416D4DC74;7.012;1;1;0;plast;11;0.83;1
13;13;Ind4;0416D4DC74;7.012;1;1;0;plast;4;0.83;1
13;13;Ind5;041768F941;8.5;1;1;0;plast;1;0.83;1
13;13;Ind5;041768F941;8.5;1;1;0;plast;7;0.83;1
13;13;Ind6;0417692DDF;8.811;1;1;0;plast;10;0.83;1
13;13;Ind6;0417692DDF;8.811;1;1;0;plast;5;0.83;1
13;13;Ind7;0416D4F295;7.199;1;1;0;plast;9;0.3;1
13;13;Ind7;0416D4F295;7.199;1;1;0;plast;3;0.3;1
13;13;Ind8;041769339B;7.414;1;1;1;plast;5;0.3;1
13;13;Ind8;041769339B;7.414;1;1;1;plast;12;0.3;1
13;13;Ind9;04176922C9;7.553;1;1;1;plast;7;0.3;1
13;13;Ind9;04176922C9;7.553;1;1;1;plast;2;0.3;1
13;13;Ind10;0417692B31;6.997;1;1;0;plast;4;0.3;1
13;13;Ind10;0417692B31;6.997;1;1;0;plast;10;0.3;1
13;13;Ind11;0416ECC6BB;7.928;1;1;0;plast;8;0.3;1
13;13;Ind11;0416ECC6BB;7.928;1;1;0;plast;1;0.3;1
13;13;Ind12;0416D4EEC0;7.449;1;1;0;plast;6;0.3;1
13;13;Ind12;0416D4EEC0;7.449;1;1;0;plast;11;0.3;1
14;14;Ind1;0417691CE9;NA;1;1;0;flex;10;0.5;1
14;14;Ind1;0417691CE9;NA;1;1;0;flex;5;0.5;1
14;14;Ind2;0416ECE6E6;NA;1;1;0;flex;3;0.5;1
14;14;Ind2;0416ECE6E6;NA;1;1;0;flex;8;0.5;1
14;14;Ind3;0417692202;NA;1;1;0;flex;12;0.5;1
14;14;Ind3;0417692202;NA;1;1;0;flex;6;0.5;1
14;14;Ind4;0416D4DC74;NA;1;1;0;flex;2;0.5;1
14;14;Ind4;0416D4DC74;NA;1;1;0;flex;9;0.5;1
14;14;Ind5;041768F941;NA;1;1;0;flex;11;0.5;1
14;14;Ind5;041768F941;NA;1;1;0;flex;4;0.5;1
14;14;Ind6;0417692DDF;NA;1;1;0;flex;1;0.5;1
14;14;Ind6;0417692DDF;NA;1;1;0;flex;7;0.5;1
14;14;Ind7;0416D4F295;NA;1;1;0;flex;6;0.5;1
14;14;Ind7;0416D4F295;NA;1;1;0;flex;11;0.5;1
14;14;Ind8;041769339B;NA;1;1;0;flex;9;0.5;1
14;14;Ind8;041769339B;NA;1;1;0;flex;3;0.5;1
14;14;Ind9;04176922C9;NA;1;1;0;flex;5;0.5;1
14;14;Ind9;04176922C9;NA;1;1;0;flex;12;0.5;1
14;14;Ind10;0417692B31;NA;1;1;0;flex;7;0.5;1
14;14;Ind10;0417692B31;NA;1;1;0;flex;2;0.5;1
14;14;Ind11;0416ECC6BB;NA;1;1;0;flex;4;0.5;1
14;14;Ind11;0416ECC6BB;NA;1;1;0;flex;10;0.5;1
14;14;Ind12;0416D4EEC0;NA;1;1;0;flex;8;0.5;1
14;14;Ind12;0416D4EEC0;NA;1;1;0;flex;1;0.5;1
14;14;Ind1;0417691CE9;NA;1;1;0;flex;1;0.5;2
14;14;Ind1;0417691CE9;NA;1;1;0;flex;7;0.5;2
14;14;Ind2;0416ECE6E6;NA;1;1;0;flex;10;0.5;2
14;14;Ind2;0416ECE6E6;NA;1;1;0;flex;5;0.5;2
14;14;Ind3;0417692202;NA;1;1;0;flex;3;0.5;2
14;14;Ind3;0417692202;NA;1;1;0;flex;8;0.5;2
14;14;Ind4;0416D4DC74;NA;1;1;0;flex;12;0.5;2
14;14;Ind4;0416D4DC74;NA;1;1;0;flex;6;0.5;2
14;14;Ind5;041768F941;NA;1;1;0;flex;2;0.5;2
14;14;Ind5;041768F941;NA;1;1;0;flex;9;0.5;2
14;14;Ind6;0417692DDF;NA;1;1;0;flex;11;0.5;2
14;14;Ind6;0417692DDF;NA;1;1;0;flex;4;0.5;2
14;14;Ind7;0416D4F295;NA;1;1;0;flex;8;0.5;2
14;14;Ind7;0416D4F295;NA;1;1;0;flex;1;0.5;2
14;14;Ind8;041769339B;NA;1;1;0;flex;6;0.5;2
14;14;Ind8;041769339B;NA;1;1;0;flex;11;0.5;2
14;14;Ind9;04176922C9;NA;1;1;0;flex;9;0.5;2
14;14;Ind9;04176922C9;NA;1;1;0;flex;3;0.5;2
14;14;Ind10;0417692B31;NA;1;1;0;flex;5;0.5;2
14;14;Ind10;0417692B31;NA;1;1;0;flex;12;0.5;2
14;14;Ind11;0416ECC6BB;NA;1;1;0;flex;7;0.5;2
14;14;Ind11;0416ECC6BB;NA;1;1;0;flex;2;0.5;2
14;14;Ind12;0416D4EEC0;NA;1;1;0;flex;4;0.5;2
14;14;Ind12;0416D4EEC0;NA;1;1;0;flex;10;0.5;2
15;15;Ind1;0417691CE9;NA;1;1;0;flex;11;0.5;1
15;15;Ind1;0417691CE9;NA;1;1;0;flex;4;0.5;1
15;15;Ind2;0416ECE6E6;NA;1;1;0;flex;1;0.5;1
15;15;Ind2;0416ECE6E6;NA;1;1;0;flex;7;0.5;1
15;15;Ind3;0417692202;NA;1;1;0;flex;10;0.5;1
15;15;Ind3;0417692202;NA;1;1;0;flex;5;0.5;1
15;15;Ind4;0416D4DC74;NA;1;1;0;flex;3;0.5;1
15;15;Ind4;0416D4DC74;NA;1;1;0;flex;8;0.5;1
15;15;Ind5;041768F941;NA;1;1;0;flex;12;0.5;1
15;15;Ind5;041768F941;NA;1;1;0;flex;6;0.5;1
15;15;Ind6;0417692DDF;NA;1;1;0;flex;2;0.5;1
15;15;Ind6;0417692DDF;NA;1;1;0;flex;9;0.5;1
15;15;Ind7;0416D4F295;NA;1;1;0;flex;4;0.5;1
15;15;Ind7;0416D4F295;NA;1;1;0;flex;10;0.5;1
15;15;Ind8;041769339B;NA;1;1;0;flex;8;0.5;1
15;15;Ind8;041769339B;NA;1;1;0;flex;1;0.5;1
15;15;Ind9;04176922C9;NA;1;1;0;flex;6;0.5;1
15;15;Ind9;04176922C9;NA;1;1;0;flex;11;0.5;1
15;15;Ind10;0417692B31;NA;1;1;0;flex;9;0.5;1
15;15;Ind10;0417692B31;NA;1;1;0;flex;3;0.5;1
15;15;Ind11;0416ECC6BB;NA;1;1;0;flex;5;0.5;1
15;15;Ind11;0416ECC6BB;NA;1;1;0;flex;12;0.5;1
15;15;Ind12;0416D4EEC0;NA;1;1;0;flex;7;0.5;1
15;15;Ind12;0416D4EEC0;NA;1;1;0;flex;2;0.5;1
15;15;Ind1;0417691CE9;NA;1;1;0;flex;2;0.5;2
15;15;Ind1;0417691CE9;NA;1;1;0;flex;9;0.5;2
15;15;Ind2;0416ECE6E6;NA;1;1;0;flex;11;0.5;2
15;15;Ind2;0416ECE6E6;NA;1;1;0;flex;4;0.5;2
15;15;Ind3;0417692202;NA;1;1;0;flex;1;0.5;2
15;15;Ind3;0417692202;NA;1;1;0;flex;7;0.5;2
15;15;Ind4;0416D4DC74;NA;1;1;0;flex;10;0.5;2
15;15;Ind4;0416D4DC74;NA;1;1;0;flex;5;0.5;2
15;15;Ind5;041768F941;NA;1;1;0;flex;3;0.5;2
15;15;Ind5;041768F941;NA;1;1;0;flex;8;0.5;2
15;15;Ind6;0417692DDF;NA;1;1;0;flex;12;0.5;2
15;15;Ind6;0417692DDF;NA;1;1;0;flex;6;0.5;2
15;15;Ind7;0416D4F295;NA;1;1;0;flex;7;0.5;2
15;15;Ind7;0416D4F295;NA;1;1;0;flex;2;0.5;2
15;15;Ind8;041769339B;NA;1;1;0;flex;4;0.5;2
15;15;Ind8;041769339B;NA;1;1;0;flex;10;0.5;2
15;15;Ind9;04176922C9;NA;1;1;0;flex;8;0.5;2
15;15;Ind9;04176922C9;NA;1;1;0;flex;1;0.5;2
15;15;Ind10;0417692B31;NA;1;1;0;flex;6;0.5;2
15;15;Ind10;0417692B31;NA;1;1;0;flex;11;0.5;2
15;15;Ind11;0416ECC6BB;NA;1;1;0;flex;9;0.5;2
15;15;Ind11;0416ECC6BB;NA;1;1;0;flex;3;0.5;2
15;15;Ind12;0416D4EEC0;NA;1;1;0;flex;5;0.5;2
15;15;Ind12;0416D4EEC0;NA;1;1;0;flex;12;0.5;2
16;16;Ind1;0417691CE9;NA;1;1;0;flex;12;0.5;1
16;16;Ind1;0417691CE9;NA;1;1;0;flex;6;0.5;1
16;16;Ind2;0416ECE6E6;NA;1;1;0;flex;2;0.5;1
16;16;Ind2;0416ECE6E6;NA;1;1;0;flex;9;0.5;1
16;16;Ind3;0417692202;NA;1;1;0;flex;11;0.5;1
16;16;Ind3;0417692202;NA;1;1;0;flex;4;0.5;1
16;16;Ind4;0416D4DC74;NA;1;1;0;flex;1;0.5;1
16;16;Ind4;0416D4DC74;NA;1;1;0;flex;7;0.5;1
16;16;Ind5;041768F941;NA;1;1;0;flex;10;0.5;1
16;16;Ind5;041768F941;NA;1;1;0;flex;5;0.5;1
16;16;Ind6;0417692DDF;NA;1;1;0;flex;3;0.5;1
16;16;Ind6;0417692DDF;NA;1;1;0;flex;8;0.5;1
16;16;Ind7;0416D4F295;NA;1;1;0;flex;5;0.5;1
16;16;Ind7;0416D4F295;NA;1;1;0;flex;12;0.5;1
16;16;Ind8;041769339B;NA;1;1;0;flex;7;0.5;1
16;16;Ind8;041769339B;NA;1;1;0;flex;2;0.5;1
16;16;Ind9;04176922C9;NA;1;1;1;flex;4;0.5;1
16;16;Ind9;04176922C9;NA;1;1;1;flex;10;0.5;1
16;16;Ind10;0417692B31;NA;1;1;0;flex;8;0.5;1
16;16;Ind10;0417692B31;NA;1;1;0;flex;1;0.5;1
16;16;Ind11;0416ECC6BB;NA;1;1;0;flex;6;0.5;1
16;16;Ind11;0416ECC6BB;NA;1;1;0;flex;11;0.5;1
16;16;Ind12;0416D4EEC0;NA;1;1;0;flex;9;0.5;1
16;16;Ind12;0416D4EEC0;NA;1;1;0;flex;3;0.5;1
16;16;Ind1;0417691CE9;NA;1;1;0;flex;9;0.5;2
16;16;Ind1;0417691CE9;NA;1;1;0;flex;3;0.5;2
16;16;Ind2;0416ECE6E6;NA;1;1;0;flex;5;0.5;2
16;16;Ind2;0416ECE6E6;NA;1;1;0;flex;12;0.5;2
16;16;Ind3;0417692202;NA;1;1;0;flex;7;0.5;2
16;16;Ind3;0417692202;NA;1;1;0;flex;2;0.5;2
16;16;Ind4;0416D4DC74;NA;1;1;0;flex;4;0.5;2
16;16;Ind4;0416D4DC74;NA;1;1;0;flex;10;0.5;2
16;16;Ind5;041768F941;NA;1;1;0;flex;8;0.5;2
16;16;Ind5;041768F941;NA;1;1;0;flex;1;0.5;2
16;16;Ind6;0417692DDF;NA;1;1;0;flex;6;0.5;2
16;16;Ind6;0417692DDF;NA;1;1;0;flex;11;0.5;2
16;16;Ind7;0416D4F295;NA;1;1;0;flex;3;0.5;2
16;16;Ind7;0416D4F295;NA;1;1;0;flex;8;0.5;2
16;16;Ind8;041769339B;NA;1;1;0;flex;12;0.5;2
16;16;Ind8;041769339B;NA;1;1;0;flex;6;0.5;2
16;16;Ind9;04176922C9;NA;1;1;1;flex;2;0.5;2
16;16;Ind9;04176922C9;NA;1;1;1;flex;9;0.5;2
16;16;Ind10;0417692B31;NA;1;1;0;flex;11;0.5;2
16;16;Ind10;0417692B31;NA;1;1;0;flex;4;0.5;2
16;16;Ind11;0416ECC6BB;NA;1;1;0;flex;1;0.5;2
16;16;Ind11;0416ECC6BB;NA;1;1;0;flex;7;0.5;2
16;16;Ind12;0416D4EEC0;NA;1;1;0;flex;10;0.5;2
16;16;Ind12;0416D4EEC0;NA;1;1;0;flex;5;0.5;2
17;17;Ind1;0417691CE9;NA;1;1;0;flex;6;0.5;1
17;17;Ind1;0417691CE9;NA;1;1;0;flex;11;0.5;1
17;17;Ind2;0416ECE6E6;NA;1;1;0;flex;9;0.5;1
17;17;Ind2;0416ECE6E6;NA;1;1;0;flex;3;0.5;1
17;17;Ind3;0417692202;NA;1;1;0;flex;5;0.5;1
17;17;Ind3;0417692202;NA;1;1;0;flex;12;0.5;1
17;17;Ind4;0416D4DC74;NA;1;1;0;flex;7;0.5;1
17;17;Ind4;0416D4DC74;NA;1;1;0;flex;2;0.5;1
17;17;Ind5;041768F941;NA;1;1;0;flex;4;0.5;1
17;17;Ind5;041768F941;NA;1;1;0;flex;10;0.5;1
17;17;Ind6;0417692DDF;NA;1;1;0;flex;8;0.5;1
17;17;Ind6;0417692DDF;NA;1;1;0;flex;1;0.5;1
17;17;Ind7;0416D4F295;NA;1;1;0;flex;10;0.5;1
17;17;Ind7;0416D4F295;NA;1;1;0;flex;5;0.5;1
17;17;Ind8;041769339B;NA;1;1;0;flex;3;0.5;1
17;17;Ind8;041769339B;NA;1;1;0;flex;8;0.5;1
17;17;Ind9;04176922C9;NA;1;1;0;flex;12;0.5;1
17;17;Ind9;04176922C9;NA;1;1;0;flex;6;0.5;1
17;17;Ind10;0417692B31;NA;1;1;0;flex;2;0.5;1
17;17;Ind10;0417692B31;NA;1;1;0;flex;9;0.5;1
17;17;Ind11;0416ECC6BB;NA;1;1;0;flex;11;0.5;1
17;17;Ind11;0416ECC6BB;NA;1;1;0;flex;4;0.5;1
17;17;Ind12;0416D4EEC0;NA;1;1;0;flex;1;0.5;1
17;17;Ind12;0416D4EEC0;NA;1;1;0;flex;7;0.5;1
17;17;Ind1;0417691CE9;NA;1;1;0;flex;8;0.5;2
17;17;Ind1;0417691CE9;NA;1;1;0;flex;1;0.5;2
17;17;Ind2;0416ECE6E6;NA;1;1;0;flex;6;0.5;2
17;17;Ind2;0416ECE6E6;NA;1;1;0;flex;11;0.5;2
17;17;Ind3;0417692202;NA;1;1;0;flex;9;0.5;2
17;17;Ind3;0417692202;NA;1;1;0;flex;3;0.5;2
17;17;Ind4;0416D4DC74;NA;1;1;0;flex;5;0.5;2
17;17;Ind4;0416D4DC74;NA;1;1;0;flex;12;0.5;2
17;17;Ind5;041768F941;NA;1;1;0;flex;7;0.5;2
17;17;Ind5;041768F941;NA;1;1;0;flex;2;0.5;2
17;17;Ind6;0417692DDF;NA;1;1;0;flex;4;0.5;2
17;17;Ind6;0417692DDF;NA;1;1;0;flex;10;0.5;2
17;17;Ind7;0416D4F295;NA;1;1;0;flex;1;0.5;2
17;17;Ind7;0416D4F295;NA;1;1;0;flex;7;0.5;2
17;17;Ind8;041769339B;NA;1;1;0;flex;10;0.5;2
17;17;Ind8;041769339B;NA;1;1;0;flex;5;0.5;2
17;17;Ind9;04176922C9;NA;1;1;0;flex;3;0.5;2
17;17;Ind9;04176922C9;NA;1;1;0;flex;8;0.5;2
17;17;Ind10;0417692B31;NA;1;1;0;flex;12;0.5;2
17;17;Ind10;0417692B31;NA;1;1;0;flex;6;0.5;2
17;17;Ind11;0416ECC6BB;NA;1;1;0;flex;2;0.5;2
17;17;Ind11;0416ECC6BB;NA;1;1;0;flex;9;0.5;2
17;17;Ind12;0416D4EEC0;NA;1;1;0;flex;11;0.5;2
17;17;Ind12;0416D4EEC0;NA;1;1;0;flex;4;0.5;2
18;1;Ind13;0416D4DD55;8.499;2;2;0;train;3;0.5;1
18;1;Ind13;0416D4DD55;8.499;2;2;0;train;8;0.5;1
18;1;Ind14;04162DE022;8.689;2;2;0;train;12;0.5;1
18;1;Ind14;04162DE022;8.689;2;2;0;train;6;0.5;1
18;1;Ind15;04176926F9;8.806;2;2;0;train;2;0.5;1
18;1;Ind15;04176926F9;8.806;2;2;0;train;9;0.5;1
18;1;Ind16;0417690F10;9.542;2;2;0;train;11;0.5;1
18;1;Ind16;0417690F10;9.542;2;2;0;train;4;0.5;1
18;1;Ind17;0416D4EEC8;8.761;2;2;0;train;1;0.5;1
18;1;Ind17;0416D4EEC8;8.761;2;2;0;train;7;0.5;1
18;1;Ind18;04176909FE;8.184;2;2;0;train;10;0.5;1
18;1;Ind18;04176909FE;8.184;2;2;0;train;5;0.5;1
18;1;Ind19;041768FD37;8.71;2;2;0;train;9;0.5;1
18;1;Ind19;041768FD37;8.71;2;2;0;train;3;0.5;1
18;1;Ind20;0416D4DB39;7.652;2;2;0;train;5;0.5;1
18;1;Ind20;0416D4DB39;7.652;2;2;0;train;12;0.5;1
18;1;Ind21;0416ECCAE5;8.773;2;2;0;train;7;0.5;1
18;1;Ind21;0416ECCAE5;8.773;2;2;0;train;2;0.5;1
18;1;Ind22;0417690F1C;8.227;2;2;0;train;4;0.5;1
18;1;Ind22;0417690F1C;8.227;2;2;0;train;10;0.5;1
18;1;Ind23;0416D4D925;8.76;2;2;0;train;8;0.5;1
18;1;Ind23;0416D4D925;8.76;2;2;0;train;1;0.5;1
18;1;Ind24;041769109D;8.259;2;2;0;train;6;0.5;1
18;1;Ind24;041769109D;8.259;2;2;0;train;11;0.5;1
19;2;Ind13;0416D4DD55;8.56;2;2;0;plast;10;0.5;1
19;2;Ind13;0416D4DD55;8.56;2;2;0;plast;5;0.5;1
19;2;Ind14;04162DE022;8.794;2;2;0;plast;3;0.5;1
19;2;Ind14;04162DE022;8.794;2;2;0;plast;8;0.5;1
19;2;Ind15;04176926F9;9.01;2;2;0;plast;12;0.5;1
19;2;Ind15;04176926F9;9.01;2;2;0;plast;6;0.5;1
19;2;Ind16;0417690F10;9.697;2;2;0;plast;2;0.5;1
19;2;Ind16;0417690F10;9.697;2;2;0;plast;9;0.5;1
19;2;Ind17;0416D4EEC8;9.013;2;2;0;plast;11;0.5;1
19;2;Ind17;0416D4EEC8;9.013;2;2;0;plast;4;0.5;1
19;2;Ind18;04176909FE;8.669;2;2;0;plast;1;0.5;1
19;2;Ind18;04176909FE;8.669;2;2;0;plast;7;0.5;1
19;2;Ind19;041768FD37;8.998;2;2;0;plast;6;0.5;1
19;2;Ind19;041768FD37;8.998;2;2;0;plast;11;0.5;1
19;2;Ind20;0416D4DB39;7.868;2;2;0;plast;9;0.5;1
19;2;Ind20;0416D4DB39;7.868;2;2;0;plast;3;0.5;1
19;2;Ind21;0416ECCAE5;8.869;2;2;0;plast;5;0.5;1
19;2;Ind21;0416ECCAE5;8.869;2;2;0;plast;12;0.5;1
19;2;Ind22;0417690F1C;8.266;2;2;0;plast;7;0.5;1
19;2;Ind22;0417690F1C;8.266;2;2;0;plast;2;0.5;1
19;2;Ind23;0416D4D925;9.253;2;2;0;plast;4;0.5;1
19;2;Ind23;0416D4D925;9.253;2;2;0;plast;10;0.5;1
19;2;Ind24;041769109D;8.441;2;2;0;plast;8;0.5;1
19;2;Ind24;041769109D;8.441;2;2;0;plast;1;0.5;1
20;3;Ind13;0416D4DD55;8.199;2;2;0;plast;1;0.5;1
20;3;Ind13;0416D4DD55;8.199;2;2;0;plast;7;0.5;1
20;3;Ind14;04162DE022;8.616;2;2;1;plast;10;0.5;1
20;3;Ind14;04162DE022;8.616;2;2;1;plast;5;0.5;1
20;3;Ind15;04176926F9;8.977;2;2;0;plast;3;0.5;1
20;3;Ind15;04176926F9;8.977;2;2;0;plast;8;0.5;1
20;3;Ind16;0417690F10;NA;2;2;1;plast;12;0.5;1
20;3;Ind16;0417690F10;NA;2;2;1;plast;6;0.5;1
20;3;Ind17;0416D4EEC8;8.941;2;2;0;plast;2;0.5;1
20;3;Ind17;0416D4EEC8;8.941;2;2;0;plast;9;0.5;1
20;3;Ind18;04176909FE;8.618;2;2;0;plast;11;0.5;1
20;3;Ind18;04176909FE;8.618;2;2;0;plast;4;0.5;1
20;3;Ind19;041768FD37;9.003;2;2;0;plast;8;0.5;1
20;3;Ind19;041768FD37;9.003;2;2;0;plast;1;0.5;1
20;3;Ind20;0416D4DB39;7.837;2;2;0;plast;6;0.5;1
20;3;Ind20;0416D4DB39;7.837;2;2;0;plast;11;0.5;1
20;3;Ind21;041768FE9F;9.01;2;2;0;plast;9;0.5;1
20;3;Ind21;041768FE9F;9.01;2;2;0;plast;3;0.5;1
20;3;Ind22;0417690F1C;7.969;2;2;0;plast;5;0.5;1
20;3;Ind22;0417690F1C;7.969;2;2;0;plast;12;0.5;1
20;3;Ind23;0416D4D925;9.245;2;2;0;plast;7;0.5;1
20;3;Ind23;0416D4D925;9.245;2;2;0;plast;2;0.5;1
20;3;Ind24;041769109D;8.225;2;2;1;plast;4;0.5;1
20;3;Ind24;041769109D;8.225;2;2;1;plast;10;0.5;1
21;4;Ind13;0416D4DD55;8.038;2;2;0;plast;11;0.5;1
21;4;Ind13;0416D4DD55;8.038;2;2;0;plast;4;0.5;1
21;4;Ind14;04162DE022;8.488;2;2;0;plast;1;0.5;1
21;4;Ind14;04162DE022;8.488;2;2;0;plast;7;0.5;1
21;4;Ind15;04176926F9;8.962;2;2;0;plast;10;0.5;1
21;4;Ind15;04176926F9;8.962;2;2;0;plast;5;0.5;1
21;4;Ind16;0417690F10;9.594;2;2;0;plast;3;0.5;1
21;4;Ind16;0417690F10;9.594;2;2;0;plast;8;0.5;1
21;4;Ind17;0416D4EEC8;8.511;2;2;1;plast;12;0.5;1
21;4;Ind17;0416D4EEC8;8.511;2;2;1;plast;6;0.5;1
21;4;Ind18;04176909FE;8.42;2;2;0;plast;2;0.5;1
21;4;Ind18;04176909FE;8.42;2;2;0;plast;9;0.5;1
21;4;Ind19;041768FD37;9.072;2;2;0;plast;4;0.5;1
21;4;Ind19;041768FD37;9.072;2;2;0;plast;10;0.5;1
21;4;Ind20;0416D4DB39;7.724;2;2;0;plast;8;0.5;1
21;4;Ind20;0416D4DB39;7.724;2;2;0;plast;1;0.5;1
21;4;Ind21;041768FE9F;9.225;2;2;0;plast;6;0.5;1
21;4;Ind21;041768FE9F;9.225;2;2;0;plast;11;0.5;1
21;4;Ind22;0417690F1C;7.754;2;2;1;plast;9;0.5;1
21;4;Ind22;0417690F1C;7.754;2;2;1;plast;3;0.5;1
21;4;Ind23;0416D4D925;9.048;2;2;0;plast;5;0.5;1
21;4;Ind23;0416D4D925;9.048;2;2;0;plast;12;0.5;1
21;4;Ind24;0417693122;8.044;2;2;0;plast;7;0.5;1
21;4;Ind24;0417693122;8.044;2;2;0;plast;2;0.5;1
22;5;Ind13;0416D4DD55;7.734;2;2;0;plast;2;0.5;1
22;5;Ind13;0416D4DD55;7.734;2;2;0;plast;9;0.5;1
22;5;Ind14;04162DE022;8.339;2;2;0;plast;11;0.5;1
22;5;Ind14;04162DE022;8.339;2;2;0;plast;4;0.5;1
22;5;Ind15;04176926F9;8.797;2;2;0;plast;1;0.5;1
22;5;Ind15;04176926F9;8.797;2;2;0;plast;7;0.5;1
22;5;Ind16;0417690F10;9.396;2;2;0;plast;10;0.5;1
22;5;Ind16;0417690F10;9.396;2;2;0;plast;5;0.5;1
22;5;Ind17;0416D4EEC8;8.699;2;2;0;plast;3;0.5;1
22;5;Ind17;0416D4EEC8;8.699;2;2;0;plast;8;0.5;1
22;5;Ind18;04176909FE;8.361;2;2;0;plast;12;0.5;1
22;5;Ind18;04176909FE;8.361;2;2;0;plast;6;0.5;1
22;5;Ind19;041768FD37;8.988;2;2;0;plast;7;0.5;1
22;5;Ind19;041768FD37;8.988;2;2;0;plast;2;0.5;1
22;5;Ind20;0416D4DB39;7.46;2;2;0;plast;4;0.5;1
22;5;Ind20;0416D4DB39;7.46;2;2;0;plast;10;0.5;1
22;5;Ind21;041768FE9F;8.849;2;2;0;plast;8;0.5;1
22;5;Ind21;041768FE9F;8.849;2;2;0;plast;1;0.5;1
22;5;Ind22;0417690F1C;7.652;2;2;1;plast;6;0.5;1
22;5;Ind22;0417690F1C;7.652;2;2;1;plast;11;0.5;1
22;5;Ind23;0416D4D925;9.051;2;2;0;plast;9;0.5;1
22;5;Ind23;0416D4D925;9.051;2;2;0;plast;3;0.5;1
22;5;Ind24;0417693122;7.79;2;2;1;plast;5;0.5;1
22;5;Ind24;0417693122;7.79;2;2;1;plast;12;0.5;1
23;6;Ind13;0416D4DD55;8.171;2;2;1;plast;12;0.3;1
23;6;Ind13;0416D4DD55;8.171;2;2;1;plast;6;0.3;1
23;6;Ind14;04162DE022;8.593;2;2;0;plast;2;0.3;1
23;6;Ind14;04162DE022;8.593;2;2;0;plast;9;0.3;1
23;6;Ind15;04176926F9;8.77;2;2;0;plast;11;0.3;1
23;6;Ind15;04176926F9;8.77;2;2;0;plast;4;0.3;1
23;6;Ind16;0417690F10;9.701;2;2;0;plast;1;0.3;1
23;6;Ind16;0417690F10;9.701;2;2;0;plast;7;0.3;1
23;6;Ind17;0416D4EEC8;9.142;2;2;0;plast;10;0.3;1
23;6;Ind17;0416D4EEC8;9.142;2;2;0;plast;5;0.3;1
23;6;Ind18;04176909FE;8.613;2;2;0;plast;3;0.3;1
23;6;Ind18;04176909FE;8.613;2;2;0;plast;8;0.3;1
23;6;Ind19;041768FD37;9.287;2;2;0;plast;5;0.83;1
23;6;Ind19;041768FD37;9.287;2;2;0;plast;12;0.83;1
23;6;Ind20;0416D4DB39;7.935;2;2;0;plast;7;0.83;1
23;6;Ind20;0416D4DB39;7.935;2;2;0;plast;2;0.83;1
23;6;Ind21;041768FE9F;9.143;2;2;0;plast;4;0.83;1
23;6;Ind21;041768FE9F;9.143;2;2;0;plast;10;0.83;1
23;6;Ind22;0417690F1C;8.148;2;2;0;plast;8;0.83;1
23;6;Ind22;0417690F1C;8.148;2;2;0;plast;1;0.83;1
23;6;Ind23;0416D4D925;9.237;2;2;1;plast;6;0.83;1
23;6;Ind23;0416D4D925;9.237;2;2;1;plast;11;0.83;1
23;6;Ind24;0417693122;8.263;2;2;0;plast;9;0.83;1
23;6;Ind24;0417693122;8.263;2;2;0;plast;3;0.83;1
24;7;Ind13;0416D4DD55;7.923;2;2;0;plast;9;0.3;1
24;7;Ind13;0416D4DD55;7.923;2;2;0;plast;3;0.3;1
24;7;Ind14;04162DE022;8.282;2;2;1;plast;5;0.3;1
24;7;Ind14;04162DE022;8.282;2;2;1;plast;12;0.3;1
24;7;Ind15;04176926F9;8.76;2;2;0;plast;7;0.3;1
24;7;Ind15;04176926F9;8.76;2;2;0;plast;2;0.3;1
24;7;Ind16;0417690F10;9.48;2;2;0;plast;4;0.3;1
24;7;Ind16;0417690F10;9.48;2;2;0;plast;10;0.3;1
24;7;Ind17;0416D4EEC8;9.076;2;2;0;plast;8;0.3;1
24;7;Ind17;0416D4EEC8;9.076;2;2;0;plast;1;0.3;1
24;7;Ind18;04176909FE;8.435;2;2;0;plast;6;0.3;1
24;7;Ind18;04176909FE;8.435;2;2;0;plast;11;0.3;1
24;7;Ind19;041768FD37;9.196;2;2;0;plast;3;0.83;1
24;7;Ind19;041768FD37;9.196;2;2;0;plast;8;0.83;1
24;7;Ind20;0416D4DB39;7.846;2;2;0;plast;12;0.83;1
24;7;Ind20;0416D4DB39;7.846;2;2;0;plast;6;0.83;1
24;7;Ind21;041768FE9F;9.11;2;2;0;plast;2;0.83;1
24;7;Ind21;041768FE9F;9.11;2;2;0;plast;9;0.83;1
24;7;Ind22;0417690F1C;7.926;2;2;1;plast;11;0.83;1
24;7;Ind22;0417690F1C;7.926;2;2;1;plast;4;0.83;1
24;7;Ind23;0416D4D925;9.301;2;2;0;plast;1;0.83;1
24;7;Ind23;0416D4D925;9.301;2;2;0;plast;7;0.83;1
24;7;Ind24;0417693122;7.994;2;2;1;plast;10;0.83;1
24;7;Ind24;0417693122;7.994;2;2;1;plast;5;0.83;1
25;8;Ind13;0416D4DD55;7.624;2;2;0;plast;6;0.3;1
25;8;Ind13;0416D4DD55;7.624;2;2;0;plast;11;0.3;1
25;8;Ind14;04162DE022;8.255;2;2;0;plast;9;0.3;1
25;8;Ind14;04162DE022;8.255;2;2;0;plast;3;0.3;1
25;8;Ind15;04176926F9;8.691;2;2;0;plast;5;0.3;1
25;8;Ind15;04176926F9;8.691;2;2;0;plast;12;0.3;1
25;8;Ind16;0417690F10;9.301;2;2;0;plast;7;0.3;1
25;8;Ind16;0417690F10;9.301;2;2;0;plast;2;0.3;1
25;8;Ind17;0416D4EEC8;8.881;2;2;0;plast;4;0.3;1
25;8;Ind17;0416D4EEC8;8.881;2;2;0;plast;10;0.3;1
25;8;Ind18;04176909FE;8.255;2;2;0;plast;8;0.3;1
25;8;Ind18;04176909FE;8.255;2;2;0;plast;1;0.3;1
25;8;Ind19;04176902CD;9.015;2;2;0;plast;10;0.83;1
25;8;Ind19;04176902CD;9.015;2;2;0;plast;5;0.83;1
25;8;Ind20;0416D4DB39;7.635;2;2;0;plast;3;0.83;1
25;8;Ind20;0416D4DB39;7.635;2;2;0;plast;8;0.83;1
25;8;Ind21;041768FE9F;8.984;2;2;0;plast;12;0.83;1
25;8;Ind21;041768FE9F;8.984;2;2;0;plast;6;0.83;1
25;8;Ind22;0417690F1C;7.636;2;2;>22:00<01:30;plast;2;0.83;1
25;8;Ind22;0417690F1C;7.636;2;2;>22:00<01:30;plast;9;0.83;1
25;8;Ind23;0416D4D925;9.129;2;2;0;plast;11;0.83;1
25;8;Ind23;0416D4D925;9.129;2;2;0;plast;4;0.83;1
25;8;Ind24;0417693122;7.778;2;2;0;plast;1;0.83;1
25;8;Ind24;0417693122;7.778;2;2;0;plast;7;0.83;1
26;9;Ind13;0416D4DD55;7.253;2;2;1;plast;8;0.3;1
26;9;Ind13;0416D4DD55;7.253;2;2;1;plast;1;0.3;1
26;9;Ind14;04162DE022;7.975;2;2;0;plast;6;0.3;1
26;9;Ind14;04162DE022;7.975;2;2;0;plast;11;0.3;1
26;9;Ind15;04176926F9;8.486;2;2;1;plast;9;0.3;1
26;9;Ind15;04176926F9;8.486;2;2;1;plast;3;0.3;1
26;9;Ind16;0417690F10;9.013;2;2;0;plast;5;0.3;1
26;9;Ind16;0417690F10;9.013;2;2;0;plast;12;0.3;1
26;9;Ind17;0416D4EEC8;8.611;2;2;0;plast;7;0.3;1
26;9;Ind17;0416D4EEC8;8.611;2;2;0;plast;2;0.3;1
26;9;Ind18;04176909FE;8.122;2;2;1;plast;4;0.3;1
26;9;Ind18;04176909FE;8.122;2;2;1;plast;10;0.3;1
26;9;Ind19;04176902CD;8.91;2;2;0;plast;1;0.83;1
26;9;Ind19;04176902CD;8.91;2;2;0;plast;7;0.83;1
26;9;Ind20;0416D4DB39;7.41;2;2;0;plast;10;0.83;1
26;9;Ind20;0416D4DB39;7.41;2;2;0;plast;5;0.83;1
26;9;Ind21;041768FE9F;8.769;2;2;0;plast;3;0.83;1
26;9;Ind21;041768FE9F;8.769;2;2;0;plast;8;0.83;1
26;9;Ind22;0417690F1C;7.459;2;2;0;plast;12;0.83;1
26;9;Ind22;0417690F1C;7.459;2;2;0;plast;6;0.83;1
26;9;Ind23;0416D4D925;8.884;2;2;0;plast;2;0.83;1
26;9;Ind23;0416D4D925;8.884;2;2;0;plast;9;0.83;1
26;9;Ind24;0417693122;7.589;2;2;0;plast;11;0.83;1
26;9;Ind24;0417693122;7.589;2;2;0;plast;4;0.83;1
27;10;Ind13;0416D4DD55;7.783;2;2;0;plast;4;0.83;1
27;10;Ind13;0416D4DD55;7.783;2;2;0;plast;10;0.83;1
27;10;Ind14;04162DE022;8.211;2;2;0;plast;8;0.83;1
27;10;Ind14;04162DE022;8.211;2;2;0;plast;1;0.83;1
27;10;Ind15;04176926F9;8.68;2;2;0;plast;6;0.83;1
27;10;Ind15;04176926F9;8.68;2;2;0;plast;11;0.83;1
27;10;Ind16;0417690F10;9.278;2;2;0;plast;9;0.83;1
27;10;Ind16;0417690F10;9.278;2;2;0;plast;3;0.83;1
27;10;Ind17;0416D4EEC8;8.926;2;2;0;plast;5;0.83;1
27;10;Ind17;0416D4EEC8;8.926;2;2;0;plast;12;0.83;1
27;10;Ind18;04176909FE;8.377;2;2;0;plast;7;0.83;1
27;10;Ind18;04176909FE;8.377;2;2;0;plast;2;0.83;1
27;10;Ind19;04176902CD;9.173;2;2;0;plast;11;0.3;1
27;10;Ind19;04176902CD;9.173;2;2;0;plast;4;0.3;1
27;10;Ind20;0416D4DB39;7.683;2;2;0;plast;1;0.3;1
27;10;Ind20;0416D4DB39;7.683;2;2;0;plast;7;0.3;1
27;10;Ind21;041768FE9F;8.949;2;2;0;plast;10;0.3;1
27;10;Ind21;041768FE9F;8.949;2;2;0;plast;5;0.3;1
27;10;Ind22;0417690F1C;7.73;2;2;0;plast;3;0.3;1
27;10;Ind22;0417690F1C;7.73;2;2;0;plast;8;0.3;1
27;10;Ind23;0416D4D925;9.092;2;2;1;plast;12;0.3;1
27;10;Ind23;0416D4D925;9.092;2;2;1;plast;6;0.3;1
27;10;Ind24;0417693122;7.883;2;2;0;plast;2;0.3;1
27;10;Ind24;0417693122;7.883;2;2;0;plast;9;0.3;1
28;11;Ind13;0416D4DD55;7.421;2;2;0;plast;7;0.83;1
28;11;Ind13;0416D4DD55;7.421;2;2;0;plast;2;0.83;1
28;11;Ind14;04162DE022;7.992;2;2;0;plast;4;0.83;1
28;11;Ind14;04162DE022;7.992;2;2;0;plast;10;0.83;1
28;11;Ind15;04176926F9;8.522;2;2;0;plast;8;0.83;1
28;11;Ind15;04176926F9;8.522;2;2;0;plast;1;0.83;1
28;11;Ind16;0417690F10;8.89;2;2;0;plast;6;0.83;1
28;11;Ind16;0417690F10;8.89;2;2;0;plast;11;0.83;1
28;11;Ind17;0416D4EEC8;8.582;2;2;1;plast;9;0.83;1
28;11;Ind17;0416D4EEC8;8.582;2;2;1;plast;3;0.83;1
28;11;Ind18;04176909FE;8.271;2;2;0;plast;5;0.83;1
28;11;Ind18;04176909FE;8.271;2;2;0;plast;12;0.83;1
28;11;Ind19;04176902CD;9.009;2;2;0;plast;2;0.3;1
28;11;Ind19;04176902CD;9.009;2;2;0;plast;9;0.3;1
28;11;Ind20;0416D4DB39;7.333;2;2;0;plast;11;0.3;1
28;11;Ind20;0416D4DB39;7.333;2;2;0;plast;4;0.3;1
28;11;Ind21;041768FE9F;8.691;2;2;0;plast;1;0.3;1
28;11;Ind21;041768FE9F;8.691;2;2;0;plast;7;0.3;1
28;11;Ind22;0417690F1C;7.467;2;2;0;plast;10;0.3;1
28;11;Ind22;0417690F1C;7.467;2;2;0;plast;5;0.3;1
28;11;Ind23;0416D4D925;9.014;2;2;0;plast;3;0.3;1
28;11;Ind23;0416D4D925;9.014;2;2;0;plast;8;0.3;1
28;11;Ind24;0417693122;7.588;2;2;0;plast;12;0.3;1
28;11;Ind24;0417693122;7.588;2;2;0;plast;6;0.3;1
29;12;Ind13;0416D4DD55;7.095;2;2;0;plast;5;0.83;1
29;12;Ind13;0416D4DD55;7.095;2;2;0;plast;12;0.83;1
29;12;Ind14;04162DE022;7.805;2;2;0;plast;7;0.83;1
29;12;Ind14;04162DE022;7.805;2;2;0;plast;2;0.83;1
29;12;Ind15;04176926F9;8.318;2;2;0;plast;4;0.83;1
29;12;Ind15;04176926F9;8.318;2;2;0;plast;10;0.83;1
29;12;Ind16;0417690F10;8.806;2;2;0;plast;8;0.83;1
29;12;Ind16;0417690F10;8.806;2;2;0;plast;1;0.83;1
29;12;Ind17;0416D4EEC8;8.419;2;2;0;plast;6;0.83;1
29;12;Ind17;0416D4EEC8;8.419;2;2;0;plast;11;0.83;1
29;12;Ind18;04176909FE;8.269;2;2;0;plast;9;0.83;1
29;12;Ind18;04176909FE;8.269;2;2;0;plast;3;0.83;1
29;12;Ind19;041768F608;8.95;2;2;1;plast;12;0.3;1
29;12;Ind19;041768F608;8.95;2;2;1;plast;6;0.3;1
29;12;Ind20;0417690DA2;7.23;2;2;0;plast;2;0.3;1
29;12;Ind20;0417690DA2;7.23;2;2;0;plast;9;0.3;1
29;12;Ind21;041768FE9F;8.438;2;2;0;plast;11;0.3;1
29;12;Ind21;041768FE9F;8.438;2;2;0;plast;4;0.3;1
29;12;Ind22;0417690F1C;7.267;2;2;0;plast;1;0.3;1
29;12;Ind22;0417690F1C;7.267;2;2;0;plast;7;0.3;1
29;12;Ind23;0416D4D925;8.834;2;2;0;plast;10;0.3;1
29;12;Ind23;0416D4D925;8.834;2;2;0;plast;5;0.3;1
29;12;Ind24;0417693122;7.385;2;2;1;plast;3;0.3;1
29;12;Ind24;0417693122;7.385;2;2;1;plast;8;0.3;1
30;13;Ind13;0416D4DD55;7.28;2;2;0;plast;10;0.83;1
30;13;Ind13;0416D4DD55;7.28;2;2;0;plast;5;0.83;1
30;13;Ind14;04162DE022;7.654;2;2;0;plast;3;0.83;1
30;13;Ind14;04162DE022;7.654;2;2;0;plast;8;0.83;1
30;13;Ind15;041768FDDF;8.191;2;2;0;plast;12;0.83;1
30;13;Ind15;041768FDDF;8.191;2;2;0;plast;6;0.83;1
30;13;Ind16;0417690F10;9.505;2;2;0;plast;2;0.83;1
30;13;Ind16;0417690F10;9.505;2;2;0;plast;9;0.83;1
30;13;Ind17;0416D4EEC8;8.36;2;2;0;plast;11;0.83;1
30;13;Ind17;0416D4EEC8;8.36;2;2;0;plast;4;0.83;1
30;13;Ind18;04176909FE;8.263;2;2;0;plast;1;0.83;1
30;13;Ind18;04176909FE;8.263;2;2;0;plast;7;0.83;1
30;13;Ind19;041768F608;9.109;2;2;0;plast;6;0.3;1
30;13;Ind19;041768F608;9.109;2;2;0;plast;11;0.3;1
30;13;Ind20;0417690DA2;7.674;2;2;0;plast;9;0.3;1
30;13;Ind20;0417690DA2;7.674;2;2;0;plast;3;0.3;1
30;13;Ind21;041768FE9F;8.454;2;2;0;plast;5;0.3;1
30;13;Ind21;041768FE9F;8.454;2;2;0;plast;12;0.3;1
30;13;Ind22;0417690F1C;7.495;2;2;0;plast;7;0.3;1
30;13;Ind22;0417690F1C;7.495;2;2;0;plast;2;0.3;1
30;13;Ind23;0416D4D925;8.978;2;2;0;plast;4;0.3;1
30;13;Ind23;0416D4D925;8.978;2;2;0;plast;10;0.3;1
30;13;Ind24;0417693122;7.861;2;2;1;plast;8;0.3;1
30;13;Ind24;0417693122;7.861;2;2;1;plast;1;0.3;1
31;14;Ind13;0416D4DD55;NA;2;2;0;flex;1;0.5;1
31;14;Ind13;0416D4DD55;NA;2;2;0;flex;7;0.5;1
31;14;Ind14;04162DE022;NA;2;2;0;flex;10;0.5;1
31;14;Ind14;04162DE022;NA;2;2;0;flex;5;0.5;1
31;14;Ind15;041768FDDF;NA;2;2;0;flex;3;0.5;1
31;14;Ind15;041768FDDF;NA;2;2;0;flex;8;0.5;1
31;14;Ind16;0417690F10;NA;2;2;0;flex;12;0.5;1
31;14;Ind16;0417690F10;NA;2;2;0;flex;6;0.5;1
31;14;Ind17;0416D4EEC8;NA;2;2;0;flex;2;0.5;1
31;14;Ind17;0416D4EEC8;NA;2;2;0;flex;9;0.5;1
31;14;Ind18;04176909FE;NA;2;2;0;flex;11;0.5;1
31;14;Ind18;04176909FE;NA;2;2;0;flex;4;0.5;1
31;14;Ind19;041768F608;NA;2;2;0;flex;8;0.5;1
31;14;Ind19;041768F608;NA;2;2;0;flex;1;0.5;1
31;14;Ind20;0417690DA2;NA;2;2;0;flex;6;0.5;1
31;14;Ind20;0417690DA2;NA;2;2;0;flex;11;0.5;1
31;14;Ind21;041768FE9F;NA;2;2;0;flex;9;0.5;1
31;14;Ind21;041768FE9F;NA;2;2;0;flex;3;0.5;1
31;14;Ind22;0417690F1C;NA;2;2;0;flex;5;0.5;1
31;14;Ind22;0417690F1C;NA;2;2;0;flex;12;0.5;1
31;14;Ind23;0416D4D925;NA;2;2;0;flex;7;0.5;1
31;14;Ind23;0416D4D925;NA;2;2;0;flex;2;0.5;1
31;14;Ind24;0417693122;NA;2;2;0;flex;4;0.5;1
31;14;Ind24;0417693122;NA;2;2;0;flex;10;0.5;1
31;14;Ind13;0416D4DD55;NA;2;2;0;flex;11;0.5;2
31;14;Ind13;0416D4DD55;NA;2;2;0;flex;4;0.5;2
31;14;Ind14;04162DE022;NA;2;2;0;flex;1;0.5;2
31;14;Ind14;04162DE022;NA;2;2;0;flex;7;0.5;2
31;14;Ind15;041768FDDF;NA;2;2;0;flex;10;0.5;2
31;14;Ind15;041768FDDF;NA;2;2;0;flex;5;0.5;2
31;14;Ind16;0417690F10;NA;2;2;0;flex;3;0.5;2
31;14;Ind16;0417690F10;NA;2;2;0;flex;8;0.5;2
31;14;Ind17;0416D4EEC8;NA;2;2;0;flex;12;0.5;2
31;14;Ind17;0416D4EEC8;NA;2;2;0;flex;6;0.5;2
31;14;Ind18;04176909FE;NA;2;2;0;flex;2;0.5;2
31;14;Ind18;04176909FE;NA;2;2;0;flex;9;0.5;2
31;14;Ind19;041768F608;NA;2;2;0;flex;4;0.5;2
31;14;Ind19;041768F608;NA;2;2;0;flex;10;0.5;2
31;14;Ind20;0417690DA2;NA;2;2;0;flex;8;0.5;2
31;14;Ind20;0417690DA2;NA;2;2;0;flex;1;0.5;2
31;14;Ind21;041768FE9F;NA;2;2;0;flex;6;0.5;2
31;14;Ind21;041768FE9F;NA;2;2;0;flex;11;0.5;2
31;14;Ind22;0417690F1C;NA;2;2;0;flex;9;0.5;2
31;14;Ind22;0417690F1C;NA;2;2;0;flex;3;0.5;2
31;14;Ind23;0416D4D925;NA;2;2;0;flex;5;0.5;2
31;14;Ind23;0416D4D925;NA;2;2;0;flex;12;0.5;2
31;14;Ind24;0417693122;NA;2;2;0;flex;7;0.5;2
31;14;Ind24;0417693122;NA;2;2;0;flex;2;0.5;2
32;15;Ind13;0416D4DD55;NA;2;2;0;flex;2;0.5;1
32;15;Ind13;0416D4DD55;NA;2;2;0;flex;9;0.5;1
32;15;Ind14;04162DE022;NA;2;2;0;flex;11;0.5;1
32;15;Ind14;04162DE022;NA;2;2;0;flex;4;0.5;1
32;15;Ind15;041768FDDF;NA;2;2;0;flex;1;0.5;1
32;15;Ind15;041768FDDF;NA;2;2;0;flex;7;0.5;1
32;15;Ind16;0417690F10;NA;2;2;0;flex;10;0.5;1
32;15;Ind16;0417690F10;NA;2;2;0;flex;5;0.5;1
32;15;Ind17;0416D4EEC8;NA;2;2;0;flex;3;0.5;1
32;15;Ind17;0416D4EEC8;NA;2;2;0;flex;8;0.5;1
32;15;Ind18;04176909FE;NA;2;2;0;flex;12;0.5;1
32;15;Ind18;04176909FE;NA;2;2;0;flex;6;0.5;1
32;15;Ind19;041768F608;NA;2;2;0;flex;7;0.5;1
32;15;Ind19;041768F608;NA;2;2;0;flex;2;0.5;1
32;15;Ind20;0417690DA2;NA;2;2;0;flex;4;0.5;1
32;15;Ind20;0417690DA2;NA;2;2;0;flex;10;0.5;1
32;15;Ind21;041768FE9F;NA;2;2;0;flex;8;0.5;1
32;15;Ind21;041768FE9F;NA;2;2;0;flex;1;0.5;1
32;15;Ind22;0417690F1C;NA;2;2;0;flex;6;0.5;1
32;15;Ind22;0417690F1C;NA;2;2;0;flex;11;0.5;1
32;15;Ind23;0416D4D925;NA;2;2;0;flex;9;0.5;1
32;15;Ind23;0416D4D925;NA;2;2;0;flex;3;0.5;1
32;15;Ind24;0417693122;NA;2;2;0;flex;5;0.5;1
32;15;Ind24;0417693122;NA;2;2;0;flex;12;0.5;1
32;15;Ind13;0416D4DD55;NA;2;2;0;flex;12;0.5;2
32;15;Ind13;0416D4DD55;NA;2;2;0;flex;6;0.5;2
32;15;Ind14;04162DE022;NA;2;2;0;flex;2;0.5;2
32;15;Ind14;04162DE022;NA;2;2;0;flex;9;0.5;2
32;15;Ind15;041768FDDF;NA;2;2;0;flex;11;0.5;2
32;15;Ind15;041768FDDF;NA;2;2;0;flex;4;0.5;2
32;15;Ind16;0417690F10;NA;2;2;0;flex;1;0.5;2
32;15;Ind16;0417690F10;NA;2;2;0;flex;7;0.5;2
32;15;Ind17;0416D4EEC8;NA;2;2;0;flex;10;0.5;2
32;15;Ind17;0416D4EEC8;NA;2;2;0;flex;5;0.5;2
32;15;Ind18;04176909FE;NA;2;2;0;flex;3;0.5;2
32;15;Ind18;04176909FE;NA;2;2;0;flex;8;0.5;2
32;15;Ind19;041768F608;NA;2;2;0;flex;5;0.5;2
32;15;Ind19;041768F608;NA;2;2;0;flex;12;0.5;2
32;15;Ind20;0417690DA2;NA;2;2;0;flex;7;0.5;2
32;15;Ind20;0417690DA2;NA;2;2;0;flex;2;0.5;2
32;15;Ind21;041768FE9F;NA;2;2;0;flex;4;0.5;2
32;15;Ind21;041768FE9F;NA;2;2;0;flex;10;0.5;2
32;15;Ind22;0417690F1C;NA;2;2;0;flex;8;0.5;2
32;15;Ind22;0417690F1C;NA;2;2;0;flex;1;0.5;2
32;15;Ind23;0416D4D925;NA;2;2;0;flex;6;0.5;2
32;15;Ind23;0416D4D925;NA;2;2;0;flex;11;0.5;2
32;15;Ind24;0417693122;NA;2;2;0;flex;9;0.5;2
32;15;Ind24;0417693122;NA;2;2;0;flex;3;0.5;2
33;16;Ind13;0416D4DD55;NA;2;2;0;flex;9;0.5;1
33;16;Ind13;0416D4DD55;NA;2;2;0;flex;3;0.5;1
33;16;Ind14;04162DE022;NA;2;2;0;flex;5;0.5;1
33;16;Ind14;04162DE022;NA;2;2;0;flex;12;0.5;1
33;16;Ind15;041768FDDF;NA;2;2;0;flex;7;0.5;1
33;16;Ind15;041768FDDF;NA;2;2;0;flex;2;0.5;1
33;16;Ind16;0417690F10;NA;2;2;0;flex;4;0.5;1
33;16;Ind16;0417690F10;NA;2;2;0;flex;10;0.5;1
33;16;Ind17;0416D4EEC8;NA;2;2;0;flex;8;0.5;1
33;16;Ind17;0416D4EEC8;NA;2;2;0;flex;1;0.5;1
33;16;Ind18;04176909FE;NA;2;2;0;flex;6;0.5;1
33;16;Ind18;04176909FE;NA;2;2;0;flex;11;0.5;1
33;16;Ind19;041768F608;NA;2;2;0;flex;3;0.5;1
33;16;Ind19;041768F608;NA;2;2;0;flex;8;0.5;1
33;16;Ind20;0417690DA2;NA;2;2;0;flex;12;0.5;1
33;16;Ind20;0417690DA2;NA;2;2;0;flex;6;0.5;1
33;16;Ind21;041768FE9F;NA;2;2;0;flex;2;0.5;1
33;16;Ind21;041768FE9F;NA;2;2;0;flex;9;0.5;1
33;16;Ind22;0417690F1C;NA;2;2;0;flex;11;0.5;1
33;16;Ind22;0417690F1C;NA;2;2;0;flex;4;0.5;1
33;16;Ind23;0416D4D925;NA;2;2;0;flex;1;0.5;1
33;16;Ind23;0416D4D925;NA;2;2;0;flex;7;0.5;1
33;16;Ind24;0417693122;NA;2;2;0;flex;10;0.5;1
33;16;Ind24;0417693122;NA;2;2;0;flex;5;0.5;1
33;16;Ind13;0416D4DD55;NA;2;2;0;flex;6;0.5;2
33;16;Ind13;0416D4DD55;NA;2;2;0;flex;11;0.5;2
33;16;Ind14;04162DE022;NA;2;2;0;flex;9;0.5;2
33;16;Ind14;04162DE022;NA;2;2;0;flex;3;0.5;2
33;16;Ind15;041768FDDF;NA;2;2;0;flex;5;0.5;2
33;16;Ind15;041768FDDF;NA;2;2;0;flex;12;0.5;2
33;16;Ind16;0417690F10;NA;2;2;0;flex;7;0.5;2
33;16;Ind16;0417690F10;NA;2;2;0;flex;2;0.5;2
33;16;Ind17;0416D4EEC8;NA;2;2;0;flex;4;0.5;2
33;16;Ind17;0416D4EEC8;NA;2;2;0;flex;10;0.5;2
33;16;Ind18;04176909FE;NA;2;2;0;flex;8;0.5;2
33;16;Ind18;04176909FE;NA;2;2;0;flex;1;0.5;2
33;16;Ind19;041768F608;NA;2;2;0;flex;10;0.5;2
33;16;Ind19;041768F608;NA;2;2;0;flex;5;0.5;2
33;16;Ind20;0417690DA2;NA;2;2;0;flex;3;0.5;2
33;16;Ind20;0417690DA2;NA;2;2;0;flex;8;0.5;2
33;16;Ind21;041768FE9F;NA;2;2;0;flex;12;0.5;2
33;16;Ind21;041768FE9F;NA;2;2;0;flex;6;0.5;2
33;16;Ind22;0417690F1C;NA;2;2;0;flex;2;0.5;2
33;16;Ind22;0417690F1C;NA;2;2;0;flex;9;0.5;2
33;16;Ind23;0416D4D925;NA;2;2;0;flex;11;0.5;2
33;16;Ind23;0416D4D925;NA;2;2;0;flex;4;0.5;2
33;16;Ind24;0417693122;NA;2;2;0;flex;1;0.5;2
33;16;Ind24;0417693122;NA;2;2;0;flex;7;0.5;2
34;17;Ind13;0416D4DD55;NA;2;2;0;flex;8;0.5;1
34;17;Ind13;0416D4DD55;NA;2;2;0;flex;1;0.5;1
34;17;Ind14;04162DE022;NA;2;2;0;flex;6;0.5;1
34;17;Ind14;04162DE022;NA;2;2;0;flex;11;0.5;1
34;17;Ind15;041768FDDF;NA;2;2;0;flex;9;0.5;1
34;17;Ind15;041768FDDF;NA;2;2;0;flex;3;0.5;1
34;17;Ind16;0417690F10;NA;2;2;0;flex;5;0.5;1
34;17;Ind16;0417690F10;NA;2;2;0;flex;12;0.5;1
34;17;Ind17;0416D4EEC8;NA;2;2;0;flex;7;0.5;1
34;17;Ind17;0416D4EEC8;NA;2;2;0;flex;2;0.5;1
34;17;Ind18;04176909FE;NA;2;2;0;flex;4;0.5;1
34;17;Ind18;04176909FE;NA;2;2;0;flex;10;0.5;1
34;17;Ind19;041768F608;NA;2;2;0;flex;1;0.5;1
34;17;Ind19;041768F608;NA;2;2;0;flex;7;0.5;1
34;17;Ind20;0417690DA2;NA;2;2;0;flex;10;0.5;1
34;17;Ind20;0417690DA2;NA;2;2;0;flex;5;0.5;1
34;17;Ind21;041768FE9F;NA;2;2;0;flex;3;0.5;1
34;17;Ind21;041768FE9F;NA;2;2;0;flex;8;0.5;1
34;17;Ind22;0417690F1C;NA;2;2;0;flex;12;0.5;1
34;17;Ind22;0417690F1C;NA;2;2;0;flex;6;0.5;1
34;17;Ind23;0416D4D925;NA;2;2;0;flex;2;0.5;1
34;17;Ind23;0416D4D925;NA;2;2;0;flex;9;0.5;1
34;17;Ind24;0417693122;NA;2;2;0;flex;11;0.5;1
34;17;Ind24;0417693122;NA;2;2;0;flex;4;0.5;1
34;17;Ind13;0416D4DD55;NA;2;2;0;flex;4;0.5;2
34;17;Ind13;0416D4DD55;NA;2;2;0;flex;10;0.5;2
34;17;Ind14;04162DE022;NA;2;2;0;flex;8;0.5;2
34;17;Ind14;04162DE022;NA;2;2;0;flex;1;0.5;2
34;17;Ind15;041768FDDF;NA;2;2;0;flex;6;0.5;2
34;17;Ind15;041768FDDF;NA;2;2;0;flex;11;0.5;2
34;17;Ind16;0417690F10;NA;2;2;0;flex;9;0.5;2
34;17;Ind16;0417690F10;NA;2;2;0;flex;3;0.5;2
34;17;Ind17;0416D4EEC8;NA;2;2;0;flex;5;0.5;2
34;17;Ind17;0416D4EEC8;NA;2;2;0;flex;12;0.5;2
34;17;Ind18;04176909FE;NA;2;2;0;flex;7;0.5;2
34;17;Ind18;04176909FE;NA;2;2;0;flex;2;0.5;2
34;17;Ind19;041768F608;NA;2;2;0;flex;11;0.5;2
34;17;Ind19;041768F608;NA;2;2;0;flex;4;0.5;2
34;17;Ind20;0417690DA2;NA;2;2;0;flex;1;0.5;2
34;17;Ind20;0417690DA2;NA;2;2;0;flex;7;0.5;2
34;17;Ind21;041768FE9F;NA;2;2;0;flex;10;0.5;2
34;17;Ind21;041768FE9F;NA;2;2;0;flex;5;0.5;2
34;17;Ind22;0417690F1C;NA;2;2;0;flex;3;0.5;2
34;17;Ind22;0417690F1C;NA;2;2;0;flex;8;0.5;2
34;17;Ind23;0416D4D925;NA;2;2;0;flex;12;0.5;2
34;17;Ind23;0416D4D925;NA;2;2;0;flex;6;0.5;2
34;17;Ind24;0417693122;NA;2;2;0;flex;2;0.5;2
34;17;Ind24;0417693122;NA;2;2;0;flex;9;0.5;2
35;1;Ind25;041769291F;8.578;3;1;0;train;3;0.5;1
35;1;Ind25;041769291F;8.578;3;1;0;train;8;0.5;1
35;1;Ind26;0417692F2C;9.172;3;1;0;train;12;0.5;1
35;1;Ind26;0417692F2C;9.172;3;1;0;train;6;0.5;1
35;1;Ind27;041768F306;8.16;3;1;0;train;2;0.5;1
35;1;Ind27;041768F306;8.16;3;1;0;train;9;0.5;1
35;1;Ind28;0417691B6F;8.793;3;1;0;train;11;0.5;1
35;1;Ind28;0417691B6F;8.793;3;1;0;train;4;0.5;1
35;1;Ind29;041769242A;8.087;3;1;0;train;1;0.5;1
35;1;Ind29;041769242A;8.087;3;1;0;train;7;0.5;1
35;1;Ind30;0417690155;8.519;3;1;0;train;10;0.5;1
35;1;Ind30;0417690155;8.519;3;1;0;train;5;0.5;1
35;1;Ind31;0417690A0A;8.375;3;1;0;train;9;0.5;1
35;1;Ind31;0417690A0A;8.375;3;1;0;train;3;0.5;1
35;1;Ind32;04176927AE;9.336;3;1;0;train;5;0.5;1
35;1;Ind32;04176927AE;9.336;3;1;0;train;12;0.5;1
35;1;Ind33;041768FC7B;9.085;3;1;0;train;7;0.5;1
35;1;Ind33;041768FC7B;9.085;3;1;0;train;2;0.5;1
35;1;Ind34;04176929BD;8.885;3;1;0;train;4;0.5;1
35;1;Ind34;04176929BD;8.885;3;1;0;train;10;0.5;1
35;1;Ind35;0417691AC8;8.853;3;1;0;train;8;0.5;1
35;1;Ind35;0417691AC8;8.853;3;1;0;train;1;0.5;1
35;1;Ind36;0417692639;8.801;3;1;0;train;6;0.5;1
35;1;Ind36;0417692639;8.801;3;1;0;train;11;0.5;1
36;2;Ind25;041769291F;8.664;3;1;0;plast;10;0.5;1
36;2;Ind25;041769291F;8.664;3;1;0;plast;5;0.5;1
36;2;Ind26;0417692F2C;9.032;3;1;0;plast;3;0.5;1
36;2;Ind26;0417692F2C;9.032;3;1;0;plast;8;0.5;1
36;2;Ind27;041768F306;8.202;3;1;0;plast;12;0.5;1
36;2;Ind27;041768F306;8.202;3;1;0;plast;6;0.5;1
36;2;Ind28;0417691B6F;8.867;3;1;0;plast;2;0.5;1
36;2;Ind28;0417691B6F;8.867;3;1;0;plast;9;0.5;1
36;2;Ind29;041769242A;8.116;3;1;0;plast;11;0.5;1
36;2;Ind29;041769242A;8.116;3;1;0;plast;4;0.5;1
36;2;Ind30;0417690155;8.506;3;1;0;plast;1;0.5;1
36;2;Ind30;0417690155;8.506;3;1;0;plast;7;0.5;1
36;2;Ind31;0417690A0A;8.29;3;1;0;plast;6;0.5;1
36;2;Ind31;0417690A0A;8.29;3;1;0;plast;11;0.5;1
36;2;Ind32;04176927AE;9.244;3;1;0;plast;9;0.5;1
36;2;Ind32;04176927AE;9.244;3;1;0;plast;3;0.5;1
36;2;Ind33;041768FC7B;9.116;3;1;0;plast;5;0.5;1
36;2;Ind33;041768FC7B;9.116;3;1;0;plast;12;0.5;1
36;2;Ind34;04176929BD;8.766;3;1;0;plast;7;0.5;1
36;2;Ind34;04176929BD;8.766;3;1;0;plast;2;0.5;1
36;2;Ind35;0417691AC8;8.762;3;1;0;plast;4;0.5;1
36;2;Ind35;0417691AC8;8.762;3;1;0;plast;10;0.5;1
36;2;Ind36;0417692639;8.773;3;1;0;plast;8;0.5;1
36;2;Ind36;0417692639;8.773;3;1;0;plast;1;0.5;1
37;3;Ind25;041769291F;8.502;3;1;0;plast;1;0.5;1
37;3;Ind25;041769291F;8.502;3;1;0;plast;7;0.5;1
37;3;Ind26;0417692F2C;9.048;3;1;0;plast;10;0.5;1
37;3;Ind26;0417692F2C;9.048;3;1;0;plast;5;0.5;1
37;3;Ind27;041768F306;8.062;3;1;0;plast;3;0.5;1
37;3;Ind27;041768F306;8.062;3;1;0;plast;8;0.5;1
37;3;Ind28;0417691B6F;8.904;3;1;0;plast;12;0.5;1
37;3;Ind28;0417691B6F;8.904;3;1;0;plast;6;0.5;1
37;3;Ind29;041769242A;8.109;3;1;0;plast;2;0.5;1
37;3;Ind29;041769242A;8.109;3;1;0;plast;9;0.5;1
37;3;Ind30;0417690155;8.451;3;1;0;plast;11;0.5;1
37;3;Ind30;0417690155;8.451;3;1;0;plast;4;0.5;1
37;3;Ind31;0417690A0A;8.15;3;1;0;plast;8;0.5;1
37;3;Ind31;0417690A0A;8.15;3;1;0;plast;1;0.5;1
37;3;Ind32;04176927AE;9.229;3;1;0;plast;6;0.5;1
37;3;Ind32;04176927AE;9.229;3;1;0;plast;11;0.5;1
37;3;Ind33;041768FC7B;9.161;3;1;0;plast;9;0.5;1
37;3;Ind33;041768FC7B;9.161;3;1;0;plast;3;0.5;1
37;3;Ind34;04176929BD;8.777;3;1;0;plast;5;0.5;1
37;3;Ind34;04176929BD;8.777;3;1;0;plast;12;0.5;1
37;3;Ind35;0417691AC8;8.907;3;1;0;plast;7;0.5;1
37;3;Ind35;0417691AC8;8.907;3;1;0;plast;2;0.5;1
37;3;Ind36;0417692639;8.667;3;1;0;plast;4;0.5;1
37;3;Ind36;0417692639;8.667;3;1;0;plast;10;0.5;1
38;4;Ind25;041769291F;8.26;3;1;0;plast;11;0.5;1
38;4;Ind25;041769291F;8.26;3;1;0;plast;4;0.5;1
38;4;Ind26;0417692F2C;9.008;3;1;0;plast;1;0.5;1
38;4;Ind26;0417692F2C;9.008;3;1;0;plast;7;0.5;1
38;4;Ind27;041768F306;8.001;3;1;0;plast;10;0.5;1
38;4;Ind27;041768F306;8.001;3;1;0;plast;5;0.5;1
38;4;Ind28;0417691B6F;8.796;3;1;0;plast;3;0.5;1
38;4;Ind28;0417691B6F;8.796;3;1;0;plast;8;0.5;1
38;4;Ind29;041769242A;8.029;3;1;0;plast;12;0.5;1
38;4;Ind29;041769242A;8.029;3;1;0;plast;6;0.5;1
38;4;Ind30;0417690155;8.422;3;1;0;plast;2;0.5;1
38;4;Ind30;0417690155;8.422;3;1;0;plast;9;0.5;1
38;4;Ind31;0417690A0A;7.94;3;1;0;plast;4;0.5;1
38;4;Ind31;0417690A0A;7.94;3;1;0;plast;10;0.5;1
38;4;Ind32;0417690F20;8.836;3;1;0;plast;8;0.5;1
38;4;Ind32;0417690F20;8.836;3;1;0;plast;1;0.5;1
38;4;Ind33;041768FC7B;9.252;3;1;0;plast;6;0.5;1
38;4;Ind33;041768FC7B;9.252;3;1;0;plast;11;0.5;1
38;4;Ind34;04176929BD;8.797;3;1;0;plast;9;0.5;1
38;4;Ind34;04176929BD;8.797;3;1;0;plast;3;0.5;1
38;4;Ind35;0417691AC8;8.608;3;1;0;plast;5;0.5;1
38;4;Ind35;0417691AC8;8.608;3;1;0;plast;12;0.5;1
38;4;Ind36;0417692639;8.554;3;1;0;plast;7;0.5;1
38;4;Ind36;0417692639;8.554;3;1;0;plast;2;0.5;1
39;5;Ind25;041769291F;8.257;3;1;0;plast;2;0.5;1
39;5;Ind25;041769291F;8.257;3;1;0;plast;9;0.5;1
39;5;Ind26;0417692F2C;8.898;3;1;0;plast;11;0.5;1
39;5;Ind26;0417692F2C;8.898;3;1;0;plast;4;0.5;1
39;5;Ind27;041768F306;7.917;3;1;0;plast;1;0.5;1
39;5;Ind27;041768F306;7.917;3;1;0;plast;7;0.5;1
39;5;Ind28;0417691B6F;8.772;3;1;0;plast;10;0.5;1
39;5;Ind28;0417691B6F;8.772;3;1;0;plast;5;0.5;1
39;5;Ind29;041769242A;7.788;3;1;1;plast;3;0.5;1
39;5;Ind29;041769242A;7.788;3;1;1;plast;8;0.5;1
39;5;Ind30;0417690155;8.378;3;1;0;plast;12;0.5;1
39;5;Ind30;0417690155;8.378;3;1;0;plast;6;0.5;1
39;5;Ind31;0417690A0A;7.72;3;1;1;plast;7;0.5;1
39;5;Ind31;0417690A0A;7.72;3;1;1;plast;2;0.5;1
39;5;Ind32;0417690F20;8.995;3;1;0;plast;4;0.5;1
39;5;Ind32;0417690F20;8.995;3;1;0;plast;10;0.5;1
39;5;Ind33;041768FC7B;9.03;3;1;0;plast;8;0.5;1
39;5;Ind33;041768FC7B;9.03;3;1;0;plast;1;0.5;1
39;5;Ind34;04176929BD;8.649;3;1;0;plast;6;0.5;1
39;5;Ind34;04176929BD;8.649;3;1;0;plast;11;0.5;1
39;5;Ind35;0417691AC8;8.541;3;1;0;plast;9;0.5;1
39;5;Ind35;0417691AC8;8.541;3;1;0;plast;3;0.5;1
39;5;Ind36;0417692639;8.616;3;1;0;plast;5;0.5;1
39;5;Ind36;0417692639;8.616;3;1;0;plast;12;0.5;1
40;6;Ind25;041769291F;8.447;3;1;0;plast;12;0.3;1
40;6;Ind25;041769291F;8.447;3;1;0;plast;6;0.3;1
40;6;Ind26;0417692F2C;9.04;3;1;0;plast;2;0.3;1
40;6;Ind26;0417692F2C;9.04;3;1;0;plast;9;0.3;1
40;6;Ind27;041768F306;8.091;3;1;0;plast;11;0.3;1
40;6;Ind27;041768F306;8.091;3;1;0;plast;4;0.3;1
40;6;Ind28;0417691B6F;8.861;3;1;0;plast;1;0.3;1
40;6;Ind28;0417691B6F;8.861;3;1;0;plast;7;0.3;1
40;6;Ind29;041769242A;8.13;3;1;0;plast;10;0.3;1
40;6;Ind29;041769242A;8.13;3;1;0;plast;5;0.3;1
40;6;Ind30;0417690155;8.626;3;1;0;plast;3;0.3;1
40;6;Ind30;0417690155;8.626;3;1;0;plast;8;0.3;1
40;6;Ind31;0417690A0A;8.243;3;1;0;plast;5;0.83;1
40;6;Ind31;0417690A0A;8.243;3;1;0;plast;12;0.83;1
40;6;Ind32;0417692BD1;9.284;3;1;0;plast;7;0.83;1
40;6;Ind32;0417692BD1;9.284;3;1;0;plast;2;0.83;1
40;6;Ind33;041768FC7B;9.512;3;1;0;plast;4;0.83;1
40;6;Ind33;041768FC7B;9.512;3;1;0;plast;10;0.83;1
40;6;Ind34;04176929BD;8.824;3;1;0;plast;8;0.83;1
40;6;Ind34;04176929BD;8.824;3;1;0;plast;1;0.83;1
40;6;Ind35;04176936A2;8.608;3;1;0;plast;6;0.83;1
40;6;Ind35;04176936A2;8.608;3;1;0;plast;11;0.83;1
40;6;Ind36;0417692639;8.882;3;1;0;plast;9;0.83;1
40;6;Ind36;0417692639;8.882;3;1;0;plast;3;0.83;1
41;7;Ind25;041769291F;8.315;3;1;0;plast;9;0.3;1
41;7;Ind25;041769291F;8.315;3;1;0;plast;3;0.3;1
41;7;Ind26;0417692F2C;8.925;3;1;0;plast;5;0.3;1
41;7;Ind26;0417692F2C;8.925;3;1;0;plast;12;0.3;1
41;7;Ind27;041768F306;7.925;3;1;1;plast;7;0.3;1
41;7;Ind27;041768F306;7.925;3;1;1;plast;2;0.3;1
41;7;Ind28;0417691B6F;8.713;3;1;0;plast;4;0.3;1
41;7;Ind28;0417691B6F;8.713;3;1;0;plast;10;0.3;1
41;7;Ind29;041769242A;8.004;3;1;0;plast;8;0.3;1
41;7;Ind29;041769242A;8.004;3;1;0;plast;1;0.3;1
41;7;Ind30;0417690155;8.363;3;1;0;plast;6;0.3;1
41;7;Ind30;0417690155;8.363;3;1;0;plast;11;0.3;1
41;7;Ind31;0417690A0A;7.936;3;1;0;plast;3;0.83;1
41;7;Ind31;0417690A0A;7.936;3;1;0;plast;8;0.83;1
41;7;Ind32;0417692BD1;9.146;3;1;0;plast;12;0.83;1
41;7;Ind32;0417692BD1;9.146;3;1;0;plast;6;0.83;1
41;7;Ind33;041768FC7B;9.291;3;1;0;plast;2;0.83;1
41;7;Ind33;041768FC7B;9.291;3;1;0;plast;9;0.83;1
41;7;Ind34;04176929BD;8.645;3;1;0;plast;11;0.83;1
41;7;Ind34;04176929BD;8.645;3;1;0;plast;4;0.83;1
41;7;Ind35;04176936A2;8.465;3;1;0;plast;1;0.83;1
41;7;Ind35;04176936A2;8.465;3;1;0;plast;7;0.83;1
41;7;Ind36;0417692639;8.743;3;1;0;plast;10;0.83;1
41;7;Ind36;0417692639;8.743;3;1;0;plast;5;0.83;1
42;8;Ind25;041769291F;8.216;3;1;0;plast;6;0.3;1
42;8;Ind25;041769291F;8.216;3;1;0;plast;11;0.3;1
42;8;Ind26;0417692F2C;8.902;3;1;0;plast;9;0.3;1
42;8;Ind26;0417692F2C;8.902;3;1;0;plast;3;0.3;1
42;8;Ind27;041768F306;7.832;3;1;0;plast;5;0.3;1
42;8;Ind27;041768F306;7.832;3;1;0;plast;12;0.3;1
42;8;Ind28;0417691B6F;8.495;3;1;>21:15<23:40;plast;7;0.3;1
42;8;Ind28;0417691B6F;8.495;3;1;>21:15<23:40;plast;2;0.3;1
42;8;Ind29;041769242A;7.794;3;1;0;plast;4;0.3;1
42;8;Ind29;041769242A;7.794;3;1;0;plast;10;0.3;1
42;8;Ind30;0417690155;8.153;3;1;1;plast;8;0.3;1
42;8;Ind30;0417690155;8.153;3;1;1;plast;1;0.3;1
42;8;Ind31;0417690A0A;7.812;3;1;0;plast;10;0.83;1
42;8;Ind31;0417690A0A;7.812;3;1;0;plast;5;0.83;1
42;8;Ind32;0417692BD1;9.04;3;1;0;plast;3;0.83;1
42;8;Ind32;0417692BD1;9.04;3;1;0;plast;8;0.83;1
42;8;Ind33;041768FC7B;9.138;3;1;1;plast;12;0.83;1
42;8;Ind33;041768FC7B;9.138;3;1;1;plast;6;0.83;1
42;8;Ind34;04176929BD;8.406;3;1;1;plast;2;0.83;1
42;8;Ind34;04176929BD;8.406;3;1;1;plast;9;0.83;1
42;8;Ind35;04176936A2;8.478;3;1;1;plast;11;0.83;1
42;8;Ind35;04176936A2;8.478;3;1;1;plast;4;0.83;1
42;8;Ind36;0417692639;8.637;3;1;>19:40<22:10;plast;1;0.83;1
42;8;Ind36;0417692639;8.637;3;1;>19:40<22:10;plast;7;0.83;1
43;9;Ind25;041769291F;8.185;3;1;0;plast;8;0.3;1
43;9;Ind25;041769291F;8.185;3;1;0;plast;1;0.3;1
43;9;Ind26;0417692F2C;8.879;3;1;0;plast;6;0.3;1
43;9;Ind26;0417692F2C;8.879;3;1;0;plast;11;0.3;1
43;9;Ind27;041768F306;7.79;3;1;0;plast;9;0.3;1
43;9;Ind27;041768F306;7.79;3;1;0;plast;3;0.3;1
43;9;Ind28;0417691B6F;8.401;3;1;0;plast;5;0.3;1
43;9;Ind28;0417691B6F;8.401;3;1;0;plast;12;0.3;1
43;9;Ind29;041769242A;7.767;3;1;0;plast;7;0.3;1
43;9;Ind29;041769242A;7.767;3;1;0;plast;2;0.3;1
43;9;Ind30;0417690155;7.97;3;1;1;plast;4;0.3;1
43;9;Ind30;0417690155;7.97;3;1;1;plast;10;0.3;1
43;9;Ind31;0417690A0A;7.528;3;1;0;plast;1;0.83;1
43;9;Ind31;0417690A0A;7.528;3;1;0;plast;7;0.83;1
43;9;Ind32;0417692BD1;8.967;3;1;0;plast;10;0.83;1
43;9;Ind32;0417692BD1;8.967;3;1;0;plast;5;0.83;1
43;9;Ind33;041768FC7B;9.161;3;1;0;plast;3;0.83;1
43;9;Ind33;041768FC7B;9.161;3;1;0;plast;8;0.83;1
43;9;Ind34;04176929BD;8.305;3;1;0;plast;12;0.83;1
43;9;Ind34;04176929BD;8.305;3;1;0;plast;6;0.83;1
43;9;Ind35;04176936A2;8.35;3;1;0;plast;2;0.83;1
43;9;Ind35;04176936A2;8.35;3;1;0;plast;9;0.83;1
43;9;Ind36;0417692639;8.607;3;1;0;plast;11;0.83;1
43;9;Ind36;0417692639;8.607;3;1;0;plast;4;0.83;1
44;10;Ind25;041769291F;8.244;3;1;0;plast;4;0.83;1
44;10;Ind25;041769291F;8.244;3;1;0;plast;10;0.83;1
44;10;Ind26;0417692F2C;9.121;3;1;1;plast;8;0.83;1
44;10;Ind26;0417692F2C;9.121;3;1;1;plast;1;0.83;1
44;10;Ind27;041768F306;8.253;3;1;0;plast;6;0.83;1
44;10;Ind27;041768F306;8.253;3;1;0;plast;11;0.83;1
44;10;Ind28;0417691B6F;8.612;3;1;0;plast;9;0.83;1
44;10;Ind28;0417691B6F;8.612;3;1;0;plast;3;0.83;1
44;10;Ind29;041769242A;7.844;3;1;0;plast;5;0.83;1
44;10;Ind29;041769242A;7.844;3;1;0;plast;12;0.83;1
44;10;Ind30;0417690155;8.408;3;1;0;plast;7;0.83;1
44;10;Ind30;0417690155;8.408;3;1;0;plast;2;0.83;1
44;10;Ind31;0417690A0A;7.907;3;1;0;plast;11;0.3;1
44;10;Ind31;0417690A0A;7.907;3;1;0;plast;4;0.3;1
44;10;Ind32;04176909FE;8.823;3;1;0;plast;1;0.3;1
44;10;Ind32;04176909FE;8.823;3;1;0;plast;7;0.3;1
44;10;Ind33;04176926F9;9.185;3;1;0;plast;10;0.3;1
44;10;Ind33;04176926F9;9.185;3;1;0;plast;5;0.3;1
44;10;Ind34;04176929BD;8.431;3;1;0;plast;3;0.3;1
44;10;Ind34;04176929BD;8.431;3;1;0;plast;8;0.3;1
44;10;Ind35;04176936A2;8.492;3;1;0;plast;12;0.3;1
44;10;Ind35;04176936A2;8.492;3;1;0;plast;6;0.3;1
44;10;Ind36;0417692639;8.735;3;1;0;plast;2;0.3;1
44;10;Ind36;0417692639;8.735;3;1;0;plast;9;0.3;1
45;11;Ind25;041769291F;8.081;3;1;0;plast;7;0.83;1
45;11;Ind25;041769291F;8.081;3;1;0;plast;2;0.83;1
45;11;Ind26;0417692F2C;9.108;3;1;0;plast;4;0.83;1
45;11;Ind26;0417692F2C;9.108;3;1;0;plast;10;0.83;1
45;11;Ind27;041768F306;8.029;3;1;0;plast;8;0.83;1
45;11;Ind27;041768F306;8.029;3;1;0;plast;1;0.83;1
45;11;Ind28;0417691B6F;8.525;3;1;0;plast;6;0.83;1
45;11;Ind28;0417691B6F;8.525;3;1;0;plast;11;0.83;1
45;11;Ind29;041769242A;7.828;3;1;0;plast;9;0.83;1
45;11;Ind29;041769242A;7.828;3;1;0;plast;3;0.83;1
45;11;Ind30;0417690155;8.253;3;1;0;plast;5;0.83;1
45;11;Ind30;0417690155;8.253;3;1;0;plast;12;0.83;1
45;11;Ind31;0417690A0A;7.798;3;1;0;plast;2;0.3;1
45;11;Ind31;0417690A0A;7.798;3;1;0;plast;9;0.3;1
45;11;Ind32;04176909FE;8.658;3;1;0;plast;11;0.3;1
45;11;Ind32;04176909FE;8.658;3;1;0;plast;4;0.3;1
45;11;Ind33;04176926F9;9.046;3;1;0;plast;1;0.3;1
45;11;Ind33;04176926F9;9.046;3;1;0;plast;7;0.3;1
45;11;Ind34;04176929BD;8.299;3;1;0;plast;10;0.3;1
45;11;Ind34;04176929BD;8.299;3;1;0;plast;5;0.3;1
45;11;Ind35;04176936A2;8.331;3;1;0;plast;3;0.3;1
45;11;Ind35;04176936A2;8.331;3;1;0;plast;8;0.3;1
45;11;Ind36;0417692639;8.67;3;1;0;plast;12;0.3;1
45;11;Ind36;0417692639;8.67;3;1;0;plast;6;0.3;1
46;12;Ind25;041769291F;7.842;3;1;0;plast;5;0.83;1
46;12;Ind25;041769291F;7.842;3;1;0;plast;12;0.83;1
46;12;Ind26;0417692F2C;9.04;3;1;0;plast;7;0.83;1
46;12;Ind26;0417692F2C;9.04;3;1;0;plast;2;0.83;1
46;12;Ind27;041768F306;7.94;3;1;0;plast;4;0.83;1
46;12;Ind27;041768F306;7.94;3;1;0;plast;10;0.83;1
46;12;Ind28;0416D4DB39;8.043;3;1;1;plast;8;0.83;1
46;12;Ind28;0416D4DB39;8.043;3;1;1;plast;1;0.83;1
46;12;Ind29;041769242A;7.67;3;1;0;plast;6;0.83;1
46;12;Ind29;041769242A;7.67;3;1;0;plast;11;0.83;1
46;12;Ind30;0417690156;7.91;3;1;1;plast;9;0.83;1
46;12;Ind30;0417690156;7.91;3;1;1;plast;3;0.83;1
46;12;Ind31;0417690165;7.466;3;1;1;plast;12;0.3;1
46;12;Ind31;0417690165;7.466;3;1;1;plast;6;0.3;1
46;12;Ind32;04176909FE;8.48;3;1;0;plast;2;0.3;1
46;12;Ind32;04176909FE;8.48;3;1;0;plast;9;0.3;1
46;12;Ind33;04176926F9;8.997;3;1;0;plast;11;0.3;1
46;12;Ind33;04176926F9;8.997;3;1;0;plast;4;0.3;1
46;12;Ind34;04176929BD;8.066;3;1;0;plast;1;0.3;1
46;12;Ind34;04176929BD;8.066;3;1;0;plast;7;0.3;1
46;12;Ind35;04176936A2;8.082;3;1;0;plast;10;0.3;1
46;12;Ind35;04176936A2;8.082;3;1;0;plast;5;0.3;1
46;12;Ind36;0417692639;8.444;3;1;1;plast;3;0.3;1
46;12;Ind36;0417692639;8.444;3;1;1;plast;8;0.3;1
47;13;Ind25;041769291F;7.783;3;1;0;plast;3;0.83;1
47;13;Ind25;041769291F;7.783;3;1;0;plast;8;0.83;1
47;13;Ind26;0417692F2C;8.906;3;1;0;plast;12;0.83;1
47;13;Ind26;0417692F2C;8.906;3;1;0;plast;6;0.83;1
47;13;Ind27;041768F306;7.814;3;1;0;plast;2;0.83;1
47;13;Ind27;041768F306;7.814;3;1;0;plast;9;0.83;1
47;13;Ind28;0416D4DB39;7.852;3;1;1;plast;11;0.83;1
47;13;Ind28;0416D4DB39;7.852;3;1;1;plast;4;0.83;1
47;13;Ind29;041769242A;7.583;3;1;0;plast;1;0.83;1
47;13;Ind29;041769242A;7.583;3;1;0;plast;7;0.83;1
47;13;Ind30;041769213E;7.95;3;1;0;plast;10;0.83;1
47;13;Ind30;041769213E;7.95;3;1;0;plast;5;0.83;1
47;13;Ind31;0417690165;7.404;3;1;0;plast;9;0.3;1
47;13;Ind31;0417690165;7.404;3;1;0;plast;3;0.3;1
47;13;Ind32;04176909FE;8.333;3;1;0;plast;5;0.3;1
47;13;Ind32;04176909FE;8.333;3;1;0;plast;12;0.3;1
47;13;Ind33;04176926F9;8.882;3;1;0;plast;7;0.3;1
47;13;Ind33;04176926F9;8.882;3;1;0;plast;2;0.3;1
47;13;Ind34;04176929BD;7.956;3;1;0;plast;4;0.3;1
47;13;Ind34;04176929BD;7.956;3;1;0;plast;10;0.3;1
47;13;Ind35;04176936A2;7.8;3;1;1;plast;8;0.3;1
47;13;Ind35;04176936A2;7.8;3;1;1;plast;1;0.3;1
47;13;Ind36;0417692639;8.321;3;1;0;plast;6;0.3;1
47;13;Ind36;0417692639;8.321;3;1;0;plast;11;0.3;1
48;14;Ind25;041769291F;NA;3;1;0;flex;10;0.5;1
48;14;Ind25;041769291F;NA;3;1;0;flex;5;0.5;1
48;14;Ind26;0417692F2C;NA;3;1;0;flex;3;0.5;1
48;14;Ind26;0417692F2C;NA;3;1;0;flex;8;0.5;1
48;14;Ind27;041768F306;NA;3;1;0;flex;12;0.5;1
48;14;Ind27;041768F306;NA;3;1;0;flex;6;0.5;1
48;14;Ind28;0416D4DB39;NA;3;1;0;flex;2;0.5;1
48;14;Ind28;0416D4DB39;NA;3;1;0;flex;9;0.5;1
48;14;Ind29;041769242A;NA;3;1;0;flex;11;0.5;1
48;14;Ind29;041769242A;NA;3;1;0;flex;4;0.5;1
48;14;Ind30;041769213E;NA;3;1;0;flex;1;0.5;1
48;14;Ind30;041769213E;NA;3;1;0;flex;7;0.5;1
48;14;Ind31;0417690165;NA;3;1;0;flex;6;0.5;1
48;14;Ind31;0417690165;NA;3;1;0;flex;11;0.5;1
48;14;Ind32;0417690156;NA;3;1;1;flex;9;0.5;1
48;14;Ind32;0417690156;NA;3;1;1;flex;3;0.5;1
48;14;Ind33;04176926F9;NA;3;1;0;flex;5;0.5;1
48;14;Ind33;04176926F9;NA;3;1;0;flex;12;0.5;1
48;14;Ind34;04176929BD;NA;3;1;0;flex;7;0.5;1
48;14;Ind34;04176929BD;NA;3;1;0;flex;2;0.5;1
48;14;Ind35;04176936A2;NA;3;1;0;flex;4;0.5;1
48;14;Ind35;04176936A2;NA;3;1;0;flex;10;0.5;1
48;14;Ind36;0417692639;NA;3;1;0;flex;8;0.5;1
48;14;Ind36;0417692639;NA;3;1;0;flex;1;0.5;1
48;14;Ind25;041769291F;NA;3;1;0;flex;1;0.5;2
48;14;Ind25;041769291F;NA;3;1;0;flex;7;0.5;2
48;14;Ind26;0417692F2C;NA;3;1;0;flex;10;0.5;2
48;14;Ind26;0417692F2C;NA;3;1;0;flex;5;0.5;2
48;14;Ind27;041768F306;NA;3;1;0;flex;3;0.5;2
48;14;Ind27;041768F306;NA;3;1;0;flex;8;0.5;2
48;14;Ind28;0416D4DB39;NA;3;1;0;flex;12;0.5;2
48;14;Ind28;0416D4DB39;NA;3;1;0;flex;6;0.5;2
48;14;Ind29;041769242A;NA;3;1;0;flex;2;0.5;2
48;14;Ind29;041769242A;NA;3;1;0;flex;9;0.5;2
48;14;Ind30;041769213E;NA;3;1;0;flex;11;0.5;2
48;14;Ind30;041769213E;NA;3;1;0;flex;4;0.5;2
48;14;Ind31;0417690165;NA;3;1;0;flex;8;0.5;2
48;14;Ind31;0417690165;NA;3;1;0;flex;1;0.5;2
48;14;Ind32;0417690156;NA;3;1;0;flex;6;0.5;2
48;14;Ind32;0417690156;NA;3;1;0;flex;11;0.5;2
48;14;Ind33;04176926F9;NA;3;1;0;flex;9;0.5;2
48;14;Ind33;04176926F9;NA;3;1;0;flex;3;0.5;2
48;14;Ind34;04176929BD;NA;3;1;0;flex;5;0.5;2
48;14;Ind34;04176929BD;NA;3;1;0;flex;12;0.5;2
48;14;Ind35;04176936A2;NA;3;1;0;flex;7;0.5;2
48;14;Ind35;04176936A2;NA;3;1;0;flex;2;0.5;2
48;14;Ind36;0417692639;NA;3;1;0;flex;4;0.5;2
48;14;Ind36;0417692639;NA;3;1;0;flex;10;0.5;2
49;15;Ind25;041769291F;NA;3;1;0;flex;11;0.5;1
49;15;Ind25;041769291F;NA;3;1;0;flex;4;0.5;1
49;15;Ind26;0417692F2C;NA;3;1;0;flex;1;0.5;1
49;15;Ind26;0417692F2C;NA;3;1;0;flex;7;0.5;1
49;15;Ind27;041768F306;NA;3;1;0;flex;10;0.5;1
49;15;Ind27;041768F306;NA;3;1;0;flex;5;0.5;1
49;15;Ind28;0416D4DB39;NA;3;1;0;flex;3;0.5;1
49;15;Ind28;0416D4DB39;NA;3;1;0;flex;8;0.5;1
49;15;Ind29;041769242A;NA;3;1;0;flex;12;0.5;1
49;15;Ind29;041769242A;NA;3;1;0;flex;6;0.5;1
49;15;Ind30;041769213E;NA;3;1;0;flex;2;0.5;1
49;15;Ind30;041769213E;NA;3;1;0;flex;9;0.5;1
49;15;Ind31;0417690165;NA;3;1;0;flex;4;0.5;1
49;15;Ind31;0417690165;NA;3;1;0;flex;10;0.5;1
49;15;Ind32;0417690156;NA;3;1;0;flex;8;0.5;1
49;15;Ind32;0417690156;NA;3;1;0;flex;1;0.5;1
49;15;Ind33;04176926F9;NA;3;1;0;flex;6;0.5;1
49;15;Ind33;04176926F9;NA;3;1;0;flex;11;0.5;1
49;15;Ind34;04176929BD;NA;3;1;0;flex;9;0.5;1
49;15;Ind34;04176929BD;NA;3;1;0;flex;3;0.5;1
49;15;Ind35;04176936A2;NA;3;1;0;flex;5;0.5;1
49;15;Ind35;04176936A2;NA;3;1;0;flex;12;0.5;1
49;15;Ind36;0417692639;NA;3;1;0;flex;7;0.5;1
49;15;Ind36;0417692639;NA;3;1;0;flex;2;0.5;1
49;15;Ind25;041769291F;NA;3;1;0;flex;2;0.5;2
49;15;Ind25;041769291F;NA;3;1;0;flex;9;0.5;2
49;15;Ind26;0417692F2C;NA;3;1;0;flex;11;0.5;2
49;15;Ind26;0417692F2C;NA;3;1;0;flex;4;0.5;2
49;15;Ind27;041768F306;NA;3;1;0;flex;1;0.5;2
49;15;Ind27;041768F306;NA;3;1;0;flex;7;0.5;2
49;15;Ind28;0416D4DB39;NA;3;1;0;flex;10;0.5;2
49;15;Ind28;0416D4DB39;NA;3;1;0;flex;5;0.5;2
49;15;Ind29;041769242A;NA;3;1;0;flex;3;0.5;2
49;15;Ind29;041769242A;NA;3;1;0;flex;8;0.5;2
49;15;Ind30;041769213E;NA;3;1;0;flex;12;0.5;2
49;15;Ind30;041769213E;NA;3;1;0;flex;6;0.5;2
49;15;Ind31;0417690165;NA;3;1;0;flex;7;0.5;2
49;15;Ind31;0417690165;NA;3;1;0;flex;2;0.5;2
49;15;Ind32;0417690156;NA;3;1;0;flex;4;0.5;2
49;15;Ind32;0417690156;NA;3;1;0;flex;10;0.5;2
49;15;Ind33;04176926F9;NA;3;1;0;flex;8;0.5;2
49;15;Ind33;04176926F9;NA;3;1;0;flex;1;0.5;2
49;15;Ind34;04176929BD;NA;3;1;0;flex;6;0.5;2
49;15;Ind34;04176929BD;NA;3;1;0;flex;11;0.5;2
49;15;Ind35;04176936A2;NA;3;1;0;flex;9;0.5;2
49;15;Ind35;04176936A2;NA;3;1;0;flex;3;0.5;2
49;15;Ind36;0417692639;NA;3;1;0;flex;5;0.5;2
49;15;Ind36;0417692639;NA;3;1;0;flex;12;0.5;2
50;16;Ind25;041769291F;NA;3;1;0;flex;12;0.5;1
50;16;Ind25;041769291F;NA;3;1;0;flex;6;0.5;1
50;16;Ind26;0417692F2C;NA;3;1;0;flex;2;0.5;1
50;16;Ind26;0417692F2C;NA;3;1;0;flex;9;0.5;1
50;16;Ind27;041768F306;NA;3;1;0;flex;11;0.5;1
50;16;Ind27;041768F306;NA;3;1;0;flex;4;0.5;1
50;16;Ind28;0416D4DB39;NA;3;1;0;flex;1;0.5;1
50;16;Ind28;0416D4DB39;NA;3;1;0;flex;7;0.5;1
50;16;Ind29;041769242A;NA;3;1;0;flex;10;0.5;1
50;16;Ind29;041769242A;NA;3;1;0;flex;5;0.5;1
50;16;Ind30;041769213E;NA;3;1;0;flex;3;0.5;1
50;16;Ind30;041769213E;NA;3;1;0;flex;8;0.5;1
50;16;Ind31;0417690165;NA;3;1;0;flex;5;0.5;1
50;16;Ind31;0417690165;NA;3;1;0;flex;12;0.5;1
50;16;Ind32;0417690156;NA;3;1;0;flex;7;0.5;1
50;16;Ind32;0417690156;NA;3;1;0;flex;2;0.5;1
50;16;Ind33;04176926F9;NA;3;1;0;flex;4;0.5;1
50;16;Ind33;04176926F9;NA;3;1;0;flex;10;0.5;1
50;16;Ind34;04176929BD;NA;3;1;0;flex;8;0.5;1
50;16;Ind34;04176929BD;NA;3;1;0;flex;1;0.5;1
50;16;Ind35;04176936A2;NA;3;1;0;flex;6;0.5;1
50;16;Ind35;04176936A2;NA;3;1;0;flex;11;0.5;1
50;16;Ind36;0417692639;NA;3;1;0;flex;9;0.5;1
50;16;Ind36;0417692639;NA;3;1;0;flex;3;0.5;1
50;16;Ind25;041769291F;NA;3;1;0;flex;3;0.5;2
50;16;Ind25;041769291F;NA;3;1;0;flex;8;0.5;2
50;16;Ind26;0417692F2C;NA;3;1;0;flex;12;0.5;2
50;16;Ind26;0417692F2C;NA;3;1;0;flex;6;0.5;2
50;16;Ind27;041768F306;NA;3;1;0;flex;2;0.5;2
50;16;Ind27;041768F306;NA;3;1;0;flex;9;0.5;2
50;16;Ind28;0416D4DB39;NA;3;1;0;flex;11;0.5;2
50;16;Ind28;0416D4DB39;NA;3;1;0;flex;4;0.5;2
50;16;Ind29;041769242A;NA;3;1;0;flex;1;0.5;2
50;16;Ind29;041769242A;NA;3;1;0;flex;7;0.5;2
50;16;Ind30;041769213E;NA;3;1;0;flex;10;0.5;2
50;16;Ind30;041769213E;NA;3;1;0;flex;5;0.5;2
50;16;Ind31;0417690165;NA;3;1;0;flex;9;0.5;2
50;16;Ind31;0417690165;NA;3;1;0;flex;3;0.5;2
50;16;Ind32;0417690156;NA;3;1;0;flex;5;0.5;2
50;16;Ind32;0417690156;NA;3;1;0;flex;12;0.5;2
50;16;Ind33;04176926F9;NA;3;1;0;flex;7;0.5;2
50;16;Ind33;04176926F9;NA;3;1;0;flex;2;0.5;2
50;16;Ind34;04176929BD;NA;3;1;0;flex;4;0.5;2
50;16;Ind34;04176929BD;NA;3;1;0;flex;10;0.5;2
50;16;Ind35;04176936A2;NA;3;1;0;flex;8;0.5;2
50;16;Ind35;04176936A2;NA;3;1;0;flex;1;0.5;2
50;16;Ind36;0417692639;NA;3;1;0;flex;6;0.5;2
50;16;Ind36;0417692639;NA;3;1;0;flex;11;0.5;2
51;17;Ind25;041769291F;NA;3;1;0;flex;4;0.5;1
51;17;Ind25;041769291F;NA;3;1;0;flex;10;0.5;1
51;17;Ind26;0417692F2C;NA;3;1;0;flex;8;0.5;1
51;17;Ind26;0417692F2C;NA;3;1;0;flex;1;0.5;1
51;17;Ind27;041768F306;NA;3;1;0;flex;6;0.5;1
51;17;Ind27;041768F306;NA;3;1;0;flex;11;0.5;1
51;17;Ind28;0416D4DB39;NA;3;1;0;flex;9;0.5;1
51;17;Ind28;0416D4DB39;NA;3;1;0;flex;3;0.5;1
51;17;Ind29;041769242A;NA;3;1;0;flex;5;0.5;1
51;17;Ind29;041769242A;NA;3;1;0;flex;12;0.5;1
51;17;Ind30;041769213E;NA;3;1;0;flex;7;0.5;1
51;17;Ind30;041769213E;NA;3;1;0;flex;2;0.5;1
51;17;Ind31;0417690165;NA;3;1;0;flex;11;0.5;1
51;17;Ind31;0417690165;NA;3;1;0;flex;4;0.5;1
51;17;Ind32;0417690156;NA;3;1;0;flex;1;0.5;1
51;17;Ind32;0417690156;NA;3;1;0;flex;7;0.5;1
51;17;Ind33;04176926F9;NA;3;1;0;flex;10;0.5;1
51;17;Ind33;04176926F9;NA;3;1;0;flex;5;0.5;1
51;17;Ind34;04176929BD;NA;3;1;0;flex;3;0.5;1
51;17;Ind34;04176929BD;NA;3;1;0;flex;8;0.5;1
51;17;Ind35;04176936A2;NA;3;1;0;flex;12;0.5;1
51;17;Ind35;04176936A2;NA;3;1;0;flex;6;0.5;1
51;17;Ind36;0417692639;NA;3;1;0;flex;2;0.5;1
51;17;Ind36;0417692639;NA;3;1;0;flex;9;0.5;1
51;17;Ind25;041769291F;NA;3;1;0;flex;7;0.5;2
51;17;Ind25;041769291F;NA;3;1;0;flex;2;0.5;2
51;17;Ind26;0417692F2C;NA;3;1;0;flex;4;0.5;2
51;17;Ind26;0417692F2C;NA;3;1;0;flex;10;0.5;2
51;17;Ind27;041768F306;NA;3;1;0;flex;8;0.5;2
51;17;Ind27;041768F306;NA;3;1;0;flex;1;0.5;2
51;17;Ind28;0416D4DB39;NA;3;1;0;flex;6;0.5;2
51;17;Ind28;0416D4DB39;NA;3;1;0;flex;11;0.5;2
51;17;Ind29;041769242A;NA;3;1;0;flex;9;0.5;2
51;17;Ind29;041769242A;NA;3;1;0;flex;3;0.5;2
51;17;Ind30;041769213E;NA;3;1;0;flex;5;0.5;2
51;17;Ind30;041769213E;NA;3;1;0;flex;12;0.5;2
51;17;Ind31;0417690165;NA;3;1;0;flex;2;0.5;2
51;17;Ind31;0417690165;NA;3;1;0;flex;9;0.5;2
51;17;Ind32;0417690156;NA;3;1;0;flex;11;0.5;2
51;17;Ind32;0417690156;NA;3;1;0;flex;4;0.5;2
51;17;Ind33;04176926F9;NA;3;1;0;flex;1;0.5;2
51;17;Ind33;04176926F9;NA;3;1;0;flex;7;0.5;2
51;17;Ind34;04176929BD;NA;3;1;0;flex;10;0.5;2
51;17;Ind34;04176929BD;NA;3;1;0;flex;5;0.5;2
51;17;Ind35;04176936A2;NA;3;1;0;flex;3;0.5;2
51;17;Ind35;04176936A2;NA;3;1;0;flex;8;0.5;2
51;17;Ind36;0417692639;NA;3;1;0;flex;12;0.5;2
51;17;Ind36;0417692639;NA;3;1;0;flex;6;0.5;2
52;1;Ind37;0417692438;8.968;4;2;0;train;3;0.5;1
52;1;Ind37;0417692438;8.968;4;2;0;train;8;0.5;1
52;1;Ind38;0417692BD1;8.397;4;2;0;train;12;0.5;1
52;1;Ind38;0417692BD1;8.397;4;2;0;train;6;0.5;1
52;1;Ind39;041769237E;8.315;4;2;0;train;2;0.5;1
52;1;Ind39;041769237E;8.315;4;2;0;train;9;0.5;1
52;1;Ind40;0417690651;7.871;4;2;0;train;11;0.5;1
52;1;Ind40;0417690651;7.871;4;2;0;train;4;0.5;1
52;1;Ind41;0417692204;10.044;4;2;0;train;1;0.5;1
52;1;Ind41;0417692204;10.044;4;2;0;train;7;0.5;1
52;1;Ind42;0417690156;8.417;4;2;0;train;10;0.5;1
52;1;Ind42;0417690156;8.417;4;2;0;train;5;0.5;1
52;1;Ind43;0417692FD3;9.056;4;2;0;train;9;0.5;1
52;1;Ind43;0417692FD3;9.056;4;2;0;train;3;0.5;1
52;1;Ind44;0417692858;8.258;4;2;0;train;5;0.5;1
52;1;Ind44;0417692858;8.258;4;2;0;train;12;0.5;1
52;1;Ind15;041768FDDF;NA;4;2;0;train;7;0.5;1
52;1;Ind15;041768FDDF;NA;4;2;0;train;2;0.5;1
52;1;Ind18;04176909FE;NA;4;2;0;train;4;0.5;1
52;1;Ind18;04176909FE;NA;4;2;0;train;10;0.5;1
52;1;Ind14;0417691381;NA;4;2;0;train;8;0.5;1
52;1;Ind14;0417691381;NA;4;2;0;train;1;0.5;1
52;1;Ind20;0417690DA2;NA;4;2;0;train;6;0.5;1
52;1;Ind20;0417690DA2;NA;4;2;0;train;11;0.5;1
53;2;Ind37;0417692438;8.887;4;2;0;plast;10;0.5;1
53;2;Ind37;0417692438;8.887;4;2;0;plast;5;0.5;1
53;2;Ind38;04176902CE;8.39;4;2;0;plast;3;0.5;1
53;2;Ind38;04176902CE;8.39;4;2;0;plast;8;0.5;1
53;2;Ind39;041769237E;8.259;4;2;0;plast;12;0.5;1
53;2;Ind39;041769237E;8.259;4;2;0;plast;6;0.5;1
53;2;Ind40;0417690651;7.908;4;2;0;plast;2;0.5;1
53;2;Ind40;0417690651;7.908;4;2;0;plast;9;0.5;1
53;2;Ind41;0417692204;9.949;4;2;0;plast;11;0.5;1
53;2;Ind41;0417692204;9.949;4;2;0;plast;4;0.5;1
53;2;Ind42;0417693576;8.438;4;2;0;plast;1;0.5;1
53;2;Ind42;0417693576;8.438;4;2;0;plast;7;0.5;1
53;2;Ind43;0417692FD3;9.054;4;2;1;plast;6;0.5;1
53;2;Ind43;0417692FD3;9.054;4;2;1;plast;11;0.5;1
53;2;Ind44;0417692858;8.179;4;2;0;plast;9;0.5;1
53;2;Ind44;0417692858;8.179;4;2;0;plast;3;0.5;1
53;2;Ind15;041768FDDF;NA;4;2;0;plast;5;0.5;1
53;2;Ind15;041768FDDF;NA;4;2;0;plast;12;0.5;1
53;2;Ind18;041768F88F;NA;4;2;0;plast;7;0.5;1
53;2;Ind18;041768F88F;NA;4;2;0;plast;2;0.5;1
53;2;Ind14;0417691381;NA;4;2;0;plast;4;0.5;1
53;2;Ind14;0417691381;NA;4;2;0;plast;10;0.5;1
53;2;Ind20;0417690DA2;NA;4;2;0;plast;8;0.5;1
53;2;Ind20;0417690DA2;NA;4;2;0;plast;1;0.5;1
54;3;Ind37;0417692438;8.802;4;2;0;plast;1;0.5;1
54;3;Ind37;0417692438;8.802;4;2;0;plast;7;0.5;1
54;3;Ind38;04176902CE;8.381;4;2;0;plast;10;0.5;1
54;3;Ind38;04176902CE;8.381;4;2;0;plast;5;0.5;1
54;3;Ind39;041769237E;8.243;4;2;0;plast;3;0.5;1
54;3;Ind39;041769237E;8.243;4;2;0;plast;8;0.5;1
54;3;Ind40;0417690651;7.687;4;2;0;plast;12;0.5;1
54;3;Ind40;0417690651;7.687;4;2;0;plast;6;0.5;1
54;3;Ind41;0417692204;9.634;4;2;0;plast;2;0.5;1
54;3;Ind41;0417692204;9.634;4;2;0;plast;9;0.5;1
54;3;Ind42;0417693576;8.301;4;2;0;plast;11;0.5;1
54;3;Ind42;0417693576;8.301;4;2;0;plast;4;0.5;1
54;3;Ind43;0417692FD3;9.015;4;2;0;plast;8;0.5;1
54;3;Ind43;0417692FD3;9.015;4;2;0;plast;1;0.5;1
54;3;Ind44;04176917C6;8.06;4;2;0;plast;6;0.5;1
54;3;Ind44;04176917C6;8.06;4;2;0;plast;11;0.5;1
54;3;Ind15;041768FDDF;NA;4;2;0;plast;9;0.5;1
54;3;Ind15;041768FDDF;NA;4;2;0;plast;3;0.5;1
54;3;Ind18;041768F88F;NA;4;2;0;plast;5;0.5;1
54;3;Ind18;041768F88F;NA;4;2;0;plast;12;0.5;1
54;3;Ind14;0417691381;NA;4;2;0;plast;7;0.5;1
54;3;Ind14;0417691381;NA;4;2;0;plast;2;0.5;1
54;3;Ind20;0417690DA2;NA;4;2;0;plast;4;0.5;1
54;3;Ind20;0417690DA2;NA;4;2;0;plast;10;0.5;1
55;4;Ind37;0417692438;8.766;4;2;0;plast;11;0.5;1
55;4;Ind37;0417692438;8.766;4;2;0;plast;4;0.5;1
55;4;Ind38;04176902CE;8.283;4;2;0;plast;1;0.5;1
55;4;Ind38;04176902CE;8.283;4;2;0;plast;7;0.5;1
55;4;Ind39;041769237E;8.16;4;2;0;plast;10;0.5;1
55;4;Ind39;041769237E;8.16;4;2;0;plast;5;0.5;1
55;4;Ind40;0417690651;7.637;4;2;0;plast;3;0.5;1
55;4;Ind40;0417690651;7.637;4;2;0;plast;8;0.5;1
55;4;Ind41;0417692204;9.479;4;2;0;plast;12;0.5;1
55;4;Ind41;0417692204;9.479;4;2;0;plast;6;0.5;1
55;4;Ind42;0417693576;8.187;4;2;0;plast;2;0.5;1
55;4;Ind42;0417693576;8.187;4;2;0;plast;9;0.5;1
55;4;Ind43;0417692FD3;8.938;4;2;0;plast;4;0.5;1
55;4;Ind43;0417692FD3;8.938;4;2;0;plast;10;0.5;1
55;4;Ind44;04176917C6;8.035;4;2;0;plast;8;0.5;1
55;4;Ind44;04176917C6;8.035;4;2;0;plast;1;0.5;1
55;4;Ind15;041768FDDF;NA;4;2;0;plast;6;0.5;1
55;4;Ind15;041768FDDF;NA;4;2;0;plast;11;0.5;1
55;4;Ind18;041768F88F;NA;4;2;0;plast;9;0.5;1
55;4;Ind18;041768F88F;NA;4;2;0;plast;3;0.5;1
55;4;Ind14;0417691381;NA;4;2;0;plast;5;0.5;1
55;4;Ind14;0417691381;NA;4;2;0;plast;12;0.5;1
55;4;Ind20;0417690DA2;NA;4;2;0;plast;7;0.5;1
55;4;Ind20;0417690DA2;NA;4;2;0;plast;2;0.5;1
56;5;Ind37;0417692438;8.671;4;2;0;plast;2;0.5;1
56;5;Ind37;0417692438;8.671;4;2;0;plast;9;0.5;1
56;5;Ind38;04176902CE;8.223;4;2;0;plast;11;0.5;1
56;5;Ind38;04176902CE;8.223;4;2;0;plast;4;0.5;1
56;5;Ind39;041769237E;7.851;4;2;1;plast;1;0.5;1
56;5;Ind39;041769237E;7.851;4;2;1;plast;7;0.5;1
56;5;Ind40;0417690651;7.363;4;2;1;plast;10;0.5;1
56;5;Ind40;0417690651;7.363;4;2;1;plast;5;0.5;1
56;5;Ind41;0417692204;9.302;4;2;0;plast;3;0.5;1
56;5;Ind41;0417692204;9.302;4;2;0;plast;8;0.5;1
56;5;Ind42;0417693576;8.13;4;2;0;plast;12;0.5;1
56;5;Ind42;0417693576;8.13;4;2;0;plast;6;0.5;1
56;5;Ind43;0417692FD3;8.82;4;2;1;plast;7;0.5;1
56;5;Ind43;0417692FD3;8.82;4;2;1;plast;2;0.5;1
56;5;Ind44;04176917C6;7.823;4;2;0;plast;4;0.5;1
56;5;Ind44;04176917C6;7.823;4;2;0;plast;10;0.5;1
56;5;Ind15;041768FDDF;NA;4;2;0;plast;8;0.5;1
56;5;Ind15;041768FDDF;NA;4;2;0;plast;1;0.5;1
56;5;Ind18;0417690654;NA;4;2;1;plast;6;0.5;1
56;5;Ind18;0417690654;NA;4;2;1;plast;11;0.5;1
56;5;Ind14;0417691381;NA;4;2;0;plast;9;0.5;1
56;5;Ind14;0417691381;NA;4;2;0;plast;3;0.5;1
56;5;Ind20;0417690DA2;NA;4;2;0;plast;5;0.5;1
56;5;Ind20;0417690DA2;NA;4;2;0;plast;12;0.5;1
57;6;Ind37;04176933A2;8.925;4;2;0;plast;12;0.3;1
57;6;Ind37;04176933A2;8.925;4;2;0;plast;6;0.3;1
57;6;Ind38;04176902CE;8.366;4;2;0;plast;2;0.3;1
57;6;Ind38;04176902CE;8.366;4;2;0;plast;9;0.3;1
57;6;Ind39;04176924F3;8.24;4;2;0;plast;11;0.3;1
57;6;Ind39;04176924F3;8.24;4;2;0;plast;4;0.3;1
57;6;Ind40;0417690651;7.827;4;2;0;plast;1;0.3;1
57;6;Ind40;0417690651;7.827;4;2;0;plast;7;0.3;1
57;6;Ind41;0417692204;9.827;4;2;0;plast;10;0.3;1
57;6;Ind41;0417692204;9.827;4;2;0;plast;5;0.3;1
57;6;Ind42;0417693576;8.23;4;2;0;plast;3;0.3;1
57;6;Ind42;0417693576;8.23;4;2;0;plast;8;0.3;1
57;6;Ind43;0417692FD3;8.991;4;2;0;plast;5;0.83;1
57;6;Ind43;0417692FD3;8.991;4;2;0;plast;12;0.83;1
57;6;Ind44;04176917C6;8.239;4;2;0;plast;7;0.83;1
57;6;Ind44;04176917C6;8.239;4;2;0;plast;2;0.83;1
57;6;Ind15;04162DE022;NA;4;2;0;plast;4;0.83;1
57;6;Ind15;04162DE022;NA;4;2;0;plast;10;0.83;1
57;6;Ind18;0417690654;NA;4;2;0;plast;8;0.83;1
57;6;Ind18;0417690654;NA;4;2;0;plast;1;0.83;1
57;6;Ind14;0417691381;NA;4;2;0;plast;6;0.83;1
57;6;Ind14;0417691381;NA;4;2;0;plast;11;0.83;1
57;6;Ind20;0417690DA2;NA;4;2;0;plast;9;0.83;1
57;6;Ind20;0417690DA2;NA;4;2;0;plast;3;0.83;1
58;7;Ind37;04176933A2;8.816;4;2;0;plast;9;0.3;1
58;7;Ind37;04176933A2;8.816;4;2;0;plast;3;0.3;1
58;7;Ind38;04176902CE;8.373;4;2;0;plast;5;0.3;1
58;7;Ind38;04176902CE;8.373;4;2;0;plast;12;0.3;1
58;7;Ind39;04176924F3;8.003;4;2;1;plast;7;0.3;1
58;7;Ind39;04176924F3;8.003;4;2;1;plast;2;0.3;1
58;7;Ind40;0417690651;7.773;4;2;0;plast;4;0.3;1
58;7;Ind40;0417690651;7.773;4;2;0;plast;10;0.3;1
58;7;Ind41;0417692204;9.746;4;2;0;plast;8;0.3;1
58;7;Ind41;0417692204;9.746;4;2;0;plast;1;0.3;1
58;7;Ind42;0417693576;8.309;4;2;0;plast;6;0.3;1
58;7;Ind42;0417693576;8.309;4;2;0;plast;11;0.3;1
58;7;Ind43;0417692FD3;9.054;4;2;0;plast;3;0.83;1
58;7;Ind43;0417692FD3;9.054;4;2;0;plast;8;0.83;1
58;7;Ind44;04176917C6;8.049;4;2;0;plast;12;0.83;1
58;7;Ind44;04176917C6;8.049;4;2;0;plast;6;0.83;1
58;7;Ind15;04162DE022;NA;4;2;0;plast;2;0.83;1
58;7;Ind15;04162DE022;NA;4;2;0;plast;9;0.83;1
58;7;Ind18;0417690654;NA;4;2;0;plast;11;0.83;1
58;7;Ind18;0417690654;NA;4;2;0;plast;4;0.83;1
58;7;Ind14;0417691381;NA;4;2;0;plast;1;0.83;1
58;7;Ind14;0417691381;NA;4;2;0;plast;7;0.83;1
58;7;Ind20;0417690DA2;NA;4;2;0;plast;10;0.83;1
58;7;Ind20;0417690DA2;NA;4;2;0;plast;5;0.83;1
59;8;Ind37;04176933A2;8.672;4;2;0;plast;6;0.3;1
59;8;Ind37;04176933A2;8.672;4;2;0;plast;11;0.3;1
59;8;Ind38;04176902CE;8.293;4;2;0;plast;9;0.3;1
59;8;Ind38;04176902CE;8.293;4;2;0;plast;3;0.3;1
59;8;Ind39;04176924F3;7.79;4;2;0;plast;5;0.3;1
59;8;Ind39;04176924F3;7.79;4;2;0;plast;12;0.3;1
59;8;Ind40;0417690651;7.682;4;2;0;plast;7;0.3;1
59;8;Ind40;0417690651;7.682;4;2;0;plast;2;0.3;1
59;8;Ind41;0417692204;9.679;4;2;0;plast;4;0.3;1
59;8;Ind41;0417692204;9.679;4;2;0;plast;10;0.3;1
59;8;Ind42;0417693576;8.29;4;2;0;plast;8;0.3;1
59;8;Ind42;0417693576;8.29;4;2;0;plast;1;0.3;1
59;8;Ind43;0417692FD3;9.121;4;2;0;plast;10;0.83;1
59;8;Ind43;0417692FD3;9.121;4;2;0;plast;5;0.83;1
59;8;Ind44;04176917C6;7.726;4;2;0;plast;3;0.83;1
59;8;Ind44;04176917C6;7.726;4;2;0;plast;8;0.83;1
59;8;Ind15;04162DE022;NA;4;2;0;plast;12;0.83;1
59;8;Ind15;04162DE022;NA;4;2;0;plast;6;0.83;1
59;8;Ind18;0417690654;NA;4;2;0;plast;2;0.83;1
59;8;Ind18;0417690654;NA;4;2;0;plast;9;0.83;1
59;8;Ind14;0417691381;NA;4;2;0;plast;11;0.83;1
59;8;Ind14;0417691381;NA;4;2;0;plast;4;0.83;1
59;8;Ind20;0417690DA2;NA;4;2;0;plast;1;0.83;1
59;8;Ind20;0417690DA2;NA;4;2;0;plast;7;0.83;1
60;9;Ind37;04176933A2;8.395;4;2;0;plast;8;0.3;1
60;9;Ind37;04176933A2;8.395;4;2;0;plast;1;0.3;1
60;9;Ind38;04176902CE;8.155;4;2;0;plast;6;0.3;1
60;9;Ind38;04176902CE;8.155;4;2;0;plast;11;0.3;1
60;9;Ind39;04176924F3;7.62;4;2;0;plast;9;0.3;1
60;9;Ind39;04176924F3;7.62;4;2;0;plast;3;0.3;1
60;9;Ind40;0417690651;7.496;4;2;1;plast;5;0.3;1
60;9;Ind40;0417690651;7.496;4;2;1;plast;12;0.3;1
60;9;Ind41;0417692204;9.713;4;2;0;plast;7;0.3;1
60;9;Ind41;0417692204;9.713;4;2;0;plast;2;0.3;1
60;9;Ind42;0417693576;8.166;4;2;0;plast;4;0.3;1
60;9;Ind42;0417693576;8.166;4;2;0;plast;10;0.3;1
60;9;Ind43;0417692FD3;8.949;4;2;0;plast;1;0.83;1
60;9;Ind43;0417692FD3;8.949;4;2;0;plast;7;0.83;1
60;9;Ind44;04176917C6;7.475;4;2;0;plast;10;0.83;1
60;9;Ind44;04176917C6;7.475;4;2;0;plast;5;0.83;1
60;9;Ind15;04162DE022;NA;4;2;0;plast;3;0.83;1
60;9;Ind15;04162DE022;NA;4;2;0;plast;8;0.83;1
60;9;Ind18;0417690654;NA;4;2;0;plast;12;0.83;1
60;9;Ind18;0417690654;NA;4;2;0;plast;6;0.83;1
60;9;Ind14;0417691381;NA;4;2;0;plast;2;0.83;1
60;9;Ind14;0417691381;NA;4;2;0;plast;9;0.83;1
60;9;Ind20;0417690DA2;NA;4;2;0;plast;11;0.83;1
60;9;Ind20;0417690DA2;NA;4;2;0;plast;4;0.83;1
61;10;Ind37;04176933A2;8.781;4;2;0;plast;4;0.83;1
61;10;Ind37;04176933A2;8.781;4;2;0;plast;10;0.83;1
61;10;Ind38;04176902CE;8.289;4;2;0;plast;8;0.83;1
61;10;Ind38;04176902CE;8.289;4;2;0;plast;1;0.83;1
61;10;Ind39;04176924F3;7.772;4;2;1;plast;6;0.83;1
61;10;Ind39;04176924F3;7.772;4;2;1;plast;11;0.83;1
61;10;Ind40;0417690651;7.898;4;2;0;plast;9;0.83;1
61;10;Ind40;0417690651;7.898;4;2;0;plast;3;0.83;1
61;10;Ind41;0417692204;10.018;4;2;0;plast;5;0.83;1
61;10;Ind41;0417692204;10.018;4;2;0;plast;12;0.83;1
61;10;Ind42;0417693576;8.519;4;2;0;plast;7;0.83;1
61;10;Ind42;0417693576;8.519;4;2;0;plast;2;0.83;1
61;10;Ind43;0417692858;8.958;4;2;0;plast;11;0.3;1
61;10;Ind43;0417692858;8.958;4;2;0;plast;4;0.3;1
61;10;Ind44;04176917C6;7.803;4;2;0;plast;1;0.3;1
61;10;Ind44;04176917C6;7.803;4;2;0;plast;7;0.3;1
61;10;Ind15;04162DE022;NA;4;2;0;plast;10;0.3;1
61;10;Ind15;04162DE022;NA;4;2;0;plast;5;0.3;1
61;10;Ind18;0417690654;NA;4;2;0;plast;3;0.3;1
61;10;Ind18;0417690654;NA;4;2;0;plast;8;0.3;1
61;10;Ind14;0417691381;NA;4;2;0;plast;12;0.3;1
61;10;Ind14;0417691381;NA;4;2;0;plast;6;0.3;1
61;10;Ind20;0417690DA2;NA;4;2;0;plast;2;0.3;1
61;10;Ind20;0417690DA2;NA;4;2;0;plast;9;0.3;1
62;11;Ind37;0417692591;8.515;4;2;>00:35;plast;7;0.83;1
62;11;Ind37;0417692591;8.515;4;2;>00:35;plast;2;0.83;1
62;11;Ind38;04176902CE;8.162;4;2;0;plast;4;0.83;1
62;11;Ind38;04176902CE;8.162;4;2;0;plast;10;0.83;1
62;11;Ind39;04176924F3;7.481;4;2;0;plast;8;0.83;1
62;11;Ind39;04176924F3;7.481;4;2;0;plast;1;0.83;1
62;11;Ind40;0417690651;7.691;4;2;0;plast;6;0.83;1
62;11;Ind40;0417690651;7.691;4;2;0;plast;11;0.83;1
62;11;Ind41;0417692204;9.678;4;2;0;plast;9;0.83;1
62;11;Ind41;0417692204;9.678;4;2;0;plast;3;0.83;1
62;11;Ind42;0417693576;8.383;4;2;0;plast;5;0.83;1
62;11;Ind42;0417693576;8.383;4;2;0;plast;12;0.83;1
62;11;Ind43;0417692858;8.927;4;2;0;plast;2;0.3;1
62;11;Ind43;0417692858;8.927;4;2;0;plast;9;0.3;1
62;11;Ind44;04176917C6;7.654;4;2;0;plast;11;0.3;1
62;11;Ind44;04176917C6;7.654;4;2;0;plast;4;0.3;1
62;11;Ind15;04162DE022;NA;4;2;0;plast;1;0.3;1
62;11;Ind15;04162DE022;NA;4;2;0;plast;7;0.3;1
62;11;Ind18;0417690654;NA;4;2;0;plast;10;0.3;1
62;11;Ind18;0417690654;NA;4;2;0;plast;5;0.3;1
62;11;Ind14;0417691381;NA;4;2;0;plast;3;0.3;1
62;11;Ind14;0417691381;NA;4;2;0;plast;8;0.3;1
62;11;Ind20;0417690DA2;NA;4;2;0;plast;12;0.3;1
62;11;Ind20;0417690DA2;NA;4;2;0;plast;6;0.3;1
63;12;Ind37;0417692591;8.268;4;2;0;plast;5;0.83;1
63;12;Ind37;0417692591;8.268;4;2;0;plast;12;0.83;1
63;12;Ind38;04176902CE;8.015;4;2;0;plast;7;0.83;1
63;12;Ind38;04176902CE;8.015;4;2;0;plast;2;0.83;1
63;12;Ind39;04176924F3;7.422;4;2;0;plast;4;0.83;1
63;12;Ind39;04176924F3;7.422;4;2;0;plast;10;0.83;1
63;12;Ind40;0417690651;7.559;4;2;0;plast;8;0.83;1
63;12;Ind40;0417690651;7.559;4;2;0;plast;1;0.83;1
63;12;Ind41;0417692204;9.513;4;2;0;plast;6;0.83;1
63;12;Ind41;0417692204;9.513;4;2;0;plast;11;0.83;1
63;12;Ind42;0417693576;8.177;4;2;0;plast;9;0.83;1
63;12;Ind42;0417693576;8.177;4;2;0;plast;3;0.83;1
63;12;Ind43;0417692858;8.782;4;2;0;plast;12;0.3;1
63;12;Ind43;0417692858;8.782;4;2;0;plast;6;0.3;1
63;12;Ind44;04176917C6;7.307;4;2;0;plast;2;0.3;1
63;12;Ind44;04176917C6;7.307;4;2;0;plast;9;0.3;1
63;12;Ind15;04162DE022;NA;4;2;0;plast;11;0.3;1
63;12;Ind15;04162DE022;NA;4;2;0;plast;4;0.3;1
63;12;Ind18;0417690654;NA;4;2;0;plast;1;0.3;1
63;12;Ind18;0417690654;NA;4;2;0;plast;7;0.3;1
63;12;Ind14;0417691381;NA;4;2;0;plast;10;0.3;1
63;12;Ind14;0417691381;NA;4;2;0;plast;5;0.3;1
63;12;Ind20;0417690DA2;NA;4;2;0;plast;3;0.3;1
63;12;Ind20;0417690DA2;NA;4;2;0;plast;8;0.3;1
64;13;Ind37;0417692591;8.326;4;2;0;plast;3;0.83;1
64;13;Ind37;0417692591;8.326;4;2;0;plast;8;0.83;1
64;13;Ind38;04176902CE;7.831;4;2;0;plast;12;0.83;1
64;13;Ind38;04176902CE;7.831;4;2;0;plast;6;0.83;1
64;13;Ind39;04176924F3;7.209;4;2;1;plast;2;0.83;1
64;13;Ind39;04176924F3;7.209;4;2;1;plast;9;0.83;1
64;13;Ind40;0417690651;7.319;4;2;0;plast;11;0.83;1
64;13;Ind40;0417690651;7.319;4;2;0;plast;4;0.83;1
64;13;Ind41;0417692204;9.422;4;2;0;plast;1;0.83;1
64;13;Ind41;0417692204;9.422;4;2;0;plast;7;0.83;1
64;13;Ind42;0417693576;8.091;4;2;0;plast;10;0.83;1
64;13;Ind42;0417693576;8.091;4;2;0;plast;5;0.83;1
64;13;Ind43;0417692858;8.68;4;2;0;plast;9;0.3;1
64;13;Ind43;0417692858;8.68;4;2;0;plast;3;0.3;1
64;13;Ind44;04176917C6;7.064;4;2;1;plast;5;0.3;1
64;13;Ind44;04176917C6;7.064;4;2;1;plast;12;0.3;1
64;13;Ind15;04162DE022;NA;4;2;0;plast;7;0.3;1
64;13;Ind15;04162DE022;NA;4;2;0;plast;2;0.3;1
64;13;Ind18;0417690654;NA;4;2;0;plast;4;0.3;1
64;13;Ind18;0417690654;NA;4;2;0;plast;10;0.3;1
64;13;Ind14;0417691381;NA;4;2;0;plast;8;0.3;1
64;13;Ind14;0417691381;NA;4;2;0;plast;1;0.3;1
64;13;Ind20;0417690DA2;NA;4;2;0;plast;6;0.3;1
64;13;Ind20;0417690DA2;NA;4;2;0;plast;11;0.3;1
65;14;Ind37;0417692591;NA;4;2;0;flex;10;0.5;1
65;14;Ind37;0417692591;NA;4;2;0;flex;5;0.5;1
65;14;Ind38;04176902CE;NA;4;2;0;flex;3;0.5;1
65;14;Ind38;04176902CE;NA;4;2;0;flex;8;0.5;1
65;14;Ind39;04176924F3;NA;4;2;0;flex;12;0.5;1
65;14;Ind39;04176924F3;NA;4;2;0;flex;6;0.5;1
65;14;Ind40;0417690651;NA;4;2;0;flex;2;0.5;1
65;14;Ind40;0417690651;NA;4;2;0;flex;9;0.5;1
65;14;Ind41;0417692204;NA;4;2;0;flex;11;0.5;1
65;14;Ind41;0417692204;NA;4;2;0;flex;4;0.5;1
65;14;Ind42;0417693576;NA;4;2;0;flex;1;0.5;1
65;14;Ind42;0417693576;NA;4;2;0;flex;7;0.5;1
65;14;Ind43;0417692858;NA;4;2;0;flex;6;0.5;1
65;14;Ind43;0417692858;NA;4;2;0;flex;11;0.5;1
65;14;Ind44;04176917C6;NA;4;2;0;flex;9;0.5;1
65;14;Ind44;04176917C6;NA;4;2;0;flex;3;0.5;1
65;14;Ind15;04162DE022;NA;4;2;0;flex;5;0.5;1
65;14;Ind15;04162DE022;NA;4;2;0;flex;12;0.5;1
65;14;Ind18;0417690654;NA;4;2;0;flex;7;0.5;1
65;14;Ind18;0417690654;NA;4;2;0;flex;2;0.5;1
65;14;Ind14;0417691381;NA;4;2;0;flex;4;0.5;1
65;14;Ind14;0417691381;NA;4;2;0;flex;10;0.5;1
65;14;Ind20;0417690DA2;NA;4;2;0;flex;8;0.5;1
65;14;Ind20;0417690DA2;NA;4;2;0;flex;1;0.5;1
65;14;Ind37;0417692591;NA;4;2;0;flex;1;0.5;2
65;14;Ind37;0417692591;NA;4;2;0;flex;7;0.5;2
65;14;Ind38;04176902CE;NA;4;2;0;flex;10;0.5;2
65;14;Ind38;04176902CE;NA;4;2;0;flex;5;0.5;2
65;14;Ind39;04176924F3;NA;4;2;0;flex;3;0.5;2
65;14;Ind39;04176924F3;NA;4;2;0;flex;8;0.5;2
65;14;Ind40;0417690651;NA;4;2;0;flex;12;0.5;2
65;14;Ind40;0417690651;NA;4;2;0;flex;6;0.5;2
65;14;Ind41;0417692204;NA;4;2;0;flex;2;0.5;2
65;14;Ind41;0417692204;NA;4;2;0;flex;9;0.5;2
65;14;Ind42;0417693576;NA;4;2;0;flex;11;0.5;2
65;14;Ind42;0417693576;NA;4;2;0;flex;4;0.5;2
65;14;Ind43;0417692858;NA;4;2;0;flex;8;0.5;2
65;14;Ind43;0417692858;NA;4;2;0;flex;1;0.5;2
65;14;Ind44;04176917C6;NA;4;2;0;flex;6;0.5;2
65;14;Ind44;04176917C6;NA;4;2;0;flex;11;0.5;2
65;14;Ind15;04162DE022;NA;4;2;0;flex;9;0.5;2
65;14;Ind15;04162DE022;NA;4;2;0;flex;3;0.5;2
65;14;Ind18;0417690654;NA;4;2;0;flex;5;0.5;2
65;14;Ind18;0417690654;NA;4;2;0;flex;12;0.5;2
65;14;Ind14;0417691381;NA;4;2;0;flex;7;0.5;2
65;14;Ind14;0417691381;NA;4;2;0;flex;2;0.5;2
65;14;Ind20;0417690DA2;NA;4;2;0;flex;4;0.5;2
65;14;Ind20;0417690DA2;NA;4;2;0;flex;10;0.5;2
66;15;Ind37;0417692591;NA;4;2;0;flex;11;0.5;1
66;15;Ind37;0417692591;NA;4;2;0;flex;4;0.5;1
66;15;Ind38;04176902CE;NA;4;2;0;flex;1;0.5;1
66;15;Ind38;04176902CE;NA;4;2;0;flex;7;0.5;1
66;15;Ind39;04176924F3;NA;4;2;0;flex;10;0.5;1
66;15;Ind39;04176924F3;NA;4;2;0;flex;5;0.5;1
66;15;Ind40;0417690651;NA;4;2;0;flex;3;0.5;1
66;15;Ind40;0417690651;NA;4;2;0;flex;8;0.5;1
66;15;Ind41;0417692204;NA;4;2;0;flex;12;0.5;1
66;15;Ind41;0417692204;NA;4;2;0;flex;6;0.5;1
66;15;Ind42;0417693576;NA;4;2;0;flex;2;0.5;1
66;15;Ind42;0417693576;NA;4;2;0;flex;9;0.5;1
66;15;Ind43;0417692858;NA;4;2;0;flex;4;0.5;1
66;15;Ind43;0417692858;NA;4;2;0;flex;10;0.5;1
66;15;Ind44;04176917C6;NA;4;2;0;flex;8;0.5;1
66;15;Ind44;04176917C6;NA;4;2;0;flex;1;0.5;1
66;15;Ind15;04162DE022;NA;4;2;0;flex;6;0.5;1
66;15;Ind15;04162DE022;NA;4;2;0;flex;11;0.5;1
66;15;Ind18;0417690654;NA;4;2;0;flex;9;0.5;1
66;15;Ind18;0417690654;NA;4;2;0;flex;3;0.5;1
66;15;Ind14;0417691381;NA;4;2;0;flex;5;0.5;1
66;15;Ind14;0417691381;NA;4;2;0;flex;12;0.5;1
66;15;Ind20;0417690DA2;NA;4;2;0;flex;7;0.5;1
66;15;Ind20;0417690DA2;NA;4;2;0;flex;2;0.5;1
66;15;Ind37;0417692591;NA;4;2;0;flex;2;0.5;2
66;15;Ind37;0417692591;NA;4;2;0;flex;9;0.5;2
66;15;Ind38;04176902CE;NA;4;2;0;flex;11;0.5;2
66;15;Ind38;04176902CE;NA;4;2;0;flex;4;0.5;2
66;15;Ind39;04176924F3;NA;4;2;0;flex;1;0.5;2
66;15;Ind39;04176924F3;NA;4;2;0;flex;7;0.5;2
66;15;Ind40;0417690651;NA;4;2;0;flex;10;0.5;2
66;15;Ind40;0417690651;NA;4;2;0;flex;5;0.5;2
66;15;Ind41;0417692204;NA;4;2;0;flex;3;0.5;2
66;15;Ind41;0417692204;NA;4;2;0;flex;8;0.5;2
66;15;Ind42;0417693576;NA;4;2;0;flex;12;0.5;2
66;15;Ind42;0417693576;NA;4;2;0;flex;6;0.5;2
66;15;Ind43;0417692858;NA;4;2;0;flex;7;0.5;2
66;15;Ind43;0417692858;NA;4;2;0;flex;2;0.5;2
66;15;Ind44;04176917C6;NA;4;2;0;flex;4;0.5;2
66;15;Ind44;04176917C6;NA;4;2;0;flex;10;0.5;2
66;15;Ind15;04162DE022;NA;4;2;0;flex;8;0.5;2
66;15;Ind15;04162DE022;NA;4;2;0;flex;1;0.5;2
66;15;Ind18;0417690654;NA;4;2;0;flex;6;0.5;2
66;15;Ind18;0417690654;NA;4;2;0;flex;11;0.5;2
66;15;Ind14;0417691381;NA;4;2;0;flex;9;0.5;2
66;15;Ind14;0417691381;NA;4;2;0;flex;3;0.5;2
66;15;Ind20;0417690DA2;NA;4;2;0;flex;5;0.5;2
66;15;Ind20;0417690DA2;NA;4;2;0;flex;12;0.5;2
67;16;Ind37;0417692591;NA;4;2;0;flex;12;0.5;1
67;16;Ind37;0417692591;NA;4;2;0;flex;6;0.5;1
67;16;Ind38;04176902CE;NA;4;2;0;flex;2;0.5;1
67;16;Ind38;04176902CE;NA;4;2;0;flex;9;0.5;1
67;16;Ind39;04176924F3;NA;4;2;0;flex;11;0.5;1
67;16;Ind39;04176924F3;NA;4;2;0;flex;4;0.5;1
67;16;Ind40;0417690651;NA;4;2;0;flex;1;0.5;1
67;16;Ind40;0417690651;NA;4;2;0;flex;7;0.5;1
67;16;Ind41;0417692204;NA;4;2;0;flex;10;0.5;1
67;16;Ind41;0417692204;NA;4;2;0;flex;5;0.5;1
67;16;Ind42;0417693576;NA;4;2;0;flex;3;0.5;1
67;16;Ind42;0417693576;NA;4;2;0;flex;8;0.5;1
67;16;Ind43;0417692858;NA;4;2;0;flex;5;0.5;1
67;16;Ind43;0417692858;NA;4;2;0;flex;12;0.5;1
67;16;Ind44;04176917C6;NA;4;2;0;flex;7;0.5;1
67;16;Ind44;04176917C6;NA;4;2;0;flex;2;0.5;1
67;16;Ind15;04162DE022;NA;4;2;0;flex;4;0.5;1
67;16;Ind15;04162DE022;NA;4;2;0;flex;10;0.5;1
67;16;Ind18;0417690654;NA;4;2;0;flex;8;0.5;1
67;16;Ind18;0417690654;NA;4;2;0;flex;1;0.5;1
67;16;Ind14;0417691381;NA;4;2;0;flex;6;0.5;1
67;16;Ind14;0417691381;NA;4;2;0;flex;11;0.5;1
67;16;Ind20;0417690DA2;NA;4;2;0;flex;9;0.5;1
67;16;Ind20;0417690DA2;NA;4;2;0;flex;3;0.5;1
67;16;Ind37;0417692591;NA;4;2;0;flex;3;0.5;2
67;16;Ind37;0417692591;NA;4;2;0;flex;8;0.5;2
67;16;Ind38;04176902CE;NA;4;2;0;flex;12;0.5;2
67;16;Ind38;04176902CE;NA;4;2;0;flex;6;0.5;2
67;16;Ind39;04176924F3;NA;4;2;0;flex;2;0.5;2
67;16;Ind39;04176924F3;NA;4;2;0;flex;9;0.5;2
67;16;Ind40;0417690651;NA;4;2;0;flex;11;0.5;2
67;16;Ind40;0417690651;NA;4;2;0;flex;4;0.5;2
67;16;Ind41;0417692204;NA;4;2;0;flex;1;0.5;2
67;16;Ind41;0417692204;NA;4;2;0;flex;7;0.5;2
67;16;Ind42;0417693576;NA;4;2;0;flex;10;0.5;2
67;16;Ind42;0417693576;NA;4;2;0;flex;5;0.5;2
67;16;Ind43;0417692858;NA;4;2;0;flex;9;0.5;2
67;16;Ind43;0417692858;NA;4;2;0;flex;3;0.5;2
67;16;Ind44;04176917C6;NA;4;2;0;flex;5;0.5;2
67;16;Ind44;04176917C6;NA;4;2;0;flex;12;0.5;2
67;16;Ind15;04162DE022;NA;4;2;0;flex;7;0.5;2
67;16;Ind15;04162DE022;NA;4;2;0;flex;2;0.5;2
67;16;Ind18;0417690654;NA;4;2;0;flex;4;0.5;2
67;16;Ind18;0417690654;NA;4;2;0;flex;10;0.5;2
67;16;Ind14;0417691381;NA;4;2;0;flex;8;0.5;2
67;16;Ind14;0417691381;NA;4;2;0;flex;1;0.5;2
67;16;Ind20;0417690DA2;NA;4;2;0;flex;6;0.5;2
67;16;Ind20;0417690DA2;NA;4;2;0;flex;11;0.5;2
68;17;Ind37;0417692591;NA;4;2;1;flex;4;0.5;1
68;17;Ind37;0417692591;NA;4;2;1;flex;10;0.5;1
68;17;Ind38;04176902CE;NA;4;2;0;flex;8;0.5;1
68;17;Ind38;04176902CE;NA;4;2;0;flex;1;0.5;1
68;17;Ind39;04176924F3;NA;4;2;0;flex;6;0.5;1
68;17;Ind39;04176924F3;NA;4;2;0;flex;11;0.5;1
68;17;Ind40;0417690651;NA;4;2;0;flex;9;0.5;1
68;17;Ind40;0417690651;NA;4;2;0;flex;3;0.5;1
68;17;Ind41;0417692204;NA;4;2;0;flex;5;0.5;1
68;17;Ind41;0417692204;NA;4;2;0;flex;12;0.5;1
68;17;Ind42;0417693576;NA;4;2;1;flex;7;0.5;1
68;17;Ind42;0417693576;NA;4;2;1;flex;2;0.5;1
68;17;Ind43;0417692858;NA;4;2;0;flex;11;0.5;1
68;17;Ind43;0417692858;NA;4;2;0;flex;4;0.5;1
68;17;Ind44;04176917C6;NA;4;2;0;flex;1;0.5;1
68;17;Ind44;04176917C6;NA;4;2;0;flex;7;0.5;1
68;17;Ind15;04162DE022;NA;4;2;0;flex;10;0.5;1
68;17;Ind15;04162DE022;NA;4;2;0;flex;5;0.5;1
68;17;Ind18;0417690654;NA;4;2;0;flex;3;0.5;1
68;17;Ind18;0417690654;NA;4;2;0;flex;8;0.5;1
68;17;Ind14;0417691381;NA;4;2;0;flex;12;0.5;1
68;17;Ind14;0417691381;NA;4;2;0;flex;6;0.5;1
68;17;Ind20;0417690DA2;NA;4;2;0;flex;2;0.5;1
68;17;Ind20;0417690DA2;NA;4;2;0;flex;9;0.5;1
68;17;Ind37;0417692591;NA;4;2;1;flex;7;0.5;2
68;17;Ind37;0417692591;NA;4;2;1;flex;2;0.5;2
68;17;Ind38;04176902CE;NA;4;2;0;flex;4;0.5;2
68;17;Ind38;04176902CE;NA;4;2;0;flex;10;0.5;2
68;17;Ind39;04176924F3;NA;4;2;0;flex;8;0.5;2
68;17;Ind39;04176924F3;NA;4;2;0;flex;1;0.5;2
68;17;Ind40;0417690651;NA;4;2;0;flex;6;0.5;2
68;17;Ind40;0417690651;NA;4;2;0;flex;11;0.5;2
68;17;Ind41;0417692204;NA;4;2;0;flex;9;0.5;2
68;17;Ind41;0417692204;NA;4;2;0;flex;3;0.5;2
68;17;Ind42;0417693576;NA;4;2;1;flex;5;0.5;2
68;17;Ind42;0417693576;NA;4;2;1;flex;12;0.5;2
68;17;Ind43;0417692858;NA;4;2;0;flex;2;0.5;2
68;17;Ind43;0417692858;NA;4;2;0;flex;9;0.5;2
68;17;Ind44;04176917C6;NA;4;2;0;flex;11;0.5;2
68;17;Ind44;04176917C6;NA;4;2;0;flex;4;0.5;2
68;17;Ind15;04162DE022;NA;4;2;0;flex;1;0.5;2
68;17;Ind15;04162DE022;NA;4;2;0;flex;7;0.5;2
68;17;Ind18;0417690654;NA;4;2;0;flex;10;0.5;2
68;17;Ind18;0417690654;NA;4;2;0;flex;5;0.5;2
68;17;Ind14;0417691381;NA;4;2;0;flex;3;0.5;2
68;17;Ind14;0417691381;NA;4;2;0;flex;8;0.5;2
68;17;Ind20;0417690DA2;NA;4;2;0;flex;12;0.5;2
68;17;Ind20;0417690DA2;NA;4;2;0;flex;6;0.5;2
